species,speccode,class,order,family
Acanthurus auranticavus,4748,Teleostei,Acanthuriformes,Acanthuridae
Acanthurus bariene,4307,Teleostei,Acanthuriformes,Acanthuridae
Acanthurus japonicus,23375,Teleostei,Acanthuriformes,Acanthuridae
Acanthurus lineatus,1258,Teleostei,Acanthuriformes,Acanthuridae
Acanthurus mata,1255,Teleostei,Acanthuriformes,Acanthuridae
Acanthurus nigricans,6011,Teleostei,Acanthuriformes,Acanthuridae
Acanthurus nigricauda,4747,Teleostei,Acanthuriformes,Acanthuridae
Acanthurus nigrofuscus,4739,Teleostei,Acanthuriformes,Acanthuridae
Acanthurus olivaceus,4744,Teleostei,Acanthuriformes,Acanthuridae
Acanthurus triostegus,1260,Teleostei,Acanthuriformes,Acanthuridae
Acanthurus xanthopterus,1261,Teleostei,Acanthuriformes,Acanthuridae
Ctenochaetus binotatus,6012,Teleostei,Acanthuriformes,Acanthuridae
Ctenochaetus cyanocheilus,59486,Teleostei,Acanthuriformes,Acanthuridae
Naso brachycentron,6020,Teleostei,Acanthuriformes,Acanthuridae
Naso brevirostris,6021,Teleostei,Acanthuriformes,Acanthuridae
Naso hexacanthus,1263,Teleostei,Acanthuriformes,Acanthuridae
Naso lituratus,1264,Teleostei,Acanthuriformes,Acanthuridae
Naso lopezi,6022,Teleostei,Acanthuriformes,Acanthuridae
Naso thynnoides,6932,Teleostei,Acanthuriformes,Acanthuridae
Naso tonganus,60076,Teleostei,Acanthuriformes,Acanthuridae
Naso unicornis,1265,Teleostei,Acanthuriformes,Acanthuridae
Naso vlamingii,6024,Teleostei,Acanthuriformes,Acanthuridae
Paracanthurus hepatus,6017,Teleostei,Acanthuriformes,Acanthuridae
Zebrasoma scopas,5951,Teleostei,Acanthuriformes,Acanthuridae
Zebrasoma velifer,1266,Teleostei,Acanthuriformes,Acanthuridae
Acropoma japonicum,1267,Teleostei,Acropomatiformes,Acropomatidae
Oryzias javanicus,12254,Teleostei,Beloniformes,Adrianichthyidae
Aetobatus ocellatus,12600,Elasmobranchii,Myliobatiformes,Aetobatidae
Clupisoma sinense,26739,Teleostei,Siluriformes,Ailiidae
Laides hexanema,16147,Teleostei,Siluriformes,Ailiidae
Acrochordonichthys falcifer,58361,Teleostei,Siluriformes,Akysidae
Acrochordonichthys pachyderma,58362,Teleostei,Siluriformes,Akysidae
Acrochordonichthys rugosus,23304,Teleostei,Siluriformes,Akysidae
Acrochordonichthys septentrionalis,58359,Teleostei,Siluriformes,Akysidae
Akysis hendricksoni,26974,Teleostei,Siluriformes,Akysidae
Akysis microps,58042,Teleostei,Siluriformes,Akysidae
Parakysis grandis,27401,Teleostei,Siluriformes,Akysidae
Parakysis longirostris,27402,Teleostei,Siluriformes,Akysidae
Parakysis verrucosus,23313,Teleostei,Siluriformes,Akysidae
Pseudobagarius alfredi,52534,Teleostei,Siluriformes,Akysidae
Albula vulpes,228,Teleostei,Albuliformes,Albulidae
Alopias pelagicus,5891,Elasmobranchii,Lamniformes,Alopiidae
Ambassis ambassis,61467,Teleostei,Ovalentaria/misc,Ambassidae
Ambassis buruensis,11783,Teleostei,Ovalentaria/misc,Ambassidae
Ambassis dussumieri,9899,Teleostei,Ovalentaria/misc,Ambassidae
Ambassis gymnocephalus,4806,Teleostei,Ovalentaria/misc,Ambassidae
Ambassis interrupta,5153,Teleostei,Ovalentaria/misc,Ambassidae
Ambassis miops,9234,Teleostei,Ovalentaria/misc,Ambassidae
Ambassis octava,71233,Teleostei,Ovalentaria/misc,Ambassidae
Ambassis urotaenia,9235,Teleostei,Ovalentaria/misc,Ambassidae
Chanda ranga,10130,Teleostei,Ovalentaria/misc,Ambassidae
Chanda siamensis,16164,Teleostei,Ovalentaria/misc,Ambassidae
Gymnochanda filamentosa,24795,Teleostei,Ovalentaria/misc,Ambassidae
Parambassis apogonoides,24799,Teleostei,Ovalentaria/misc,Ambassidae
Parambassis wolffii,16235,Teleostei,Ovalentaria/misc,Ambassidae
Amblyceps foratum,60061,Teleostei,Siluriformes,Amblycipitidae
Anabas testudineus,495,Teleostei,Anabantiformes,Anabantidae
Anguilla bengalensis,1272,Teleostei,Anguilliformes,Anguillidae
Anguilla bicolor,1274,Teleostei,Anguilliformes,Anguillidae
Anguilla malgumora,5426,Teleostei,Anguilliformes,Anguillidae
Photoblepharon palpebratum,7185,Teleostei,Trachichthyiformes,Anomalopidae
Abantennarius coccineus,5402,Teleostei,Lophiiformes,Antennariidae
Antennarius hispidus,8074,Teleostei,Lophiiformes,Antennariidae
Antennarius striatus,5474,Teleostei,Lophiiformes,Antennariidae
Histrio histrio,3089,Teleostei,Lophiiformes,Antennariidae
Mirolabrichthys pascalus,6934,Teleostei,Perciformes/Serranoidei,Anthiadidae
Plectranthias jothyi,59844,Teleostei,Perciformes/Serranoidei,Anthiadidae
Pseudanthias randalli,6571,Teleostei,Perciformes/Serranoidei,Anthiadidae
Pyronotanthias lori,7456,Teleostei,Perciformes/Serranoidei,Anthiadidae
Pyronotanthias smithvanizi,7460,Teleostei,Perciformes/Serranoidei,Anthiadidae
Sayonara japonica,10577,Teleostei,Perciformes/Serranoidei,Anthiadidae
Apistus carinatus,6383,Teleostei,Perciformes/Scorpaenoidei,Apistidae
Cocotropus echinatus,59074,Teleostei,Perciformes/Scorpaenoidei,Aploactinidae
Aplocheilus panchax,4756,Teleostei,Cyprinodontiformes,Aplocheilidae
Apogon talboti,12906,Teleostei,Kurtiformes,Apogonidae
Apogonichthyoides melas,5749,Teleostei,Kurtiformes,Apogonidae
Apogonichthyoides niger,8232,Teleostei,Kurtiformes,Apogonidae
Apogonichthyoides pseudotaeniatus,26632,Teleostei,Kurtiformes,Apogonidae
Archamia bleekeri,60358,Teleostei,Kurtiformes,Apogonidae
Cheilodipterus alleni,12876,Teleostei,Kurtiformes,Apogonidae
Cheilodipterus isostigma,5779,Teleostei,Kurtiformes,Apogonidae
Cheilodipterus macrodon,5781,Teleostei,Kurtiformes,Apogonidae
Cheilodipterus singapurensis,5782,Teleostei,Kurtiformes,Apogonidae
Cheilodipterus zonatus,8591,Teleostei,Kurtiformes,Apogonidae
Fibramia amboinensis,7848,Teleostei,Kurtiformes,Apogonidae
Jaydia ellioti,5751,Teleostei,Kurtiformes,Apogonidae
Jaydia lineata,8231,Teleostei,Kurtiformes,Apogonidae
Nectamia bandanensis,5763,Teleostei,Kurtiformes,Apogonidae
Nectamia ignitops,63749,Teleostei,Kurtiformes,Apogonidae
Nectamia savayensis,5764,Teleostei,Kurtiformes,Apogonidae
Nectamia similis,63751,Teleostei,Kurtiformes,Apogonidae
Nectamia viria,63698,Teleostei,Kurtiformes,Apogonidae
Ostorhinchus aroubiensis,61606,Teleostei,Kurtiformes,Apogonidae
Ostorhinchus aureus,4837,Teleostei,Kurtiformes,Apogonidae
Ostorhinchus cavitensis,25109,Teleostei,Kurtiformes,Apogonidae
Ostorhinchus chrysopomus,58153,Teleostei,Kurtiformes,Apogonidae
Ostorhinchus chrysotaenia,13003,Teleostei,Kurtiformes,Apogonidae
Ostorhinchus compressus,5769,Teleostei,Kurtiformes,Apogonidae
Ostorhinchus endekataenia,6524,Teleostei,Kurtiformes,Apogonidae
Ostorhinchus fasciatus,6605,Teleostei,Kurtiformes,Apogonidae
Ostorhinchus fleurieu,4838,Teleostei,Kurtiformes,Apogonidae
Ostorhinchus griffini,50880,Teleostei,Kurtiformes,Apogonidae
Ostorhinchus holotaenia,46445,Teleostei,Kurtiformes,Apogonidae
Ostorhinchus kiensis,8230,Teleostei,Kurtiformes,Apogonidae
Ostorhinchus margaritophorus,58156,Teleostei,Kurtiformes,Apogonidae
Ostorhinchus moluccensis,8589,Teleostei,Kurtiformes,Apogonidae
Ostorhinchus multilineatus,11619,Teleostei,Kurtiformes,Apogonidae
Ostorhinchus nanus,25037,Teleostei,Kurtiformes,Apogonidae
Ostorhinchus nigrocincta,10621,Teleostei,Kurtiformes,Apogonidae
Ostorhinchus parvulus,23452,Teleostei,Kurtiformes,Apogonidae
Ostorhinchus pleuron,63447,Teleostei,Kurtiformes,Apogonidae
Ostorhinchus sealei,6230,Teleostei,Kurtiformes,Apogonidae
Ostorhinchus urostigmus,60367,Teleostei,Kurtiformes,Apogonidae
Ostorhinchus wassinki,59184,Teleostei,Kurtiformes,Apogonidae
Pristicon rhodopterus,23455,Teleostei,Kurtiformes,Apogonidae
Pristicon trimaculatus,5748,Teleostei,Kurtiformes,Apogonidae
Pseudamia amblyuroptera,4361,Teleostei,Kurtiformes,Apogonidae
Pseudamia gelatinosa,4362,Teleostei,Kurtiformes,Apogonidae
Rhabdamia gracilis,5747,Teleostei,Kurtiformes,Apogonidae
Siphamia corallicola,25077,Teleostei,Kurtiformes,Apogonidae
Siphamia fuscolineata,5783,Teleostei,Kurtiformes,Apogonidae
Siphamia jebbi,25105,Teleostei,Kurtiformes,Apogonidae
Sphaeramia nematoptera,5778,Teleostei,Kurtiformes,Apogonidae
Taeniamia fucata,5776,Teleostei,Kurtiformes,Apogonidae
Taeniamia lineolata,7854,Teleostei,Kurtiformes,Apogonidae
Taeniamia macroptera,59188,Teleostei,Kurtiformes,Apogonidae
Taeniamia zosterophora,5777,Teleostei,Kurtiformes,Apogonidae
Verulux cypselurus,5746,Teleostei,Kurtiformes,Apogonidae
Yarica hyalosoma,8202,Teleostei,Kurtiformes,Apogonidae
Zoramia gilberti,5772,Teleostei,Kurtiformes,Apogonidae
Zoramia viridiventer,63424,Teleostei,Kurtiformes,Apogonidae
Arius macronotacanthus,51768,Teleostei,Siluriformes,Ariidae
Arius maculatus,1280,Teleostei,Siluriformes,Ariidae
Arius microcephalus,27403,Teleostei,Siluriformes,Ariidae
Arius subrostratus,1295,Teleostei,Siluriformes,Ariidae
Arius sumatranus,1296,Teleostei,Siluriformes,Ariidae
Arius venosus,1283,Teleostei,Siluriformes,Ariidae
Batrachocephalus mino,1298,Teleostei,Siluriformes,Ariidae
Cephalocassis borneensis,23390,Teleostei,Siluriformes,Ariidae
Cephalocassis melanochir,23387,Teleostei,Siluriformes,Ariidae
Cryptarius truncatus,23385,Teleostei,Siluriformes,Ariidae
Hemiarius harmandi,51766,Teleostei,Siluriformes,Ariidae
Hexanematichthys sagor,1281,Teleostei,Siluriformes,Ariidae
Ketengus typus,23392,Teleostei,Siluriformes,Ariidae
Kyataphisa caelata,1277,Teleostei,Siluriformes,Ariidae
Netuma thalassina,10220,Teleostei,Siluriformes,Ariidae
Osteogeneiosus militaris,1299,Teleostei,Siluriformes,Ariidae
Plicofollis argyropleuron,11739,Teleostei,Siluriformes,Ariidae
Plicofollis layardi,1297,Teleostei,Siluriformes,Ariidae
Plicofollis nella,23383,Teleostei,Siluriformes,Ariidae
Plicofollis tonggol,1286,Teleostei,Siluriformes,Ariidae
Pseudosciades sona,1294,Teleostei,Siluriformes,Ariidae
Ariomma indica,1300,Teleostei,Scombriformes,Ariommatidae
Ariomma lurida,8233,Teleostei,Scombriformes,Ariommatidae
Ateleopus japonicus,7281,Teleostei,Ateleopodiformes,Ateleopodidae
Atelomycterus marmoratus,4305,Elasmobranchii,Carcharhiniformes,Atelomycteridae
Atherinomorus lacunosus,1303,Teleostei,Atheriniformes,Atherinidae
Doboatherina aetholepis,59891,Teleostei,Atheriniformes,Atherinidae
Doboatherina valenciennei,15462,Teleostei,Atheriniformes,Atherinidae
Bagrichthys hypselopterus,11977,Teleostei,Siluriformes,Bagridae
Bagrichthys macracanthus,16161,Teleostei,Siluriformes,Bagridae
Bagrichthys macropterus,11978,Teleostei,Siluriformes,Bagridae
Bagroides melapterus,23052,Teleostei,Siluriformes,Bagridae
Batasio fluviatilis,65818,Teleostei,Siluriformes,Bagridae
Hemibagrus baramensis,23073,Teleostei,Siluriformes,Bagridae
Hemibagrus bongan,27391,Teleostei,Siluriformes,Bagridae
Hemibagrus chrysops,60726,Teleostei,Siluriformes,Bagridae
Hemibagrus divaricatus,66814,Teleostei,Siluriformes,Bagridae
Hemibagrus fortis,63085,Teleostei,Siluriformes,Bagridae
Hemibagrus furcatus,58052,Teleostei,Siluriformes,Bagridae
Hemibagrus gracilis,27257,Teleostei,Siluriformes,Bagridae
Hemibagrus hoevenii,27392,Teleostei,Siluriformes,Bagridae
Hemibagrus johorensis,63632,Teleostei,Siluriformes,Bagridae
Hemibagrus nemurus,5427,Teleostei,Siluriformes,Bagridae
Hemibagrus planiceps,23078,Teleostei,Siluriformes,Bagridae
Hemibagrus sabanus,23080,Teleostei,Siluriformes,Bagridae
Hemibagrus semotus,66812,Teleostei,Siluriformes,Bagridae
Hemibagrus wyckii,16107,Teleostei,Siluriformes,Bagridae
Hyalobagrus ornatus,23084,Teleostei,Siluriformes,Bagridae
Leiocassis collina,62756,Teleostei,Siluriformes,Bagridae
Leiocassis doriae,60729,Teleostei,Siluriformes,Bagridae
Leiocassis hosii,63086,Teleostei,Siluriformes,Bagridae
Leiocassis micropogon,25186,Teleostei,Siluriformes,Bagridae
Leiocassis poeciloptera,23066,Teleostei,Siluriformes,Bagridae
Leiocassis saravacensis,23069,Teleostei,Siluriformes,Bagridae
Mystus armiger,62077,Teleostei,Siluriformes,Bagridae
Mystus castaneus,60731,Teleostei,Siluriformes,Bagridae
Mystus cavasius,5140,Teleostei,Siluriformes,Bagridae
Mystus gulio,5139,Teleostei,Siluriformes,Bagridae
Mystus nigriceps,11990,Teleostei,Siluriformes,Bagridae
Mystus singaringan,16172,Teleostei,Siluriformes,Bagridae
Mystus vittatus,5137,Teleostei,Siluriformes,Bagridae
Mystus wolffii,23081,Teleostei,Siluriformes,Bagridae
Nanobagrus fuscus,23057,Teleostei,Siluriformes,Bagridae
Nanobagrus lemniscatus,65836,Teleostei,Siluriformes,Bagridae
Nanobagrus nebulosus,58041,Teleostei,Siluriformes,Bagridae
Pseudomystus fumosus,62152,Teleostei,Siluriformes,Bagridae
Pseudomystus inornatus,23059,Teleostei,Siluriformes,Bagridae
Pseudomystus leiacanthus,23060,Teleostei,Siluriformes,Bagridae
Pseudomystus nuchalis,71349,Teleostei,Siluriformes,Bagridae
Pseudomystus robustus,23067,Teleostei,Siluriformes,Bagridae
Pseudomystus stenomus,23071,Teleostei,Siluriformes,Bagridae
Pseudomystus tuberosus,70969,Teleostei,Siluriformes,Bagridae
Abalistes stellatus,9,Teleostei,Tetraodontiformes,Balistidae
Balistapus undulatus,6025,Teleostei,Tetraodontiformes,Balistidae
Melichthys vidua,5838,Teleostei,Tetraodontiformes,Balistidae
Odonus niger,1311,Teleostei,Tetraodontiformes,Balistidae
Pseudobalistes flavimarginatus,6027,Teleostei,Tetraodontiformes,Balistidae
Rhinecanthus verrucosus,6028,Teleostei,Tetraodontiformes,Balistidae
Sufflamen fraenatum,1312,Teleostei,Tetraodontiformes,Balistidae
Balitoropsis ophiolepis,22876,Teleostei,Cypriniformes,Balitoridae
Balitoropsis zollingeri,22967,Teleostei,Cypriniformes,Balitoridae
Homaloptera ogilviei,22875,Teleostei,Cypriniformes,Balitoridae
Homaloptera orthogoniata,22877,Teleostei,Cypriniformes,Balitoridae
Homaloptera parclitella,62218,Teleostei,Cypriniformes,Balitoridae
Homalopteroides avii,67732,Teleostei,Cypriniformes,Balitoridae
Homalopteroides nebulosus,22865,Teleostei,Cypriniformes,Balitoridae
Homalopteroides smithi,26829,Teleostei,Cypriniformes,Balitoridae
Homalopteroides stephensoni,22881,Teleostei,Cypriniformes,Balitoridae
Homalopteroides tweediei,22963,Teleostei,Cypriniformes,Balitoridae
Homalopteroides wassinkii,22965,Teleostei,Cypriniformes,Balitoridae
Neohomaloptera johorensis,22988,Teleostei,Cypriniformes,Balitoridae
Pseudohomaloptera leonardi,26825,Teleostei,Cypriniformes,Balitoridae
Pseudohomaloptera tatereganii,22883,Teleostei,Cypriniformes,Balitoridae
Barbucca diabolica,22696,Teleostei,Cypriniformes,Barbuccidae
Bathygadus spongiceps,47157,Teleostei,Gadiformes,Bathygadidae
Gadomus filamentosus,58887,Teleostei,Gadiformes,Bathygadidae
Allenbatrachus grunniens,6391,Teleostei,Batrachoidiformes,Batrachoididae
Allenbatrachus reticulatus,50449,Teleostei,Batrachoidiformes,Batrachoididae
Batrachomoeus trispinosus,10747,Teleostei,Batrachoidiformes,Batrachoididae
Ablennes hians,972,Teleostei,Beloniformes,Belonidae
Strongylura strongylura,1316,Teleostei,Beloniformes,Belonidae
Tylosurus crocodilus,977,Teleostei,Beloniformes,Belonidae
Xenentodon cancila,10124,Teleostei,Beloniformes,Belonidae
Atrosalarias holomelas,7559,Teleostei,Blenniiformes,Blenniidae
Blenniella bilitonensis,7569,Teleostei,Blenniiformes,Blenniidae
Cirripectes filamentosus,4389,Teleostei,Blenniiformes,Blenniidae
Ecsenius bathi,12692,Teleostei,Blenniiformes,Blenniidae
Ecsenius bimaculatus,7668,Teleostei,Blenniiformes,Blenniidae
Ecsenius lineatus,7567,Teleostei,Blenniiformes,Blenniidae
Ecsenius lividanalis,7661,Teleostei,Blenniiformes,Blenniidae
Ecsenius melarchus,7662,Teleostei,Blenniiformes,Blenniidae
Ecsenius paroculus,14661,Teleostei,Blenniiformes,Blenniidae
Ecsenius schroederi,13048,Teleostei,Blenniiformes,Blenniidae
Ecsenius tricolor,59858,Teleostei,Blenniiformes,Blenniidae
Ecsenius yaeyamaensis,6036,Teleostei,Blenniiformes,Blenniidae
Entomacrodus decussatus,6039,Teleostei,Blenniiformes,Blenniidae
Istiblennius edentulus,6049,Teleostei,Blenniiformes,Blenniidae
Meiacanthus abditus,46573,Teleostei,Blenniiformes,Blenniidae
Meiacanthus ditrema,6068,Teleostei,Blenniiformes,Blenniidae
Meiacanthus geminatus,46628,Teleostei,Blenniiformes,Blenniidae
Omobranchus zebra,25046,Teleostei,Blenniiformes,Blenniidae
Paralticus amboinensis,6054,Teleostei,Blenniiformes,Blenniidae
Petroscirtes breviceps,6073,Teleostei,Blenniiformes,Blenniidae
Rhabdoblennius nitidus,13762,Teleostei,Blenniiformes,Blenniidae
Salarias ceramensis,7749,Teleostei,Blenniiformes,Blenniidae
Salarias guttatus,11616,Teleostei,Blenniiformes,Blenniidae
Salarias obscurus,59843,Teleostei,Blenniiformes,Blenniidae
Salarias ramosus,59272,Teleostei,Blenniiformes,Blenniidae
Salarias segmentatus,22515,Teleostei,Blenniiformes,Blenniidae
Xiphasia setifer,7563,Teleostei,Blenniiformes,Blenniidae
Arnoglossus macrolophus,13064,Teleostei,Pleuronectiformes,Bothidae
Asterorhombus intermedius,8123,Teleostei,Pleuronectiformes,Bothidae
Engyprosopon grandisquama,1324,Teleostei,Pleuronectiformes,Bothidae
Engyprosopon mogkii,15583,Teleostei,Pleuronectiformes,Bothidae
Grammatobothus polyophthalmus,6638,Teleostei,Pleuronectiformes,Bothidae
Psettina brevirictis,8901,Teleostei,Pleuronectiformes,Bothidae
Psettina gigantea,8282,Teleostei,Pleuronectiformes,Bothidae
Syncrossus hymenophysa,10892,Teleostei,Cypriniformes,Botiidae
Syncrossus reversus,23018,Teleostei,Cypriniformes,Botiidae
Bregmaceros mcclellandi,8421,Teleostei,Gadiformes,Bregmacerotidae
Bostrychus scalaris,66023,Teleostei,Gobiiformes,Butidae
Butis butis,8035,Teleostei,Gobiiformes,Butidae
Butis gymnopomus,8410,Teleostei,Gobiiformes,Butidae
Odonteleotris macrodon,25055,Teleostei,Gobiiformes,Butidae
Ophiocara cantoris,71059,Teleostei,Gobiiformes,Butidae
Ophiocara ophicephalus,71056,Teleostei,Gobiiformes,Butidae
Ophiocara porocephalum,10023,Teleostei,Gobiiformes,Butidae
Oxyeleotris marmorata,5376,Teleostei,Gobiiformes,Butidae
Oxyeleotris urophthalmoides,25056,Teleostei,Gobiiformes,Butidae
Oxyeleotris urophthalmus,25057,Teleostei,Gobiiformes,Butidae
Pogoneleotris heterolepis,59260,Teleostei,Gobiiformes,Butidae
Callionymus enneactis,17468,Teleostei,Callionymiformes,Callionymidae
Callionymus filamentosus,225,Teleostei,Callionymiformes,Callionymidae
Callionymus hindsii,46386,Teleostei,Callionymiformes,Callionymidae
Callionymus meridionalis,10610,Teleostei,Callionymiformes,Callionymidae
Callionymus sagitta,26827,Teleostei,Callionymiformes,Callionymidae
Callionymus schaapii,59285,Teleostei,Callionymiformes,Callionymidae
Dactylopus dactylopus,8240,Teleostei,Callionymiformes,Callionymidae
Dactylopus kuiteri,60086,Teleostei,Callionymiformes,Callionymidae
Eleutherochir opercularis,25050,Teleostei,Callionymiformes,Callionymidae
Repomucenus huguenini,8286,Teleostei,Callionymiformes,Callionymidae
Synchiropus altivelis,10608,Teleostei,Callionymiformes,Callionymidae
Synchiropus circularis,17472,Teleostei,Callionymiformes,Callionymidae
Synchiropus delandi,59287,Teleostei,Callionymiformes,Callionymidae
Synchiropus picturatus,12740,Teleostei,Callionymiformes,Callionymidae
Synchiropus splendidus,12644,Teleostei,Callionymiformes,Callionymidae
Alectis ciliaris,988,Teleostei,Carangiformes,Carangidae
Alepes djedaba,1889,Teleostei,Carangiformes,Carangidae
Alepes melanoptera,1890,Teleostei,Carangiformes,Carangidae
Alepes vari,1891,Teleostei,Carangiformes,Carangidae
Atropus armatus,1916,Teleostei,Carangiformes,Carangidae
Atropus atropos,1929,Teleostei,Carangiformes,Carangidae
Atropus hedlandensis,1907,Teleostei,Carangiformes,Carangidae
Atropus mentalis,1930,Teleostei,Carangiformes,Carangidae
Atule mate,1893,Teleostei,Carangiformes,Carangidae
Carangichthys dinema,1925,Teleostei,Carangiformes,Carangidae
Carangichthys oblongus,1908,Teleostei,Carangiformes,Carangidae
Carangoides praeustus,1911,Teleostei,Carangiformes,Carangidae
Caranx heberi,1898,Teleostei,Carangiformes,Carangidae
Caranx ignobilis,1895,Teleostei,Carangiformes,Carangidae
Caranx melampygus,1906,Teleostei,Carangiformes,Carangidae
Caranx sexfasciatus,1917,Teleostei,Carangiformes,Carangidae
Craterognathus plagiotaenia,1910,Teleostei,Carangiformes,Carangidae
Decapterus kurroides,1940,Teleostei,Carangiformes,Carangidae
Decapterus macarellus,993,Teleostei,Carangiformes,Carangidae
Decapterus macrosoma,1938,Teleostei,Carangiformes,Carangidae
Decapterus maruadsi,1939,Teleostei,Carangiformes,Carangidae
Decapterus russelli,374,Teleostei,Carangiformes,Carangidae
Decapterus tabl,995,Teleostei,Carangiformes,Carangidae
Elagatis bipinnulata,412,Teleostei,Carangiformes,Carangidae
Ferdauia ferdau,1921,Teleostei,Carangiformes,Carangidae
Ferdauia orthogrammus,1909,Teleostei,Carangiformes,Carangidae
Flavocaranx bajad,1923,Teleostei,Carangiformes,Carangidae
Gnathanodon speciosus,4464,Teleostei,Carangiformes,Carangidae
Kaiwarinus equula,1920,Teleostei,Carangiformes,Carangidae
Megalaspis cordyla,384,Teleostei,Carangiformes,Carangidae
Naucrates ductor,998,Teleostei,Carangiformes,Carangidae
Parastromateus niger,1947,Teleostei,Carangiformes,Carangidae
Platycaranx chrysophrys,4441,Teleostei,Carangiformes,Carangidae
Platycaranx malabaricus,4443,Teleostei,Carangiformes,Carangidae
Platycaranx talamparoides,1912,Teleostei,Carangiformes,Carangidae
Scomberoides commersonnianus,1950,Teleostei,Carangiformes,Carangidae
Scomberoides lysan,1951,Teleostei,Carangiformes,Carangidae
Scomberoides tala,1952,Teleostei,Carangiformes,Carangidae
Scomberoides tol,1953,Teleostei,Carangiformes,Carangidae
Scyris indica,10,Teleostei,Carangiformes,Carangidae
Selar boops,1954,Teleostei,Carangiformes,Carangidae
Selar crumenophthalmus,387,Teleostei,Carangiformes,Carangidae
Selaroides leptolepis,388,Teleostei,Carangiformes,Carangidae
Seriola dumerili,1005,Teleostei,Carangiformes,Carangidae
Seriola rivoliana,1007,Teleostei,Carangiformes,Carangidae
Seriolina nigrofasciata,1962,Teleostei,Carangiformes,Carangidae
Trachinotus baillonii,1978,Teleostei,Carangiformes,Carangidae
Trachinotus blochii,1963,Teleostei,Carangiformes,Carangidae
Trachinotus mookalee,1964,Teleostei,Carangiformes,Carangidae
Turrum coeruleopinnatum,1924,Teleostei,Carangiformes,Carangidae
Turrum fulvoguttatum,1926,Teleostei,Carangiformes,Carangidae
Turrum gymnostethus,1905,Teleostei,Carangiformes,Carangidae
Uraspis helvola,1983,Teleostei,Carangiformes,Carangidae
Uraspis uraspis,1984,Teleostei,Carangiformes,Carangidae
Carcharhinus albimarginatus,858,Elasmobranchii,Carcharhiniformes,Carcharhinidae
Carcharhinus amblyrhynchoides,860,Elasmobranchii,Carcharhiniformes,Carcharhinidae
Carcharhinus amblyrhynchos,861,Elasmobranchii,Carcharhiniformes,Carcharhinidae
Carcharhinus borneensis,863,Elasmobranchii,Carcharhiniformes,Carcharhinidae
Carcharhinus brevipinna,865,Elasmobranchii,Carcharhiniformes,Carcharhinidae
Carcharhinus dussumieri,867,Elasmobranchii,Carcharhiniformes,Carcharhinidae
Carcharhinus falciformis,868,Elasmobranchii,Carcharhiniformes,Carcharhinidae
Carcharhinus galapagensis,870,Elasmobranchii,Carcharhiniformes,Carcharhinidae
Carcharhinus hemiodon,871,Elasmobranchii,Carcharhiniformes,Carcharhinidae
Carcharhinus leucas,873,Elasmobranchii,Carcharhiniformes,Carcharhinidae
Carcharhinus limbatus,874,Elasmobranchii,Carcharhiniformes,Carcharhinidae
Carcharhinus longimanus,875,Elasmobranchii,Carcharhiniformes,Carcharhinidae
Carcharhinus macloti,876,Elasmobranchii,Carcharhiniformes,Carcharhinidae
Carcharhinus melanopterus,877,Elasmobranchii,Carcharhiniformes,Carcharhinidae
Carcharhinus obsoletus,69201,Elasmobranchii,Carcharhiniformes,Carcharhinidae
Carcharhinus plumbeus,880,Elasmobranchii,Carcharhiniformes,Carcharhinidae
Carcharhinus sealei,882,Elasmobranchii,Carcharhiniformes,Carcharhinidae
Carcharhinus sorrah,884,Elasmobranchii,Carcharhiniformes,Carcharhinidae
Glyphis fowlerae,65549,Elasmobranchii,Carcharhiniformes,Carcharhinidae
Glyphis gangeticus,887,Elasmobranchii,Carcharhiniformes,Carcharhinidae
Glyphis glyphis,888,Elasmobranchii,Carcharhiniformes,Carcharhinidae
Lamiopsis temminckii,892,Elasmobranchii,Carcharhiniformes,Carcharhinidae
Lamiopsis tephrodes,66612,Elasmobranchii,Carcharhiniformes,Carcharhinidae
Loxodon macrorhinus,894,Elasmobranchii,Carcharhiniformes,Carcharhinidae
Negaprion acutidens,896,Elasmobranchii,Carcharhiniformes,Carcharhinidae
Prionace glauca,898,Elasmobranchii,Carcharhiniformes,Carcharhinidae
Rhizoprionodon acutus,899,Elasmobranchii,Carcharhiniformes,Carcharhinidae
Rhizoprionodon longurio,901,Elasmobranchii,Carcharhiniformes,Carcharhinidae
Rhizoprionodon oligolinx,902,Elasmobranchii,Carcharhiniformes,Carcharhinidae
Scoliodon laticaudus,906,Elasmobranchii,Carcharhiniformes,Carcharhinidae
Scoliodon macrorhynchos,67046,Elasmobranchii,Carcharhiniformes,Carcharhinidae
Triaenodon obesus,907,Elasmobranchii,Carcharhiniformes,Carcharhinidae
Micropterus salmoides,3385,Teleostei,Centrarchiformes,Centrarchidae
Aeoliscus strigatus,6503,Teleostei,Syngnathiformes,Centriscidae
Centriscus scutatus,6510,Teleostei,Syngnathiformes,Centriscidae
Psenopsis shojimai,8281,Teleostei,Scombriformes,Centrolophidae
Centrophorus moluccensis,651,Elasmobranchii,Squaliformes,Centrophoridae
Acanthocepola abbreviata,10354,Teleostei,Eupercaria/misc,Cepolidae
Owstonia tosaensis,23510,Teleostei,Eupercaria/misc,Cepolidae
Chaca bankanensis,12013,Teleostei,Siluriformes,Chacidae
Chaetodon adiergastos,6515,Teleostei,Acanthuriformes,Chaetodontidae
Chaetodon auriga,5557,Teleostei,Acanthuriformes,Chaetodontidae
Chaetodon auripes,6648,Teleostei,Acanthuriformes,Chaetodontidae
Chaetodon baronessa,5558,Teleostei,Acanthuriformes,Chaetodontidae
Chaetodon bennetti,5559,Teleostei,Acanthuriformes,Chaetodontidae
Chaetodon burgessi,5560,Teleostei,Acanthuriformes,Chaetodontidae
Chaetodon collare,7803,Teleostei,Acanthuriformes,Chaetodontidae
Chaetodon ephippium,5562,Teleostei,Acanthuriformes,Chaetodontidae
Chaetodon kleinii,5446,Teleostei,Acanthuriformes,Chaetodontidae
Chaetodon lineolatus,5564,Teleostei,Acanthuriformes,Chaetodontidae
Chaetodon melannotus,5566,Teleostei,Acanthuriformes,Chaetodontidae
Chaetodon ocellicaudus,5569,Teleostei,Acanthuriformes,Chaetodontidae
Chaetodon octofasciatus,5570,Teleostei,Acanthuriformes,Chaetodontidae
Chaetodon speculum,5576,Teleostei,Acanthuriformes,Chaetodontidae
Chaetodon trifascialis,5578,Teleostei,Acanthuriformes,Chaetodontidae
Chaetodon trifasciatus,5579,Teleostei,Acanthuriformes,Chaetodontidae
Chaetodon ulietensis,5580,Teleostei,Acanthuriformes,Chaetodontidae
Chelmon rostratus,5483,Teleostei,Acanthuriformes,Chaetodontidae
Coradion chrysozonus,5583,Teleostei,Acanthuriformes,Chaetodontidae
Heniochus acuminatus,5588,Teleostei,Acanthuriformes,Chaetodontidae
Heniochus monoceros,5590,Teleostei,Acanthuriformes,Chaetodontidae
Parachaetodon ocellatus,7887,Teleostei,Acanthuriformes,Chaetodontidae
Champsodon longipinnis,10502,Teleostei,Acropomatiformes,Champsodontidae
Chanos chanos,80,Teleostei,Gonorynchiformes,Chanidae
Channa bankanensis,25144,Teleostei,Anabantiformes,Channidae
Channa baramensis,61686,Teleostei,Anabantiformes,Channidae
Channa gachua,50504,Teleostei,Anabantiformes,Channidae
Channa lucius,16137,Teleostei,Anabantiformes,Channidae
Channa marulioides,25148,Teleostei,Anabantiformes,Channidae
Channa melasoma,5192,Teleostei,Anabantiformes,Channidae
Channa micropeltes,344,Teleostei,Anabantiformes,Channidae
Channa orientalis,5143,Teleostei,Anabantiformes,Channidae
Channa punctata,5147,Teleostei,Anabantiformes,Channidae
Channa striata,343,Teleostei,Anabantiformes,Channidae
Bihunichthys monopteroides,27432,Teleostei,Synbranchiformes,Chaudhuriidae
Chaudhuria caudata,12025,Teleostei,Synbranchiformes,Chaudhuriidae
Chendol keelini,27435,Teleostei,Synbranchiformes,Chaudhuriidae
Nagaichthys filipes,25155,Teleostei,Synbranchiformes,Chaudhuriidae
Chaunax abei,8236,Teleostei,Lophiiformes,Chaunacidae
Chirocentrus dorab,6358,Teleostei,Clupeiformes,Chirocentridae
Chirocentrus nudus,1452,Teleostei,Clupeiformes,Chirocentridae
Cichla monoculus,13270,Teleostei,Cichliformes,Cichlidae
Cichla ocellaris,457,Teleostei,Cichliformes,Cichlidae
Coptodon zillii,1390,Teleostei,Cichliformes,Cichlidae
Etroplus suratensis,4681,Teleostei,Cichliformes,Cichlidae
Oreochromis mossambicus,3,Teleostei,Cichliformes,Cichlidae
Oreochromis niloticus,2,Teleostei,Cichliformes,Cichlidae
Cirrhitichthys falco,5445,Teleostei,Centrarchiformes,Cirrhitidae
Laiopteryx novaezeelandiae,8235,Teleostei,Pleuronectiformes,Citharidae
Clarias anfractus,58346,Teleostei,Siluriformes,Clariidae
Clarias batrachus,3054,Teleostei,Siluriformes,Clariidae
Clarias batu,55098,Teleostei,Siluriformes,Clariidae
Clarias gariepinus,1934,Teleostei,Siluriformes,Clariidae
Clarias leiacanthus,23323,Teleostei,Siluriformes,Clariidae
Clarias macrocephalus,4805,Teleostei,Siluriformes,Clariidae
Clarias planiceps,55097,Teleostei,Siluriformes,Clariidae
Clarias sulcatus,62223,Teleostei,Siluriformes,Clariidae
Clarias teijsmanni,23377,Teleostei,Siluriformes,Clariidae
Encheloclarias baculum,27002,Teleostei,Siluriformes,Clariidae
Encheloclarias curtisoma,25884,Teleostei,Siluriformes,Clariidae
Encheloclarias kelioides,27005,Teleostei,Siluriformes,Clariidae
Acanthopsoides molobrion,23006,Teleostei,Cypriniformes,Cobitidae
Acanthopsoides robertsi,23008,Teleostei,Cypriniformes,Cobitidae
Acantopsis dialuzona,23015,Teleostei,Cypriniformes,Cobitidae
Acantopsis octoactinotos,23017,Teleostei,Cypriniformes,Cobitidae
Kottelatlimia hipporhynchos,64813,Teleostei,Cypriniformes,Cobitidae
Kottelatlimia katik,52310,Teleostei,Cypriniformes,Cobitidae
Kottelatlimia pristes,23023,Teleostei,Cypriniformes,Cobitidae
Lepidocephalichthys berdmorei,24680,Teleostei,Cypriniformes,Cobitidae
Lepidocephalichthys birmanicus,55612,Teleostei,Cypriniformes,Cobitidae
Lepidocephalichthys hasselti,23019,Teleostei,Cypriniformes,Cobitidae
Lepidocephalus macrochir,23025,Teleostei,Cypriniformes,Cobitidae
Pangio agma,23029,Teleostei,Cypriniformes,Cobitidae
Pangio alcoides,28159,Teleostei,Cypriniformes,Cobitidae
Pangio anguillaris,16223,Teleostei,Cypriniformes,Cobitidae
Pangio cuneovirgata,23036,Teleostei,Cypriniformes,Cobitidae
Pangio doriae,23038,Teleostei,Cypriniformes,Cobitidae
Pangio filinaris,28167,Teleostei,Cypriniformes,Cobitidae
Pangio incognito,27386,Teleostei,Cypriniformes,Cobitidae
Pangio kuhlii,12276,Teleostei,Cypriniformes,Cobitidae
Pangio malayana,27387,Teleostei,Cypriniformes,Cobitidae
Pangio mariarum,23041,Teleostei,Cypriniformes,Cobitidae
Pangio muraeniformis,65804,Teleostei,Cypriniformes,Cobitidae
Pangio oblonga,23044,Teleostei,Cypriniformes,Cobitidae
Pangio piperata,27388,Teleostei,Cypriniformes,Cobitidae
Pangio semicincta,59459,Teleostei,Cypriniformes,Cobitidae
Pangio shelfordii,12293,Teleostei,Cypriniformes,Cobitidae
Theriodes sandakanensis,23024,Teleostei,Cypriniformes,Cobitidae
Ariosoma anago,8234,Teleostei,Anguilliformes,Congridae
Gnathophis nystromi,8251,Teleostei,Anguilliformes,Congridae
Heteroconger fugax,69057,Teleostei,Anguilliformes,Congridae
Macrocephenchelys brachialis,4525,Teleostei,Anguilliformes,Congridae
Coryphaena equiselis,7,Teleostei,Carangiformes,Coryphaenidae
Coryphaena hippurus,6,Teleostei,Carangiformes,Coryphaenidae
Cynoglossus arel,7523,Teleostei,Pleuronectiformes,Cynoglossidae
Cynoglossus bilineatus,5455,Teleostei,Pleuronectiformes,Cynoglossidae
Cynoglossus cynoglossus,5456,Teleostei,Pleuronectiformes,Cynoglossidae
Cynoglossus feldmanni,17165,Teleostei,Pleuronectiformes,Cynoglossidae
Cynoglossus kapuasensis,17170,Teleostei,Pleuronectiformes,Cynoglossidae
Cynoglossus kopsii,7647,Teleostei,Pleuronectiformes,Cynoglossidae
Cynoglossus lida,5489,Teleostei,Pleuronectiformes,Cynoglossidae
Cynoglossus lingua,8238,Teleostei,Pleuronectiformes,Cynoglossidae
Cynoglossus macrostomus,6083,Teleostei,Pleuronectiformes,Cynoglossidae
Cynoglossus microlepis,17176,Teleostei,Pleuronectiformes,Cynoglossidae
Cynoglossus puncticeps,4807,Teleostei,Pleuronectiformes,Cynoglossidae
Cynoglossus sibogae,59556,Teleostei,Pleuronectiformes,Cynoglossidae
Cynoglossus trulla,9243,Teleostei,Pleuronectiformes,Cynoglossidae
Cynoglossus waandersii,17168,Teleostei,Pleuronectiformes,Cynoglossidae
Paraplagusia bilineata,522,Teleostei,Pleuronectiformes,Cynoglossidae
Albulichthys albuloides,17361,Teleostei,Cypriniformes,Cyprinidae
Amblyrhynchichthys truncatus,7992,Teleostei,Cypriniformes,Cyprinidae
Anematichthys repasson,16123,Teleostei,Cypriniformes,Cyprinidae
Balantiocheilos melanopterus,6089,Teleostei,Cypriniformes,Cyprinidae
Barbichthys laevis,7993,Teleostei,Cypriniformes,Cyprinidae
Barbodes banksi,58398,Teleostei,Cypriniformes,Cyprinidae
Barbodes belinka,17362,Teleostei,Cypriniformes,Cyprinidae
Barbodes binotatus,5180,Teleostei,Cypriniformes,Cyprinidae
Barbodes dunckeri,12140,Teleostei,Cypriniformes,Cyprinidae
Barbodes everetti,10805,Teleostei,Cypriniformes,Cyprinidae
Barbodes kuchingensis,27446,Teleostei,Cypriniformes,Cyprinidae
Barbodes rhombeus,57700,Teleostei,Cypriniformes,Cyprinidae
Barbodes strigatus,17367,Teleostei,Cypriniformes,Cyprinidae
Barbodes sunieri,17369,Teleostei,Cypriniformes,Cyprinidae
Barbonymus balleroides,17363,Teleostei,Cypriniformes,Cyprinidae
Barbonymus collingwoodii,17364,Teleostei,Cypriniformes,Cyprinidae
Barbonymus gonionotus,286,Teleostei,Cypriniformes,Cyprinidae
Barbonymus schwanefeldii,4765,Teleostei,Cypriniformes,Cyprinidae
Carassius auratus,271,Teleostei,Cypriniformes,Cyprinidae
Ceratogarra cambodgiensis,27164,Teleostei,Cypriniformes,Cyprinidae
Cirrhinus cirrhosus,4494,Teleostei,Cypriniformes,Cyprinidae
Cirrhinus molitorella,49051,Teleostei,Cypriniformes,Cyprinidae
Cosmochilus falcifer,22736,Teleostei,Cypriniformes,Cyprinidae
Crossocheilus atrilimes,57689,Teleostei,Cypriniformes,Cyprinidae
Crossocheilus cobitis,17376,Teleostei,Cypriniformes,Cyprinidae
Crossocheilus elegans,66269,Teleostei,Cypriniformes,Cyprinidae
Crossocheilus langei,17379,Teleostei,Cypriniformes,Cyprinidae
Crossocheilus nigriloba,17380,Teleostei,Cypriniformes,Cyprinidae
Crossocheilus oblongus,12063,Teleostei,Cypriniformes,Cyprinidae
Crossocheilus pseudobagroides,65637,Teleostei,Cypriniformes,Cyprinidae
Cyclocheilichthys apogon,10313,Teleostei,Cypriniformes,Cyprinidae
Cyclocheilichthys armatus,16120,Teleostei,Cypriniformes,Cyprinidae
Cyclocheilichthys enoplos,14495,Teleostei,Cypriniformes,Cyprinidae
Cyprinus carpio,1450,Teleostei,Cypriniformes,Cyprinidae
Desmopuntius hexazona,17466,Teleostei,Cypriniformes,Cyprinidae
Desmopuntius johorensis,10808,Teleostei,Cypriniformes,Cyprinidae
Desmopuntius pentazona,12143,Teleostei,Cypriniformes,Cyprinidae
Discherodontus halei,6093,Teleostei,Cypriniformes,Cyprinidae
Eirmotus octozona,17384,Teleostei,Cypriniformes,Cyprinidae
Epalzeorhynchos kalopterum,10832,Teleostei,Cypriniformes,Cyprinidae
Garra borneensis,5430,Teleostei,Cypriniformes,Cyprinidae
Garra robertsi,68843,Teleostei,Cypriniformes,Cyprinidae
Hampala ampalong,17391,Teleostei,Cypriniformes,Cyprinidae
Hampala bimaculata,17392,Teleostei,Cypriniformes,Cyprinidae
Hampala katibas,71313,Teleostei,Cypriniformes,Cyprinidae
Hampala lupar,71312,Teleostei,Cypriniformes,Cyprinidae
Hampala macrolepidota,4803,Teleostei,Cypriniformes,Cyprinidae
Hampala sabana,56234,Teleostei,Cypriniformes,Cyprinidae
Hypsibarbus malcolmi,27525,Teleostei,Cypriniformes,Cyprinidae
Hypsibarbus pierrei,54660,Teleostei,Cypriniformes,Cyprinidae
Labeo catla,4439,Teleostei,Cypriniformes,Cyprinidae
Labeo chrysophekadion,12102,Teleostei,Cypriniformes,Cyprinidae
Labeo rohita,82,Teleostei,Cypriniformes,Cyprinidae
Labiobarbus fasciatus,17400,Teleostei,Cypriniformes,Cyprinidae
Labiobarbus festivus,12064,Teleostei,Cypriniformes,Cyprinidae
Labiobarbus leptocheilus,25195,Teleostei,Cypriniformes,Cyprinidae
Labiobarbus ocellatus,17402,Teleostei,Cypriniformes,Cyprinidae
Labiobarbus sabanus,17411,Teleostei,Cypriniformes,Cyprinidae
Lobocheilos bo,17416,Teleostei,Cypriniformes,Cyprinidae
Lobocheilos falcifer,22806,Teleostei,Cypriniformes,Cyprinidae
Lobocheilos melanotaenia,27157,Teleostei,Cypriniformes,Cyprinidae
Lobocheilos ovalis,63831,Teleostei,Cypriniformes,Cyprinidae
Lobocheilos terminalis,63833,Teleostei,Cypriniformes,Cyprinidae
Lobocheilos unicornis,63834,Teleostei,Cypriniformes,Cyprinidae
Mystacoleucus marginatus,16116,Teleostei,Cypriniformes,Cyprinidae
Neobarynotus microlepis,17427,Teleostei,Cypriniformes,Cyprinidae
Neolissochilus hendersoni,54692,Teleostei,Cypriniformes,Cyprinidae
Neolissochilus hexagonolepis,12125,Teleostei,Cypriniformes,Cyprinidae
Neolissochilus soroides,27086,Teleostei,Cypriniformes,Cyprinidae
Neolissochilus tweediei,27265,Teleostei,Cypriniformes,Cyprinidae
Osteochilus chini,27340,Teleostei,Cypriniformes,Cyprinidae
Osteochilus enneaporos,17435,Teleostei,Cypriniformes,Cyprinidae
Osteochilus flavicauda,65097,Teleostei,Cypriniformes,Cyprinidae
Osteochilus harrisoni,17436,Teleostei,Cypriniformes,Cyprinidae
Osteochilus ingeri,27339,Teleostei,Cypriniformes,Cyprinidae
Osteochilus intermedius,17437,Teleostei,Cypriniformes,Cyprinidae
Osteochilus kahajanensis,17438,Teleostei,Cypriniformes,Cyprinidae
Osteochilus melanopleura,16124,Teleostei,Cypriniformes,Cyprinidae
Osteochilus microcephalus,17441,Teleostei,Cypriniformes,Cyprinidae
Osteochilus sarawakensis,27342,Teleostei,Cypriniformes,Cyprinidae
Osteochilus scapularis,65633,Teleostei,Cypriniformes,Cyprinidae
Osteochilus spilurus,5432,Teleostei,Cypriniformes,Cyprinidae
Osteochilus vittatus,277,Teleostei,Cypriniformes,Cyprinidae
Osteochilus waandersii,17448,Teleostei,Cypriniformes,Cyprinidae
Paracrossochilus acerus,5433,Teleostei,Cypriniformes,Cyprinidae
Paracrossochilus vittatus,17452,Teleostei,Cypriniformes,Cyprinidae
Poropuntius birtwistlei,54696,Teleostei,Cypriniformes,Cyprinidae
Poropuntius normani,60214,Teleostei,Cypriniformes,Cyprinidae
Poropuntius smedleyi,54702,Teleostei,Cypriniformes,Cyprinidae
Probarbus jullieni,5422,Teleostei,Cypriniformes,Cyprinidae
Puntigrus partipentazona,27130,Teleostei,Cypriniformes,Cyprinidae
Puntigrus tetrazona,4766,Teleostei,Cypriniformes,Cyprinidae
Puntioplites bulu,14512,Teleostei,Cypriniformes,Cyprinidae
Puntioplites proctozystron,16203,Teleostei,Cypriniformes,Cyprinidae
Puntioplites waandersi,17460,Teleostei,Cypriniformes,Cyprinidae
Puntius brevis,22821,Teleostei,Cypriniformes,Cyprinidae
Puntius sealei,59488,Teleostei,Cypriniformes,Cyprinidae
Rohteichthys microlepis,22647,Teleostei,Cypriniformes,Cyprinidae
Schismatorhynchos holorhynchos,56313,Teleostei,Cypriniformes,Cyprinidae
Sikukia stejnegeri,27115,Teleostei,Cypriniformes,Cyprinidae
Striuntius lateristriga,10809,Teleostei,Cypriniformes,Cyprinidae
Striuntius lineatus,12141,Teleostei,Cypriniformes,Cyprinidae
Systomus rubripinnis,4794,Teleostei,Cypriniformes,Cyprinidae
Thynnichthys thynnoides,16209,Teleostei,Cypriniformes,Cyprinidae
Tor douronensis,5436,Teleostei,Cypriniformes,Cyprinidae
Tor tambra,22692,Teleostei,Cypriniformes,Cyprinidae
Tor tambroides,12231,Teleostei,Cypriniformes,Cyprinidae
Dactyloptena macracantha,8239,Teleostei,Dactylopteriformes,Dactylopteridae
Dactyloptena orientalis,4485,Teleostei,Dactylopteriformes,Dactylopteridae
Amblypharyngodon atkinsonii,24299,Teleostei,Cypriniformes,Danionidae
Boraras maculatus,10879,Teleostei,Cypriniformes,Danionidae
Boraras urophthalmoides,12211,Teleostei,Cypriniformes,Danionidae
Brevibora cheeya,65950,Teleostei,Cypriniformes,Danionidae
Brevibora dorsiocellata,10368,Teleostei,Cypriniformes,Danionidae
Danio albolineatus,10824,Teleostei,Cypriniformes,Danionidae
Danio kerri,12066,Teleostei,Cypriniformes,Danionidae
Esomus caudiocellatus,54676,Teleostei,Cypriniformes,Danionidae
Esomus malayensis,12071,Teleostei,Cypriniformes,Danionidae
Esomus metallicus,16176,Teleostei,Cypriniformes,Danionidae
Kottelatia brittani,10363,Teleostei,Cypriniformes,Danionidae
Laubuka laubuca,12061,Teleostei,Cypriniformes,Danionidae
Luciosoma pellegrinii,17421,Teleostei,Cypriniformes,Danionidae
Luciosoma setigerum,16110,Teleostei,Cypriniformes,Danionidae
Luciosoma spilopleura,12124,Teleostei,Cypriniformes,Danionidae
Luciosoma trinema,17424,Teleostei,Cypriniformes,Danionidae
Malayochela maassi,17372,Teleostei,Cypriniformes,Danionidae
Nematabramis alestes,5164,Teleostei,Cypriniformes,Danionidae
Nematabramis borneensis,26642,Teleostei,Cypriniformes,Danionidae
Nematabramis everetti,5165,Teleostei,Cypriniformes,Danionidae
Nematabramis steindachnerii,5431,Teleostei,Cypriniformes,Danionidae
Raiamas guttatus,13233,Teleostei,Cypriniformes,Danionidae
Rasbora argyrotaenia,5169,Teleostei,Cypriniformes,Danionidae
Rasbora aurotaenia,27064,Teleostei,Cypriniformes,Danionidae
Rasbora bankanensis,10351,Teleostei,Cypriniformes,Danionidae
Rasbora borapetensis,10834,Teleostei,Cypriniformes,Danionidae
Rasbora borneensis,10361,Teleostei,Cypriniformes,Danionidae
Rasbora caudimaculata,10364,Teleostei,Cypriniformes,Danionidae
Rasbora cephalotaenia,10365,Teleostei,Cypriniformes,Danionidae
Rasbora chrysotaenia,12173,Teleostei,Cypriniformes,Danionidae
Rasbora cryptica,67318,Teleostei,Cypriniformes,Danionidae
Rasbora daniconius,5493,Teleostei,Cypriniformes,Danionidae
Rasbora dusonensis,10370,Teleostei,Cypriniformes,Danionidae
Rasbora einthovenii,10371,Teleostei,Cypriniformes,Danionidae
Rasbora elegans,12179,Teleostei,Cypriniformes,Danionidae
Rasbora ennealepis,22519,Teleostei,Cypriniformes,Danionidae
Rasbora hubbsi,5435,Teleostei,Cypriniformes,Danionidae
Rasbora kalochroma,10372,Teleostei,Cypriniformes,Danionidae
Rasbora kottelati,27256,Teleostei,Cypriniformes,Danionidae
Rasbora lateristriata,5167,Teleostei,Cypriniformes,Danionidae
Rasbora meinkeni,22606,Teleostei,Cypriniformes,Danionidae
Rasbora notura,62453,Teleostei,Cypriniformes,Danionidae
Rasbora paucisqualis,12200,Teleostei,Cypriniformes,Danionidae
Rasbora rasbora,10382,Teleostei,Cypriniformes,Danionidae
Rasbora rheophila,67320,Teleostei,Cypriniformes,Danionidae
Rasbora rutteni,22625,Teleostei,Cypriniformes,Danionidae
Rasbora sarawakensis,10374,Teleostei,Cypriniformes,Danionidae
Rasbora semilineata,22626,Teleostei,Cypriniformes,Danionidae
Rasbora sumatrana,5437,Teleostei,Cypriniformes,Danionidae
Rasbora tornieri,22832,Teleostei,Cypriniformes,Danionidae
Rasbora trifasciata,22834,Teleostei,Cypriniformes,Danionidae
Rasbora trilineata,4771,Teleostei,Cypriniformes,Danionidae
Rasbora tubbi,22642,Teleostei,Cypriniformes,Danionidae
Rasbora tuberculata,27020,Teleostei,Cypriniformes,Danionidae
Rasbora volzii,10376,Teleostei,Cypriniformes,Danionidae
Rasbora vulgaris,65355,Teleostei,Cypriniformes,Danionidae
Trigonopoma gracile,15915,Teleostei,Cypriniformes,Danionidae
Trigonopoma pauciperforatum,10373,Teleostei,Cypriniformes,Danionidae
Trigonostigma heteromorpha,10881,Teleostei,Cypriniformes,Danionidae
Trigonostigma truncata,69168,Teleostei,Cypriniformes,Danionidae
Bathytoshia lata,27065,Elasmobranchii,Myliobatiformes,Dasyatidae
Brevitrygon heterura,68226,Elasmobranchii,Myliobatiformes,Dasyatidae
Brevitrygon imbricata,13150,Elasmobranchii,Myliobatiformes,Dasyatidae
Brevitrygon walga,15484,Elasmobranchii,Myliobatiformes,Dasyatidae
Fluvitrygon kittipongi,63551,Elasmobranchii,Myliobatiformes,Dasyatidae
Fluvitrygon signifer,7982,Elasmobranchii,Myliobatiformes,Dasyatidae
Hemitrygon akajei,940,Elasmobranchii,Myliobatiformes,Dasyatidae
Hemitrygon bennettii,15387,Elasmobranchii,Myliobatiformes,Dasyatidae
Hemitrygon fluviorum,12583,Elasmobranchii,Myliobatiformes,Dasyatidae
Himantura leoparda,64147,Elasmobranchii,Myliobatiformes,Dasyatidae
Himantura tutul,67649,Elasmobranchii,Myliobatiformes,Dasyatidae
Himantura uarnak,5507,Elasmobranchii,Myliobatiformes,Dasyatidae
Himantura undulata,12584,Elasmobranchii,Myliobatiformes,Dasyatidae
Maculabatis gerrardi,15483,Elasmobranchii,Myliobatiformes,Dasyatidae
Maculabatis macrura,69728,Elasmobranchii,Myliobatiformes,Dasyatidae
Maculabatis toshi,15487,Elasmobranchii,Myliobatiformes,Dasyatidae
Megatrygon microps,15391,Elasmobranchii,Myliobatiformes,Dasyatidae
Neotrygon kuhlii,4508,Elasmobranchii,Myliobatiformes,Dasyatidae
Neotrygon orientalis,68494,Elasmobranchii,Myliobatiformes,Dasyatidae
Pastinachus ater,65900,Elasmobranchii,Myliobatiformes,Dasyatidae
Pastinachus gracilicaudus,65553,Elasmobranchii,Myliobatiformes,Dasyatidae
Pastinachus sephen,8203,Elasmobranchii,Myliobatiformes,Dasyatidae
Pastinachus solocirostris,63343,Elasmobranchii,Myliobatiformes,Dasyatidae
Pateobatis bleekeri,13148,Elasmobranchii,Myliobatiformes,Dasyatidae
Pateobatis fai,12587,Elasmobranchii,Myliobatiformes,Dasyatidae
Pateobatis jenkinsii,12589,Elasmobranchii,Myliobatiformes,Dasyatidae
Pateobatis uarnacoides,57399,Elasmobranchii,Myliobatiformes,Dasyatidae
Taeniura lymma,5399,Elasmobranchii,Myliobatiformes,Dasyatidae
Taeniurops meyeni,6482,Elasmobranchii,Myliobatiformes,Dasyatidae
Telatrygon biasa,68036,Elasmobranchii,Myliobatiformes,Dasyatidae
Telatrygon zugei,8205,Elasmobranchii,Myliobatiformes,Dasyatidae
Urogymnus asperrimus,5400,Elasmobranchii,Myliobatiformes,Dasyatidae
Urogymnus granulatus,12586,Elasmobranchii,Myliobatiformes,Dasyatidae
Urogymnus lobistoma,63391,Elasmobranchii,Myliobatiformes,Dasyatidae
Urogymnus polylepis,11693,Elasmobranchii,Myliobatiformes,Dasyatidae
Dentatherina merceri,7186,Teleostei,Atheriniformes,Dentatherinidae
Diancistrus altidorsalis,63169,Teleostei,Ophidiiformes,Dinematichthyidae
Cyclichthys orbicularis,5196,Teleostei,Tetraodontiformes,Diodontidae
Diodon holocanthus,4659,Teleostei,Tetraodontiformes,Diodontidae
Diodon hystrix,1022,Teleostei,Tetraodontiformes,Diodontidae
Diodon liturosus,6552,Teleostei,Tetraodontiformes,Diodontidae
Amblygaster leiogaster,1500,Teleostei,Clupeiformes,Dorosomatidae
Amblygaster sirm,1501,Teleostei,Clupeiformes,Dorosomatidae
Anodontostoma chacunda,1619,Teleostei,Clupeiformes,Dorosomatidae
Anodontostoma thailandiae,1621,Teleostei,Clupeiformes,Dorosomatidae
Escualosa thoracata,1522,Teleostei,Clupeiformes,Dorosomatidae
Herklotsichthys dispilonotus,1489,Teleostei,Clupeiformes,Dorosomatidae
Herklotsichthys quadrimaculatus,1494,Teleostei,Clupeiformes,Dorosomatidae
Hilsa kelee,1595,Teleostei,Clupeiformes,Dorosomatidae
Nematalosa come,1611,Teleostei,Clupeiformes,Dorosomatidae
Nematalosa galatheae,1614,Teleostei,Clupeiformes,Dorosomatidae
Nematalosa nasus,1616,Teleostei,Clupeiformes,Dorosomatidae
Sardinella albella,1502,Teleostei,Clupeiformes,Dorosomatidae
Sardinella brachysoma,1504,Teleostei,Clupeiformes,Dorosomatidae
Sardinella fimbriata,1507,Teleostei,Clupeiformes,Dorosomatidae
Sardinella gibbosa,1508,Teleostei,Clupeiformes,Dorosomatidae
Sardinella lemuru,1510,Teleostei,Clupeiformes,Dorosomatidae
Sardinella melanura,1513,Teleostei,Clupeiformes,Dorosomatidae
Tenualosa ilisha,1596,Teleostei,Clupeiformes,Dorosomatidae
Tenualosa macrura,1597,Teleostei,Clupeiformes,Dorosomatidae
Tenualosa toli,1600,Teleostei,Clupeiformes,Dorosomatidae
Drepane longimana,7692,Teleostei,Acanthuriformes,Drepaneidae
Drepane punctata,454,Teleostei,Acanthuriformes,Drepaneidae
Dussumieria acuta,1453,Teleostei,Clupeiformes,Dussumieriidae
Dussumieria albulina,69849,Teleostei,Clupeiformes,Dussumieriidae
Dussumieria elopsoides,1454,Teleostei,Clupeiformes,Dussumieriidae
Dussumieria hasseltii,69847,Teleostei,Clupeiformes,Dussumieriidae
Echeneis naucrates,2467,Teleostei,Carangiformes,Echeneidae
Clupeichthys perakensis,1570,Teleostei,Clupeiformes,Ehiravidae
Corica laciniata,1565,Teleostei,Clupeiformes,Ehiravidae
Corica soborna,1566,Teleostei,Clupeiformes,Ehiravidae
Sundasalanx microps,23397,Teleostei,Clupeiformes,Ehiravidae
Calumia godeffroyi,13765,Teleostei,Gobiiformes,Eleotridae
Eleotris acanthopomus,11794,Teleostei,Gobiiformes,Eleotridae
Eleotris melanosoma,10013,Teleostei,Gobiiformes,Eleotridae
Ellopostoma megalomycter,22699,Teleostei,Cypriniformes,Ellopostomatidae
Elops hawaiensis,6415,Teleostei,Elopiformes,Elopidae
Elops machnata,5512,Teleostei,Elopiformes,Elopidae
Coilia borneensis,614,Teleostei,Clupeiformes,Engraulidae
Coilia coomansi,624,Teleostei,Clupeiformes,Engraulidae
Coilia dussumieri,625,Teleostei,Clupeiformes,Engraulidae
Coilia lindmani,627,Teleostei,Clupeiformes,Engraulidae
Coilia macrognathos,628,Teleostei,Clupeiformes,Engraulidae
Coilia neglecta,631,Teleostei,Clupeiformes,Engraulidae
Coilia rebentischii,633,Teleostei,Clupeiformes,Engraulidae
Encrasicholina heteroloba,556,Teleostei,Clupeiformes,Engraulidae
Encrasicholina punctifer,558,Teleostei,Clupeiformes,Engraulidae
Lycothrissa crocodilus,604,Teleostei,Clupeiformes,Engraulidae
Setipinna breviceps,8809,Teleostei,Clupeiformes,Engraulidae
Setipinna melanochir,608,Teleostei,Clupeiformes,Engraulidae
Setipinna taty,611,Teleostei,Clupeiformes,Engraulidae
Setipinna tenuifilis,612,Teleostei,Clupeiformes,Engraulidae
Stolephorus acinaces,69936,Teleostei,Clupeiformes,Engraulidae
Stolephorus andhraensis,561,Teleostei,Clupeiformes,Engraulidae
Stolephorus baganensis,563,Teleostei,Clupeiformes,Engraulidae
Stolephorus balinensis,69956,Teleostei,Clupeiformes,Engraulidae
Stolephorus commersonnii,566,Teleostei,Clupeiformes,Engraulidae
Stolephorus diabolus,70609,Teleostei,Clupeiformes,Engraulidae
Stolephorus dubiosus,567,Teleostei,Clupeiformes,Engraulidae
Stolephorus indicus,569,Teleostei,Clupeiformes,Engraulidae
Stolephorus insularis,571,Teleostei,Clupeiformes,Engraulidae
Stolephorus rex,69954,Teleostei,Clupeiformes,Engraulidae
Stolephorus tri,577,Teleostei,Clupeiformes,Engraulidae
Stolephorus waitei,578,Teleostei,Clupeiformes,Engraulidae
Thrissina samam,71664,Teleostei,Clupeiformes,Engraulidae
Thryssa dussumieri,586,Teleostei,Clupeiformes,Engraulidae
Thryssa hamiltonii,589,Teleostei,Clupeiformes,Engraulidae
Thryssa kammalensis,590,Teleostei,Clupeiformes,Engraulidae
Thryssa mystax,594,Teleostei,Clupeiformes,Engraulidae
Thryssa setirostris,599,Teleostei,Clupeiformes,Engraulidae
Thryssa spinidens,600,Teleostei,Clupeiformes,Engraulidae
Ephippus orbis,8243,Teleostei,Acanthuriformes,Ephippidae
Platax batavianus,10547,Teleostei,Acanthuriformes,Ephippidae
Platax boersii,14307,Teleostei,Acanthuriformes,Ephippidae
Platax orbicularis,5737,Teleostei,Acanthuriformes,Ephippidae
Platax pinnatus,5738,Teleostei,Acanthuriformes,Ephippidae
Platax teira,5739,Teleostei,Acanthuriformes,Ephippidae
Proteracanthus sarissophorus,24842,Teleostei,Acanthuriformes,Ephippidae
Aethaloperca rogaa,6441,Teleostei,Perciformes/Serranoidei,Epinephelidae
Anyperodon leucogrammicus,4922,Teleostei,Perciformes/Serranoidei,Epinephelidae
Cephalopholis argus,6396,Teleostei,Perciformes/Serranoidei,Epinephelidae
Cephalopholis aurantia,6443,Teleostei,Perciformes/Serranoidei,Epinephelidae
Cephalopholis boenak,6444,Teleostei,Perciformes/Serranoidei,Epinephelidae
Cephalopholis cyanostigma,6445,Teleostei,Perciformes/Serranoidei,Epinephelidae
Cephalopholis formosa,6446,Teleostei,Perciformes/Serranoidei,Epinephelidae
Cephalopholis igarashiensis,5366,Teleostei,Perciformes/Serranoidei,Epinephelidae
Cephalopholis microprion,6449,Teleostei,Perciformes/Serranoidei,Epinephelidae
Cephalopholis miniata,6450,Teleostei,Perciformes/Serranoidei,Epinephelidae
Cephalopholis sexmaculata,6453,Teleostei,Perciformes/Serranoidei,Epinephelidae
Cephalopholis sonnerati,6454,Teleostei,Perciformes/Serranoidei,Epinephelidae
Cephalopholis spiloparaea,6455,Teleostei,Perciformes/Serranoidei,Epinephelidae
Cephalopholis urodeta,6456,Teleostei,Perciformes/Serranoidei,Epinephelidae
Chromileptes altivelis,6457,Teleostei,Perciformes/Serranoidei,Epinephelidae
Epinephelus amblycephalus,6459,Teleostei,Perciformes/Serranoidei,Epinephelidae
Epinephelus areolatus,5367,Teleostei,Perciformes/Serranoidei,Epinephelidae
Epinephelus bleekeri,7333,Teleostei,Perciformes/Serranoidei,Epinephelidae
Epinephelus chlorostigma,5524,Teleostei,Perciformes/Serranoidei,Epinephelidae
Epinephelus coeruleopunctatus,6440,Teleostei,Perciformes/Serranoidei,Epinephelidae
Epinephelus coioides,6465,Teleostei,Perciformes/Serranoidei,Epinephelidae
Epinephelus corallicola,6466,Teleostei,Perciformes/Serranoidei,Epinephelidae
Epinephelus cyanopodus,5349,Teleostei,Perciformes/Serranoidei,Epinephelidae
Epinephelus diacanthus,7340,Teleostei,Perciformes/Serranoidei,Epinephelidae
Epinephelus erythrurus,7343,Teleostei,Perciformes/Serranoidei,Epinephelidae
Epinephelus fasciatomaculosus,6467,Teleostei,Perciformes/Serranoidei,Epinephelidae
Epinephelus fasciatus,5348,Teleostei,Perciformes/Serranoidei,Epinephelidae
Epinephelus fuscoguttatus,4460,Teleostei,Perciformes/Serranoidei,Epinephelidae
Epinephelus heniochus,7347,Teleostei,Perciformes/Serranoidei,Epinephelidae
Epinephelus lanceolatus,6468,Teleostei,Perciformes/Serranoidei,Epinephelidae
Epinephelus latifasciatus,7350,Teleostei,Perciformes/Serranoidei,Epinephelidae
Epinephelus macrospilos,6661,Teleostei,Perciformes/Serranoidei,Epinephelidae
Epinephelus maculatus,5350,Teleostei,Perciformes/Serranoidei,Epinephelidae
Epinephelus malabaricus,6439,Teleostei,Perciformes/Serranoidei,Epinephelidae
Epinephelus merra,4923,Teleostei,Perciformes/Serranoidei,Epinephelidae
Epinephelus morrhua,5353,Teleostei,Perciformes/Serranoidei,Epinephelidae
Epinephelus ongus,6472,Teleostei,Perciformes/Serranoidei,Epinephelidae
Epinephelus quoyanus,6475,Teleostei,Perciformes/Serranoidei,Epinephelidae
Epinephelus sexfasciatus,4825,Teleostei,Perciformes/Serranoidei,Epinephelidae
Epinephelus summana,7366,Teleostei,Perciformes/Serranoidei,Epinephelidae
Epinephelus tauvina,4461,Teleostei,Perciformes/Serranoidei,Epinephelidae
Epinephelus undulosus,6476,Teleostei,Perciformes/Serranoidei,Epinephelidae
Gracila albomarginata,6477,Teleostei,Perciformes/Serranoidei,Epinephelidae
Plectropomus laevis,7372,Teleostei,Perciformes/Serranoidei,Epinephelidae
Plectropomus leopardus,4826,Teleostei,Perciformes/Serranoidei,Epinephelidae
Plectropomus maculatus,4886,Teleostei,Perciformes/Serranoidei,Epinephelidae
Plectropomus oligacanthus,7319,Teleostei,Perciformes/Serranoidei,Epinephelidae
Variola albimarginata,6478,Teleostei,Perciformes/Serranoidei,Epinephelidae
Variola louti,5354,Teleostei,Perciformes/Serranoidei,Epinephelidae
Cheilopogon abei,15316,Teleostei,Beloniformes,Exocoetidae
Cheilopogon atrisignis,7509,Teleostei,Beloniformes,Exocoetidae
Cheilopogon cyanopterus,7695,Teleostei,Beloniformes,Exocoetidae
Cheilopogon furcatus,1028,Teleostei,Beloniformes,Exocoetidae
Cheilopogon intermedius,15346,Teleostei,Beloniformes,Exocoetidae
Cheilopogon spilopterus,15358,Teleostei,Beloniformes,Exocoetidae
Cypselurus neglectus,71626,Teleostei,Beloniformes,Exocoetidae
Cypselurus oligolepis,15365,Teleostei,Beloniformes,Exocoetidae
Parexocoetus mento,4904,Teleostei,Beloniformes,Exocoetidae
Fistularia commersonii,5444,Teleostei,Syngnathiformes,Fistulariidae
Fistularia petimba,3276,Teleostei,Syngnathiformes,Fistulariidae
Galeocerdo cuvier,886,Elasmobranchii,Carcharhiniformes,Galeocerdonidae
Gastromyzon aequabilis,63166,Teleostei,Cypriniformes,Gastromyzontidae
Gastromyzon aeroides,62560,Teleostei,Cypriniformes,Gastromyzontidae
Gastromyzon auronigrus,63175,Teleostei,Cypriniformes,Gastromyzontidae
Gastromyzon bario,63152,Teleostei,Cypriniformes,Gastromyzontidae
Gastromyzon borneensis,22701,Teleostei,Cypriniformes,Gastromyzontidae
Gastromyzon cornusaccus,63147,Teleostei,Cypriniformes,Gastromyzontidae
Gastromyzon crenastus,63181,Teleostei,Cypriniformes,Gastromyzontidae
Gastromyzon ctenocephalus,22841,Teleostei,Cypriniformes,Gastromyzontidae
Gastromyzon danumensis,22843,Teleostei,Cypriniformes,Gastromyzontidae
Gastromyzon extrorsus,63149,Teleostei,Cypriniformes,Gastromyzontidae
Gastromyzon farragus,63182,Teleostei,Cypriniformes,Gastromyzontidae
Gastromyzon fasciatus,22844,Teleostei,Cypriniformes,Gastromyzontidae
Gastromyzon ingeri,63167,Teleostei,Cypriniformes,Gastromyzontidae
Gastromyzon introrsus,63151,Teleostei,Cypriniformes,Gastromyzontidae
Gastromyzon katibasensis,63183,Teleostei,Cypriniformes,Gastromyzontidae
Gastromyzon lepidogaster,22845,Teleostei,Cypriniformes,Gastromyzontidae
Gastromyzon megalepis,22847,Teleostei,Cypriniformes,Gastromyzontidae
Gastromyzon monticola,22850,Teleostei,Cypriniformes,Gastromyzontidae
Gastromyzon ocellatus,62206,Teleostei,Cypriniformes,Gastromyzontidae
Gastromyzon ornaticauda,56317,Teleostei,Cypriniformes,Gastromyzontidae
Gastromyzon pariclavis,56316,Teleostei,Cypriniformes,Gastromyzontidae
Gastromyzon punctulatus,5439,Teleostei,Cypriniformes,Gastromyzontidae
Gastromyzon ridens,22851,Teleostei,Cypriniformes,Gastromyzontidae
Gastromyzon scitulus,63180,Teleostei,Cypriniformes,Gastromyzontidae
Gastromyzon spectabilis,63172,Teleostei,Cypriniformes,Gastromyzontidae
Gastromyzon stellatus,63163,Teleostei,Cypriniformes,Gastromyzontidae
Gastromyzon umbrus,63156,Teleostei,Cypriniformes,Gastromyzontidae
Gastromyzon viriosus,63174,Teleostei,Cypriniformes,Gastromyzontidae
Glaniopsis denudata,22853,Teleostei,Cypriniformes,Gastromyzontidae
Glaniopsis gossei,22854,Teleostei,Cypriniformes,Gastromyzontidae
Glaniopsis hanitschi,22857,Teleostei,Cypriniformes,Gastromyzontidae
Glaniopsis multiradiata,22861,Teleostei,Cypriniformes,Gastromyzontidae
Hypergastromyzon eubranchus,22968,Teleostei,Cypriniformes,Gastromyzontidae
Katibasia insidiosa,62110,Teleostei,Cypriniformes,Gastromyzontidae
Neogastromyzon chini,63177,Teleostei,Cypriniformes,Gastromyzontidae
Neogastromyzon crassiobex,63176,Teleostei,Cypriniformes,Gastromyzontidae
Neogastromyzon nieuwenhuisii,22984,Teleostei,Cypriniformes,Gastromyzontidae
Neogastromyzon pauciradiatus,22987,Teleostei,Cypriniformes,Gastromyzontidae
Parhomaloptera microstoma,22989,Teleostei,Cypriniformes,Gastromyzontidae
Protomyzon aphelocheilus,22990,Teleostei,Cypriniformes,Gastromyzontidae
Protomyzon borneensis,22991,Teleostei,Cypriniformes,Gastromyzontidae
Protomyzon griswoldi,22995,Teleostei,Cypriniformes,Gastromyzontidae
Protomyzon whiteheadi,22996,Teleostei,Cypriniformes,Gastromyzontidae
Gempylus serpens,1041,Teleostei,Scombriformes,Gempylidae
Neoepinnula orientalis,3906,Teleostei,Scombriformes,Gempylidae
Rexea bengalensis,8486,Teleostei,Scombriformes,Gempylidae
Rexea prometheoides,7697,Teleostei,Scombriformes,Gempylidae
Thyrsitoides marleyi,7698,Teleostei,Scombriformes,Gempylidae
Gerres erythrourus,5800,Teleostei,Eupercaria/misc,Gerreidae
Gerres filamentosus,4463,Teleostei,Eupercaria/misc,Gerreidae
Gerres longirostris,7699,Teleostei,Eupercaria/misc,Gerreidae
Gerres oblongus,5801,Teleostei,Eupercaria/misc,Gerreidae
Gerres oyena,5996,Teleostei,Eupercaria/misc,Gerreidae
Gerres setifer,13425,Teleostei,Eupercaria/misc,Gerreidae
Gerres silaceus,59247,Teleostei,Eupercaria/misc,Gerreidae
Pentaprion longimanus,4448,Teleostei,Eupercaria/misc,Gerreidae
Nebrius ferrugineus,5895,Elasmobranchii,Orectolobiformes,Ginglymostomatidae
Glaucosoma hebraicum,14956,Teleostei,Acropomatiformes,Glaucosomatidae
Glaucostegus obtusus,12576,Elasmobranchii,Rhinopristiformes,Glaucostegidae
Glaucostegus thouin,12578,Elasmobranchii,Rhinopristiformes,Glaucostegidae
Glaucostegus typus,12577,Elasmobranchii,Rhinopristiformes,Glaucostegidae
Flabellicauda alleni,70309,Teleostei,Gobiesociformes,Gobiesocidae
Acentrogobius cyanomos,25062,Teleostei,Gobiiformes,Gobiidae
Acentrogobius moloanus,23582,Teleostei,Gobiiformes,Gobiidae
Amblyeleotris diagonalis,13152,Teleostei,Gobiiformes,Gobiidae
Amblyeleotris guttata,6671,Teleostei,Gobiiformes,Gobiidae
Amblyeleotris latifasciata,47046,Teleostei,Gobiiformes,Gobiidae
Amblyeleotris randalli,7232,Teleostei,Gobiiformes,Gobiidae
Amblyeleotris rubrimarginata,61007,Teleostei,Gobiiformes,Gobiidae
Amblygobius stethophthalmus,62722,Teleostei,Gobiiformes,Gobiidae
Amblyotrypauchen arctocephalus,59255,Teleostei,Gobiiformes,Gobiidae
Asterropteryx bipunctata,58617,Teleostei,Gobiiformes,Gobiidae
Asterropteryx striata,58618,Teleostei,Gobiiformes,Gobiidae
Aulopareia caerulostellata,71724,Teleostei,Gobiiformes,Gobiidae
Bathygobius fuscus,7201,Teleostei,Gobiiformes,Gobiidae
Brachygobius aggregatus,11802,Teleostei,Gobiiformes,Gobiidae
Brachygobius doriae,25066,Teleostei,Gobiiformes,Gobiidae
Brachygobius kabiliensis,25067,Teleostei,Gobiiformes,Gobiidae
Brachygobius nunus,25235,Teleostei,Gobiiformes,Gobiidae
Brachygobius xanthomelas,25069,Teleostei,Gobiiformes,Gobiidae
Bryaninops natans,7205,Teleostei,Gobiiformes,Gobiidae
Bryaninops tigris,7282,Teleostei,Gobiiformes,Gobiidae
Bryaninops yongei,7251,Teleostei,Gobiiformes,Gobiidae
Cabillus lacertops,23692,Teleostei,Gobiiformes,Gobiidae
Callogobius clitellus,27559,Teleostei,Gobiiformes,Gobiidae
Cryptocentrus leptocephalus,25799,Teleostei,Gobiiformes,Gobiidae
Cryptocentrus nigrocellatus,23637,Teleostei,Gobiiformes,Gobiidae
Cryptocentrus pavoninoides,59242,Teleostei,Gobiiformes,Gobiidae
Cryptocentrus sericus,67818,Teleostei,Gobiiformes,Gobiidae
Ctenogobiops aurocingulus,7237,Teleostei,Gobiiformes,Gobiidae
Discordipinna filamentosa,67394,Teleostei,Gobiiformes,Gobiidae
Discordipinna griessingeri,7212,Teleostei,Gobiiformes,Gobiidae
Discordipinna vibrissa,71547,Teleostei,Gobiiformes,Gobiidae
Dotsugobius bleekeri,27566,Teleostei,Gobiiformes,Gobiidae
Eugnathogobius ganuensis,71491,Teleostei,Gobiiformes,Gobiidae
Eugnathogobius kabilia,25079,Teleostei,Gobiiformes,Gobiidae
Eugnathogobius siamensis,26857,Teleostei,Gobiiformes,Gobiidae
Eviota atriventris,66457,Teleostei,Gobiiformes,Gobiidae
Eviota bifasciata,7213,Teleostei,Gobiiformes,Gobiidae
Eviota pellucida,7269,Teleostei,Gobiiformes,Gobiidae
Eviota prasites,7271,Teleostei,Gobiiformes,Gobiidae
Eviota spilota,7638,Teleostei,Gobiiformes,Gobiidae
Exyrias puntang,377,Teleostei,Gobiiformes,Gobiidae
Fusigobius signipinnis,7513,Teleostei,Gobiiformes,Gobiidae
Glossogobius aureus,8250,Teleostei,Gobiiformes,Gobiidae
Glossogobius celebius,22501,Teleostei,Gobiiformes,Gobiidae
Glossogobius circumspectus,25074,Teleostei,Gobiiformes,Gobiidae
Glossogobius giuris,4833,Teleostei,Gobiiformes,Gobiidae
Gnatholepis yoshinoi,65197,Teleostei,Gobiiformes,Gobiidae
Gobiodon okinawae,7217,Teleostei,Gobiiformes,Gobiidae
Gobiodon quinquestrigatus,22462,Teleostei,Gobiiformes,Gobiidae
Gobiopsis quinquecincta,23663,Teleostei,Gobiiformes,Gobiidae
Gobiopterus chuno,25076,Teleostei,Gobiiformes,Gobiidae
Grallenia lipi,63714,Teleostei,Gobiiformes,Gobiidae
Grallenia rubrilineata,68356,Teleostei,Gobiiformes,Gobiidae
Hemigobius hoevenii,25078,Teleostei,Gobiiformes,Gobiidae
Istigobius diadema,25201,Teleostei,Gobiiformes,Gobiidae
Istigobius ornatus,4322,Teleostei,Gobiiformes,Gobiidae
Koumansetta hectori,7242,Teleostei,Gobiiformes,Gobiidae
Mugilogobius mertoni,27416,Teleostei,Gobiiformes,Gobiidae
Mugilogobius rambaiae,27417,Teleostei,Gobiiformes,Gobiidae
Mugilogobius tigrinus,59900,Teleostei,Gobiiformes,Gobiidae
Oxyurichthys auchenolepis,59250,Teleostei,Gobiiformes,Gobiidae
Oxyurichthys ophthalmonema,10298,Teleostei,Gobiiformes,Gobiidae
Oxyurichthys visayanus,8267,Teleostei,Gobiiformes,Gobiidae
Palutrus scapulopunctatus,8408,Teleostei,Gobiiformes,Gobiidae
Pandaka pygmaea,5460,Teleostei,Gobiiformes,Gobiidae
Paragobiodon melanosoma,22489,Teleostei,Gobiiformes,Gobiidae
Paragobiodon xanthosoma,7220,Teleostei,Gobiiformes,Gobiidae
Paratrypauchen microcephalus,8214,Teleostei,Gobiiformes,Gobiidae
Parawaous megacephalus,25065,Teleostei,Gobiiformes,Gobiidae
Phyllogobius platycephalops,61315,Teleostei,Gobiiformes,Gobiidae
Pleurosicya elongata,11618,Teleostei,Gobiiformes,Gobiidae
Pleurosicya labiata,59437,Teleostei,Gobiiformes,Gobiidae
Pleurosicya micheli,25509,Teleostei,Gobiiformes,Gobiidae
Priolepis nocturna,25525,Teleostei,Gobiiformes,Gobiidae
Priolepis pallidicincta,56842,Teleostei,Gobiiformes,Gobiidae
Psammogobius biocellatus,9946,Teleostei,Gobiiformes,Gobiidae
Pseudogobiopsis festiva,64897,Teleostei,Gobiiformes,Gobiidae
Pseudogobiopsis oligactis,25089,Teleostei,Gobiiformes,Gobiidae
Pseudogobiopsis paludosa,61419,Teleostei,Gobiiformes,Gobiidae
Pseudogobius avicennia,27420,Teleostei,Gobiiformes,Gobiidae
Pseudogobius fulvicaudus,67521,Teleostei,Gobiiformes,Gobiidae
Pseudogobius melanosticta,59873,Teleostei,Gobiiformes,Gobiidae
Pseudogobius poicilosoma,25093,Teleostei,Gobiiformes,Gobiidae
Pseudogobius verticalis,69771,Teleostei,Gobiiformes,Gobiidae
Pseudotrypauchen multiradiatus,25124,Teleostei,Gobiiformes,Gobiidae
Redigobius balteatus,11817,Teleostei,Gobiiformes,Gobiidae
Redigobius bikolanus,11818,Teleostei,Gobiiformes,Gobiidae
Redigobius isognathus,25098,Teleostei,Gobiiformes,Gobiidae
Stenogobius ingeri,25113,Teleostei,Gobiiformes,Gobiidae
Stigmatogobius pleurostigma,25118,Teleostei,Gobiiformes,Gobiidae
Stigmatogobius sadanundio,25119,Teleostei,Gobiiformes,Gobiidae
Stigmatogobius sella,25117,Teleostei,Gobiiformes,Gobiidae
Stiphodon atropurpureus,51779,Teleostei,Gobiiformes,Gobiidae
Stiphodon aureorostrum,63356,Teleostei,Gobiiformes,Gobiidae
Taenioides anguillaris,25125,Teleostei,Gobiiformes,Gobiidae
Taenioides gracilis,10004,Teleostei,Gobiiformes,Gobiidae
Tomiyamichthys nudus,66882,Teleostei,Gobiiformes,Gobiidae
Tomiyamichthys oni,23644,Teleostei,Gobiiformes,Gobiidae
Tomiyamichthys russus,59828,Teleostei,Gobiiformes,Gobiidae
Tomiyamichthys smithi,61636,Teleostei,Gobiiformes,Gobiidae
Trimma agrena,62959,Teleostei,Gobiiformes,Gobiidae
Trimma hollemani,68090,Teleostei,Gobiiformes,Gobiidae
Trimma naudei,22495,Teleostei,Gobiiformes,Gobiidae
Trimma tevegae,12754,Teleostei,Gobiiformes,Gobiidae
Trypauchen pelaeos,63584,Teleostei,Gobiiformes,Gobiidae
Trypauchen vagina,4897,Teleostei,Gobiiformes,Gobiidae
Trypauchenichthys sumatrensis,25127,Teleostei,Gobiiformes,Gobiidae
Tryssogobius colini,61325,Teleostei,Gobiiformes,Gobiidae
Valenciennea muralis,7226,Teleostei,Gobiiformes,Gobiidae
Valenciennea randalli,12613,Teleostei,Gobiiformes,Gobiidae
Valenciennea sexguttata,7227,Teleostei,Gobiiformes,Gobiidae
Valenciennea yanoi,69085,Teleostei,Gobiiformes,Gobiidae
Wuhanlinigobius malayensis,67295,Teleostei,Gobiiformes,Gobiidae
Wuhanlinigobius polylepis,59237,Teleostei,Gobiiformes,Gobiidae
Yongeichthys nebulosus,7228,Teleostei,Gobiiformes,Gobiidae
Grammistes sexlineatus,4925,Teleostei,Perciformes/Serranoidei,Grammistidae
Pogonoperca punctata,12727,Teleostei,Perciformes/Serranoidei,Grammistidae
Pseudogramma polyacanthus,7320,Teleostei,Perciformes/Serranoidei,Grammistidae
Gymnura japonica,11948,Elasmobranchii,Myliobatiformes,Gymnuridae
Gymnura poecilura,8260,Elasmobranchii,Myliobatiformes,Gymnuridae
Gymnura zonura,12593,Elasmobranchii,Myliobatiformes,Gymnuridae
Diagramma melanacrum,60078,Teleostei,Eupercaria/misc,Haemulidae
Diagramma pictum,4465,Teleostei,Eupercaria/misc,Haemulidae
Plectorhinchus chrysotaenia,56810,Teleostei,Eupercaria/misc,Haemulidae
Plectorhinchus diagrammus,6628,Teleostei,Eupercaria/misc,Haemulidae
Plectorhinchus gibbosus,6366,Teleostei,Eupercaria/misc,Haemulidae
Plectorhinchus lessonii,50052,Teleostei,Eupercaria/misc,Haemulidae
Plectorhinchus lineatus,6940,Teleostei,Eupercaria/misc,Haemulidae
Plectorhinchus pica,6370,Teleostei,Eupercaria/misc,Haemulidae
Plectorhinchus pictus,8315,Teleostei,Eupercaria/misc,Haemulidae
Plectorhinchus polytaenia,8316,Teleostei,Eupercaria/misc,Haemulidae
Plectorhinchus vittatus,25706,Teleostei,Eupercaria/misc,Haemulidae
Pomadasys argenteus,399,Teleostei,Eupercaria/misc,Haemulidae
Pomadasys auritus,60536,Teleostei,Eupercaria/misc,Haemulidae
Pomadasys commersonnii,5126,Teleostei,Eupercaria/misc,Haemulidae
Pomadasys kaakan,6006,Teleostei,Eupercaria/misc,Haemulidae
Pomadasys maculatus,4447,Teleostei,Eupercaria/misc,Haemulidae
Pomadasys olivaceus,5518,Teleostei,Eupercaria/misc,Haemulidae
Pomadasys unimaculatus,51125,Teleostei,Eupercaria/misc,Haemulidae
Helostoma temminckii,500,Teleostei,Anabantiformes,Helostomatidae
Chaenogaleus macrostoma,5896,Elasmobranchii,Carcharhiniformes,Hemigaleidae
Hemigaleus microstoma,5897,Elasmobranchii,Carcharhiniformes,Hemigaleidae
Hemipristis elongata,5898,Elasmobranchii,Carcharhiniformes,Hemigaleidae
Paragaleus tengi,5899,Elasmobranchii,Carcharhiniformes,Hemigaleidae
Hemiramphus archipelagicus,14303,Teleostei,Beloniformes,Hemiramphidae
Hemiramphus far,5404,Teleostei,Beloniformes,Hemiramphidae
Hemiramphus lutkei,7709,Teleostei,Beloniformes,Hemiramphidae
Hyporhamphus balinensis,16813,Teleostei,Beloniformes,Hemiramphidae
Hyporhamphus dussumieri,12895,Teleostei,Beloniformes,Hemiramphidae
Hyporhamphus limbatus,8313,Teleostei,Beloniformes,Hemiramphidae
Hyporhamphus melanopterus,16815,Teleostei,Beloniformes,Hemiramphidae
Hyporhamphus neglectus,16816,Teleostei,Beloniformes,Hemiramphidae
Hyporhamphus quoyi,8262,Teleostei,Beloniformes,Hemiramphidae
Melapedalion breve,16879,Teleostei,Beloniformes,Hemiramphidae
Oxyporhamphus convexus,16884,Teleostei,Beloniformes,Hemiramphidae
Oxyporhamphus micropterus,12112,Teleostei,Beloniformes,Hemiramphidae
Rhynchorhamphus georgii,4666,Teleostei,Beloniformes,Hemiramphidae
Rhynchorhamphus naga,16892,Teleostei,Beloniformes,Hemiramphidae
Chiloscyllium griseum,4304,Elasmobranchii,Orectolobiformes,Hemiscylliidae
Chiloscyllium hasseltii,54210,Elasmobranchii,Orectolobiformes,Hemiscylliidae
Chiloscyllium indicum,5900,Elasmobranchii,Orectolobiformes,Hemiscylliidae
Chiloscyllium plagiosum,5120,Elasmobranchii,Orectolobiformes,Hemiscylliidae
Chiloscyllium punctatum,5903,Elasmobranchii,Orectolobiformes,Hemiscylliidae
Hemiscyllium ocellatum,5906,Elasmobranchii,Orectolobiformes,Hemiscylliidae
Heterodontus zebra,746,Elasmobranchii,Heterodontiformes,Heterodontidae
Hexanchus griseus,637,Elasmobranchii,Hexanchiformes,Hexanchidae
Lophiocharon lithinostomus,47502,Teleostei,Lophiiformes,Histiophrynidae
Lophiocharon trisignatus,10330,Teleostei,Lophiiformes,Histiophrynidae
Myripristis adusta,6506,Teleostei,Holocentriformes,Holocentridae
Myripristis berndti,4910,Teleostei,Holocentriformes,Holocentridae
Myripristis botche,26201,Teleostei,Holocentriformes,Holocentridae
Myripristis hexagona,7305,Teleostei,Holocentriformes,Holocentridae
Myripristis kuntee,7306,Teleostei,Holocentriformes,Holocentridae
Myripristis murdjan,5408,Teleostei,Holocentriformes,Holocentridae
Ostichthys japonicus,8265,Teleostei,Holocentriformes,Holocentridae
Sargocentron cornutum,5406,Teleostei,Holocentriformes,Holocentridae
Sargocentron microstoma,5841,Teleostei,Holocentriformes,Holocentridae
Sargocentron rubrum,6625,Teleostei,Holocentriformes,Holocentridae
Sargocentron spiniferum,6507,Teleostei,Holocentriformes,Holocentridae
Sargocentron tiere,4908,Teleostei,Holocentriformes,Holocentridae
Sargocentron violaceum,4909,Teleostei,Holocentriformes,Holocentridae
Hoplichthys gilberti,8261,Teleostei,Perciformes/Scorpaenoidei,Hoplichthyidae
Indostomus paradoxus,4321,Teleostei,Synbranchiformes,Indostomidae
Istiompax indica,217,Teleostei,Carangiformes,Istiophoridae
Istiophorus platypterus,77,Teleostei,Carangiformes,Istiophoridae
Kajikia audax,223,Teleostei,Carangiformes,Istiophoridae
Makaira mazara,218,Teleostei,Carangiformes,Istiophoridae
Kyphosus cinerascens,5805,Teleostei,Centrarchiformes,Kyphosidae
Kyphosus vaigiensis,5806,Teleostei,Centrarchiformes,Kyphosidae
Anampses geographicus,4891,Teleostei,Eupercaria/misc,Labridae
Bodianus bilunulatus,6580,Teleostei,Eupercaria/misc,Labridae
Bodianus dictynna,64242,Teleostei,Eupercaria/misc,Labridae
Bodianus loxozonus,12744,Teleostei,Eupercaria/misc,Labridae
Bodianus macrourus,14334,Teleostei,Eupercaria/misc,Labridae
Bodianus mesothorax,5501,Teleostei,Eupercaria/misc,Labridae
Bolbometopon muricatum,5537,Teleostei,Eupercaria/misc,Labridae
Calotomus spinidens,4357,Teleostei,Eupercaria/misc,Labridae
Cetoscarus ocellatus,66097,Teleostei,Eupercaria/misc,Labridae
Cheilinus chlorourus,5598,Teleostei,Eupercaria/misc,Labridae
Cheilinus fasciatus,5600,Teleostei,Eupercaria/misc,Labridae
Cheilinus trilobatus,5603,Teleostei,Eupercaria/misc,Labridae
Cheilinus undulatus,5604,Teleostei,Eupercaria/misc,Labridae
Cheilio inermis,5623,Teleostei,Eupercaria/misc,Labridae
Chlorurus bowersi,5542,Teleostei,Eupercaria/misc,Labridae
Chlorurus enneacanthus,7910,Teleostei,Eupercaria/misc,Labridae
Chlorurus oedema,8394,Teleostei,Eupercaria/misc,Labridae
Chlorurus sordidus,5556,Teleostei,Eupercaria/misc,Labridae
Chlorurus spilurus,66478,Teleostei,Eupercaria/misc,Labridae
Choerodon anchorago,5502,Teleostei,Eupercaria/misc,Labridae
Choerodon oligacanthus,8406,Teleostei,Eupercaria/misc,Labridae
Choerodon robustus,6926,Teleostei,Eupercaria/misc,Labridae
Choerodon schoenleinii,6433,Teleostei,Eupercaria/misc,Labridae
Choerodon typus,8304,Teleostei,Eupercaria/misc,Labridae
Choerodon zosterophorus,51738,Teleostei,Eupercaria/misc,Labridae
Cirrhilabrus cyanogularis,68701,Teleostei,Eupercaria/misc,Labridae
Cirrhilabrus flavidorsalis,46517,Teleostei,Eupercaria/misc,Labridae
Cirrhilabrus lubbocki,13041,Teleostei,Eupercaria/misc,Labridae
Cirrhilabrus melanomarginatus,7585,Teleostei,Eupercaria/misc,Labridae
Cirrhilabrus ryukyuensis,68720,Teleostei,Eupercaria/misc,Labridae
Coris dorsomacula,6657,Teleostei,Eupercaria/misc,Labridae
Coris gaimard,5625,Teleostei,Eupercaria/misc,Labridae
Coris pictoides,5107,Teleostei,Eupercaria/misc,Labridae
Epibulus insidiator,5606,Teleostei,Eupercaria/misc,Labridae
Gomphosus varius,5626,Teleostei,Eupercaria/misc,Labridae
Halichoeres argus,4857,Teleostei,Eupercaria/misc,Labridae
Halichoeres binotopsis,12789,Teleostei,Eupercaria/misc,Labridae
Halichoeres chloropterus,4859,Teleostei,Eupercaria/misc,Labridae
Halichoeres erdmanni,65779,Teleostei,Eupercaria/misc,Labridae
Halichoeres hilomeni,65800,Teleostei,Eupercaria/misc,Labridae
Halichoeres kneri,68982,Teleostei,Eupercaria/misc,Labridae
Halichoeres marginatus,5631,Teleostei,Eupercaria/misc,Labridae
Halichoeres miniatus,6614,Teleostei,Eupercaria/misc,Labridae
Halichoeres podostigma,4861,Teleostei,Eupercaria/misc,Labridae
Halichoeres scapularis,5633,Teleostei,Eupercaria/misc,Labridae
Halichoeres timorensis,4860,Teleostei,Eupercaria/misc,Labridae
Hemigymnus melapterus,5636,Teleostei,Eupercaria/misc,Labridae
Hipposcarus longiceps,5539,Teleostei,Eupercaria/misc,Labridae
Hologymnosus annulatus,5637,Teleostei,Eupercaria/misc,Labridae
Iniistius evides,66411,Teleostei,Eupercaria/misc,Labridae
Labroides dimidiatus,5459,Teleostei,Eupercaria/misc,Labridae
Leptojulis cyanopleura,10576,Teleostei,Eupercaria/misc,Labridae
Leptoscarus vaigiensis,4360,Teleostei,Eupercaria/misc,Labridae
Macropharyngodon meleagris,4984,Teleostei,Eupercaria/misc,Labridae
Novaculichthys taeniourus,5610,Teleostei,Eupercaria/misc,Labridae
Oxycheilinus digramma,5599,Teleostei,Eupercaria/misc,Labridae
Paracheilinus angulatus,4845,Teleostei,Eupercaria/misc,Labridae
Paracheilinus filamentosus,4844,Teleostei,Eupercaria/misc,Labridae
Pseudocheilinus hexataenia,5617,Teleostei,Eupercaria/misc,Labridae
Pseudocoris bleekeri,59631,Teleostei,Eupercaria/misc,Labridae
Pseudocoris heteroptera,11620,Teleostei,Eupercaria/misc,Labridae
Pseudodax moluccanus,5594,Teleostei,Eupercaria/misc,Labridae
Pteragogus guttatus,5621,Teleostei,Eupercaria/misc,Labridae
Scarus dimidiatus,4973,Teleostei,Eupercaria/misc,Labridae
Scarus festivus,5544,Teleostei,Eupercaria/misc,Labridae
Scarus ghobban,5548,Teleostei,Eupercaria/misc,Labridae
Scarus globiceps,4970,Teleostei,Eupercaria/misc,Labridae
Scarus hypselopterus,12707,Teleostei,Eupercaria/misc,Labridae
Scarus oviceps,5551,Teleostei,Eupercaria/misc,Labridae
Scarus prasiognathos,4971,Teleostei,Eupercaria/misc,Labridae
Scarus quoyi,5554,Teleostei,Eupercaria/misc,Labridae
Scarus rivulatus,4969,Teleostei,Eupercaria/misc,Labridae
Scarus rubroviolaceus,5555,Teleostei,Eupercaria/misc,Labridae
Scarus schlegeli,4975,Teleostei,Eupercaria/misc,Labridae
Scarus spinus,4974,Teleostei,Eupercaria/misc,Labridae
Scarus tricolor,6438,Teleostei,Eupercaria/misc,Labridae
Stethojulis bandanensis,5640,Teleostei,Eupercaria/misc,Labridae
Stethojulis interrupta,6633,Teleostei,Eupercaria/misc,Labridae
Stethojulis trilineata,6622,Teleostei,Eupercaria/misc,Labridae
Thalassoma amblycephalum,5642,Teleostei,Eupercaria/misc,Labridae
Thalassoma hardwicke,5643,Teleostei,Eupercaria/misc,Labridae
Thalassoma jansenii,5644,Teleostei,Eupercaria/misc,Labridae
Thalassoma lunare,5645,Teleostei,Eupercaria/misc,Labridae
Thalassoma lutescens,5646,Teleostei,Eupercaria/misc,Labridae
Thalassoma pavo,2500,Teleostei,Eupercaria/misc,Labridae
Thalassoma purpureum,5647,Teleostei,Eupercaria/misc,Labridae
Thalassoma quinquevittatum,5648,Teleostei,Eupercaria/misc,Labridae
Thalassoma trilobatum,5649,Teleostei,Eupercaria/misc,Labridae
Lactarius lactarius,363,Teleostei,Carangaria/misc,Lactariidae
Isurus oxyrinchus,752,Elasmobranchii,Lamniformes,Lamnidae
Lates calcarifer,346,Teleostei,Carangaria/misc,Latidae
Psammoperca waigiensis,8212,Teleostei,Carangaria/misc,Latidae
Branchiostegus argentatus,4594,Teleostei,Eupercaria/misc,Latilidae
Aurigequula fasciata,4452,Teleostei,Acanthuriformes,Leiognathidae
Aurigequula longispinis,59023,Teleostei,Acanthuriformes,Leiognathidae
Deveximentum hanedai,24805,Teleostei,Acanthuriformes,Leiognathidae
Deveximentum insidiator,4455,Teleostei,Acanthuriformes,Leiognathidae
Deveximentum megalolepis,24806,Teleostei,Acanthuriformes,Leiognathidae
Deveximentum ruconius,4811,Teleostei,Acanthuriformes,Leiognathidae
Equulites berbis,7748,Teleostei,Acanthuriformes,Leiognathidae
Equulites laterofenestra,63518,Teleostei,Acanthuriformes,Leiognathidae
Equulites leuciscus,4453,Teleostei,Acanthuriformes,Leiognathidae
Equulites oblongus,58321,Teleostei,Acanthuriformes,Leiognathidae
Equulites popei,4450,Teleostei,Acanthuriformes,Leiognathidae
Eubleekeria jonesi,63865,Teleostei,Acanthuriformes,Leiognathidae
Eubleekeria splendens,4454,Teleostei,Acanthuriformes,Leiognathidae
Gazza achlamys,5797,Teleostei,Acanthuriformes,Leiognathidae
Gazza minuta,4462,Teleostei,Acanthuriformes,Leiognathidae
Gazza rhombea,59084,Teleostei,Acanthuriformes,Leiognathidae
Karalla daura,4574,Teleostei,Acanthuriformes,Leiognathidae
Leiognathus equula,4451,Teleostei,Acanthuriformes,Leiognathidae
Nuchequula gerreoides,4809,Teleostei,Acanthuriformes,Leiognathidae
Photopectoralis bindus,4449,Teleostei,Acanthuriformes,Leiognathidae
Leptobarbus hoevenii,4797,Teleostei,Cypriniformes,Leptobarbidae
Leptobarbus hosii,17413,Teleostei,Cypriniformes,Leptobarbidae
Leptobarbus melanotaenia,5438,Teleostei,Cypriniformes,Leptobarbidae
Gnathodentex aureolineatus,1832,Teleostei,Eupercaria/misc,Lethrinidae
Gymnocranius elongatus,8084,Teleostei,Eupercaria/misc,Lethrinidae
Gymnocranius euanus,1837,Teleostei,Eupercaria/misc,Lethrinidae
Gymnocranius frenatus,1838,Teleostei,Eupercaria/misc,Lethrinidae
Gymnocranius grandoculis,1834,Teleostei,Eupercaria/misc,Lethrinidae
Gymnocranius griseus,1833,Teleostei,Eupercaria/misc,Lethrinidae
Gymnocranius microdon,1839,Teleostei,Eupercaria/misc,Lethrinidae
Lethrinus amboinensis,1853,Teleostei,Eupercaria/misc,Lethrinidae
Lethrinus atkinsoni,1854,Teleostei,Eupercaria/misc,Lethrinidae
Lethrinus erythracanthus,1862,Teleostei,Eupercaria/misc,Lethrinidae
Lethrinus erythropterus,1842,Teleostei,Eupercaria/misc,Lethrinidae
Lethrinus genivittatus,1865,Teleostei,Eupercaria/misc,Lethrinidae
Lethrinus harak,1851,Teleostei,Eupercaria/misc,Lethrinidae
Lethrinus lentjan,1863,Teleostei,Eupercaria/misc,Lethrinidae
Lethrinus mahsena,1843,Teleostei,Eupercaria/misc,Lethrinidae
Lethrinus microdon,1845,Teleostei,Eupercaria/misc,Lethrinidae
Lethrinus miniatus,1858,Teleostei,Eupercaria/misc,Lethrinidae
Lethrinus nebulosus,1846,Teleostei,Eupercaria/misc,Lethrinidae
Lethrinus obsoletus,1847,Teleostei,Eupercaria/misc,Lethrinidae
Lethrinus olivaceus,1864,Teleostei,Eupercaria/misc,Lethrinidae
Lethrinus ornatus,1866,Teleostei,Eupercaria/misc,Lethrinidae
Lethrinus reticulatus,1859,Teleostei,Eupercaria/misc,Lethrinidae
Lethrinus rubrioperculatus,1848,Teleostei,Eupercaria/misc,Lethrinidae
Lethrinus semicinctus,1849,Teleostei,Eupercaria/misc,Lethrinidae
Lethrinus variegatus,1850,Teleostei,Eupercaria/misc,Lethrinidae
Lethrinus xanthochilus,1852,Teleostei,Eupercaria/misc,Lethrinidae
Monotaxis grandoculis,1869,Teleostei,Eupercaria/misc,Lethrinidae
Monotaxis heterodon,68239,Teleostei,Eupercaria/misc,Lethrinidae
Wattsia mossambica,1870,Teleostei,Eupercaria/misc,Lethrinidae
Belonoperca chabanaudi,12622,Teleostei,Perciformes/Serranoidei,Liopropomatidae
Diploprion bifasciatus,6603,Teleostei,Perciformes/Serranoidei,Liopropomatidae
Liopropoma susumi,7318,Teleostei,Perciformes/Serranoidei,Liopropomatidae
Datnioides polota,14698,Teleostei,Acanthuriformes,Lobotidae
Lobotes surinamensis,1077,Teleostei,Acanthuriformes,Lobotidae
Lophiomus setigerus,7517,Teleostei,Lophiiformes,Lophiidae
Hypostomus plecostomus,3057,Teleostei,Siluriformes,Loricariidae
Pterygoplichthys pardalis,25741,Teleostei,Siluriformes,Loricariidae
Aphareus furca,81,Teleostei,Eupercaria/misc,Lutjanidae
Aphareus rutilans,83,Teleostei,Eupercaria/misc,Lutjanidae
Aprion virescens,84,Teleostei,Eupercaria/misc,Lutjanidae
Caesio caerulaurea,918,Teleostei,Eupercaria/misc,Lutjanidae
Caesio cuning,919,Teleostei,Eupercaria/misc,Lutjanidae
Caesio lunaris,920,Teleostei,Eupercaria/misc,Lutjanidae
Caesio teres,923,Teleostei,Eupercaria/misc,Lutjanidae
Caesio xanthonota,927,Teleostei,Eupercaria/misc,Lutjanidae
Dipterygonotus balteatus,928,Teleostei,Eupercaria/misc,Lutjanidae
Etelis carbunculus,87,Teleostei,Eupercaria/misc,Lutjanidae
Etelis coruscans,1385,Teleostei,Eupercaria/misc,Lutjanidae
Etelis radiosus,1392,Teleostei,Eupercaria/misc,Lutjanidae
Gymnocaesio gymnoptera,929,Teleostei,Eupercaria/misc,Lutjanidae
Lipocheilus carnolabrum,1394,Teleostei,Eupercaria/misc,Lutjanidae
Lutjanus argentimaculatus,1407,Teleostei,Eupercaria/misc,Lutjanidae
Lutjanus bengalensis,1409,Teleostei,Eupercaria/misc,Lutjanidae
Lutjanus biguttatus,1410,Teleostei,Eupercaria/misc,Lutjanidae
Lutjanus bohar,1417,Teleostei,Eupercaria/misc,Lutjanidae
Lutjanus boutton,1418,Teleostei,Eupercaria/misc,Lutjanidae
Lutjanus carponotatus,1424,Teleostei,Eupercaria/misc,Lutjanidae
Lutjanus decussatus,1428,Teleostei,Eupercaria/misc,Lutjanidae
Lutjanus ehrenbergii,793,Teleostei,Eupercaria/misc,Lutjanidae
Lutjanus erythropterus,1406,Teleostei,Eupercaria/misc,Lutjanidae
Lutjanus fulviflamma,261,Teleostei,Eupercaria/misc,Lutjanidae
Lutjanus fulvus,262,Teleostei,Eupercaria/misc,Lutjanidae
Lutjanus gibbus,265,Teleostei,Eupercaria/misc,Lutjanidae
Lutjanus goldiei,1441,Teleostei,Eupercaria/misc,Lutjanidae
Lutjanus johnii,264,Teleostei,Eupercaria/misc,Lutjanidae
Lutjanus kasmira,156,Teleostei,Eupercaria/misc,Lutjanidae
Lutjanus lemniscatus,157,Teleostei,Eupercaria/misc,Lutjanidae
Lutjanus lunulatus,158,Teleostei,Eupercaria/misc,Lutjanidae
Lutjanus lutjanus,159,Teleostei,Eupercaria/misc,Lutjanidae
Lutjanus madras,160,Teleostei,Eupercaria/misc,Lutjanidae
Lutjanus malabaricus,162,Teleostei,Eupercaria/misc,Lutjanidae
Lutjanus maxweberi,164,Teleostei,Eupercaria/misc,Lutjanidae
Lutjanus monostigma,166,Teleostei,Eupercaria/misc,Lutjanidae
Lutjanus notatus,168,Teleostei,Eupercaria/misc,Lutjanidae
Lutjanus quinquelineatus,172,Teleostei,Eupercaria/misc,Lutjanidae
Lutjanus rivulatus,173,Teleostei,Eupercaria/misc,Lutjanidae
Lutjanus russellii,176,Teleostei,Eupercaria/misc,Lutjanidae
Lutjanus sanguineus,177,Teleostei,Eupercaria/misc,Lutjanidae
Lutjanus sebae,178,Teleostei,Eupercaria/misc,Lutjanidae
Lutjanus vitta,184,Teleostei,Eupercaria/misc,Lutjanidae
Lutjanus xanthopinnis,68664,Teleostei,Eupercaria/misc,Lutjanidae
Macolor macularis,186,Teleostei,Eupercaria/misc,Lutjanidae
Macolor niger,187,Teleostei,Eupercaria/misc,Lutjanidae
Paracaesio kusakarii,191,Teleostei,Eupercaria/misc,Lutjanidae
Paracaesio sordida,192,Teleostei,Eupercaria/misc,Lutjanidae
Paracaesio xanthurus,194,Teleostei,Eupercaria/misc,Lutjanidae
Pinjalo lewisi,8430,Teleostei,Eupercaria/misc,Lutjanidae
Pinjalo pinjalo,196,Teleostei,Eupercaria/misc,Lutjanidae
Pristipomoides filamentosus,201,Teleostei,Eupercaria/misc,Lutjanidae
Pristipomoides multidens,208,Teleostei,Eupercaria/misc,Lutjanidae
Pristipomoides sieboldii,209,Teleostei,Eupercaria/misc,Lutjanidae
Pristipomoides typus,210,Teleostei,Eupercaria/misc,Lutjanidae
Pristipomoides zonatus,211,Teleostei,Eupercaria/misc,Lutjanidae
Pterocaesio chrysozona,932,Teleostei,Eupercaria/misc,Lutjanidae
Pterocaesio digramma,933,Teleostei,Eupercaria/misc,Lutjanidae
Pterocaesio marri,935,Teleostei,Eupercaria/misc,Lutjanidae
Pterocaesio pisang,936,Teleostei,Eupercaria/misc,Lutjanidae
Pterocaesio randalli,937,Teleostei,Eupercaria/misc,Lutjanidae
Pterocaesio tessellata,938,Teleostei,Eupercaria/misc,Lutjanidae
Pterocaesio tile,939,Teleostei,Eupercaria/misc,Lutjanidae
Pterocaesio trilineata,1886,Teleostei,Eupercaria/misc,Lutjanidae
Symphorichthys spilurus,214,Teleostei,Eupercaria/misc,Lutjanidae
Symphorus nematophorus,215,Teleostei,Eupercaria/misc,Lutjanidae
Coelorinchus commutabilis,52159,Teleostei,Gadiformes,Macrouridae
Malacocephalus laevis,4989,Teleostei,Gadiformes,Macrouridae
Nezumia evides,58862,Teleostei,Gadiformes,Macrouridae
Nezumia infranudis,52382,Teleostei,Gadiformes,Macrouridae
Ventrifossa petersonii,8694,Teleostei,Gadiformes,Macrouridae
Macrognathus aculeatus,5152,Teleostei,Synbranchiformes,Mastacembelidae
Macrognathus circumcinctus,55327,Teleostei,Synbranchiformes,Mastacembelidae
Macrognathus keithi,25156,Teleostei,Synbranchiformes,Mastacembelidae
Macrognathus maculatus,25157,Teleostei,Synbranchiformes,Mastacembelidae
Mastacembelus armatus,10140,Teleostei,Synbranchiformes,Mastacembelidae
Mastacembelus erythrotaenia,12026,Teleostei,Synbranchiformes,Mastacembelidae
Mastacembelus notophthalmus,25158,Teleostei,Synbranchiformes,Mastacembelidae
Mastacembelus unicolor,25160,Teleostei,Synbranchiformes,Mastacembelidae
Megalops cyprinoides,227,Teleostei,Elopiformes,Megalopidae
Mene maculata,390,Teleostei,Carangaria/misc,Menidae
Parioglossus raoi,15881,Teleostei,Gobiiformes,Microdesmidae
Ptereleotris microlepis,4381,Teleostei,Gobiiformes,Microdesmidae
Mobula eregoodoo,25622,Elasmobranchii,Myliobatiformes,Mobulidae
Mobula kuhlii,27177,Elasmobranchii,Myliobatiformes,Mobulidae
Mobula mobular,7618,Elasmobranchii,Myliobatiformes,Mobulidae
Masturus lanceolatus,10207,Teleostei,Tetraodontiformes,Molidae
Mola mola,1732,Teleostei,Tetraodontiformes,Molidae
Acreichthys tomentosus,7849,Teleostei,Tetraodontiformes,Monacanthidae
Aluterus monoceros,4274,Teleostei,Tetraodontiformes,Monacanthidae
Aluterus scriptus,4275,Teleostei,Tetraodontiformes,Monacanthidae
Anacanthus barbatus,8178,Teleostei,Tetraodontiformes,Monacanthidae
Chaetodermis penicilligerus,7975,Teleostei,Tetraodontiformes,Monacanthidae
Monacanthus chinensis,7976,Teleostei,Tetraodontiformes,Monacanthidae
Paramonacanthus choirocephalus,26659,Teleostei,Tetraodontiformes,Monacanthidae
Paramonacanthus japonicus,7977,Teleostei,Tetraodontiformes,Monacanthidae
Paramonacanthus sulcatus,54598,Teleostei,Tetraodontiformes,Monacanthidae
Pervagor nigrolineatus,4371,Teleostei,Tetraodontiformes,Monacanthidae
Pseudomonacanthus macrurus,10598,Teleostei,Tetraodontiformes,Monacanthidae
Rudarius excelsus,7988,Teleostei,Tetraodontiformes,Monacanthidae
Rudarius minutus,7989,Teleostei,Tetraodontiformes,Monacanthidae
Thamnaconus modestus,6611,Teleostei,Tetraodontiformes,Monacanthidae
Thamnaconus tessellatus,8302,Teleostei,Tetraodontiformes,Monacanthidae
Monocentris japonica,8183,Teleostei,Trachichthyiformes,Monocentridae
Monodactylus argenteus,5807,Teleostei,Eupercaria/misc,Monodactylidae
Ellochelon vaigiensis,5656,Teleostei,Mugiliformes,Mugilidae
Moolgarda seheli,5659,Teleostei,Mugiliformes,Mugilidae
Mugil cephalus,785,Teleostei,Mugiliformes,Mugilidae
Osteomugil cunnesius,4700,Teleostei,Mugiliformes,Mugilidae
Osteomugil speigleri,8320,Teleostei,Mugiliformes,Mugilidae
Paramugil parmatus,15785,Teleostei,Mugiliformes,Mugilidae
Planiliza melinoptera,5655,Teleostei,Mugiliformes,Mugilidae
Planiliza planiceps,4820,Teleostei,Mugiliformes,Mugilidae
Planiliza subviridis,4819,Teleostei,Mugiliformes,Mugilidae
Mulloidichthys flavolineatus,5983,Teleostei,Mulliformes,Mullidae
Parupeneus barberinus,5987,Teleostei,Mulliformes,Mullidae
Parupeneus crassilabris,60947,Teleostei,Mulliformes,Mullidae
Parupeneus cyclostomus,5990,Teleostei,Mulliformes,Mullidae
Parupeneus heptacantha,5991,Teleostei,Mulliformes,Mullidae
Parupeneus indicus,5992,Teleostei,Mulliformes,Mullidae
Parupeneus pleurostigma,5994,Teleostei,Mulliformes,Mullidae
Upeneus guttatus,62425,Teleostei,Mulliformes,Mullidae
Upeneus japonicus,7879,Teleostei,Mulliformes,Mullidae
Upeneus moluccensis,4444,Teleostei,Mulliformes,Mullidae
Upeneus sulphureus,4445,Teleostei,Mulliformes,Mullidae
Upeneus sundaicus,6643,Teleostei,Mulliformes,Mullidae
Upeneus taeniopterus,5995,Teleostei,Mulliformes,Mullidae
Upeneus tragula,5443,Teleostei,Mulliformes,Mullidae
Upeneus vittatus,4821,Teleostei,Mulliformes,Mullidae
Congresox talabon,11701,Teleostei,Anguilliformes,Muraenesocidae
Muraenesox bagio,5514,Teleostei,Anguilliformes,Muraenesocidae
Muraenesox cinereus,298,Teleostei,Anguilliformes,Muraenesocidae
Echidna nebulosa,5388,Teleostei,Anguilliformes,Muraenidae
Gymnothorax favagineus,5391,Teleostei,Anguilliformes,Muraenidae
Gymnothorax fimbriatus,6495,Teleostei,Anguilliformes,Muraenidae
Gymnothorax herrei,7491,Teleostei,Anguilliformes,Muraenidae
Gymnothorax isingteena,58603,Teleostei,Anguilliformes,Muraenidae
Gymnothorax javanicus,6380,Teleostei,Anguilliformes,Muraenidae
Gymnothorax monochrous,7285,Teleostei,Anguilliformes,Muraenidae
Gymnothorax pictus,6395,Teleostei,Anguilliformes,Muraenidae
Gymnothorax polyuranodon,17227,Teleostei,Anguilliformes,Muraenidae
Gymnothorax punctatofasciatus,27341,Teleostei,Anguilliformes,Muraenidae
Gymnothorax thyrsoideus,8252,Teleostei,Anguilliformes,Muraenidae
Gymnothorax tile,17266,Teleostei,Anguilliformes,Muraenidae
Gymnothorax undulatus,4905,Teleostei,Anguilliformes,Muraenidae
Strophidon dorsalis,58586,Teleostei,Anguilliformes,Muraenidae
Diaphus dahlgreni,59136,Teleostei,Myctophiformes,Myctophidae
Aetomylaeus maculatus,12594,Elasmobranchii,Myliobatiformes,Myliobatidae
Aetomylaeus milvus,12597,Elasmobranchii,Myliobatiformes,Myliobatidae
Aetomylaeus nichofii,10120,Elasmobranchii,Myliobatiformes,Myliobatidae
Aetomylaeus vespertilio,12599,Elasmobranchii,Myliobatiformes,Myliobatidae
Nandus nandus,10260,Teleostei,Anabantiformes,Nandidae
Nandus nebulosus,12368,Teleostei,Anabantiformes,Nandidae
Nandus prolixus,62886,Teleostei,Anabantiformes,Nandidae
Narcine brunnea,15444,Elasmobranchii,Torpediniformes,Narcinidae
Narcine maculata,53950,Elasmobranchii,Torpediniformes,Narcinidae
Narcine timlei,8206,Elasmobranchii,Torpediniformes,Narcinidae
Narke dipterygia,13689,Elasmobranchii,Torpediniformes,Narkidae
Temera hardwickii,8400,Elasmobranchii,Torpediniformes,Narkidae
Nemacheilus elegantissimus,27464,Teleostei,Cypriniformes,Nemacheilidae
Nemacheilus kapuasensis,22974,Teleostei,Cypriniformes,Nemacheilidae
Nemacheilus longipectoralis,22978,Teleostei,Cypriniformes,Nemacheilidae
Nemacheilus masyae,12268,Teleostei,Cypriniformes,Nemacheilidae
Nemacheilus olivaceus,5428,Teleostei,Cypriniformes,Nemacheilidae
Nemacheilus paucimaculatus,66268,Teleostei,Cypriniformes,Nemacheilidae
Nemacheilus saravacensis,22981,Teleostei,Cypriniformes,Nemacheilidae
Nemacheilus selangoricus,12270,Teleostei,Cypriniformes,Nemacheilidae
Nemacheilus spiniferus,22982,Teleostei,Cypriniformes,Nemacheilidae
Paracanthocobitis phuketensis,68820,Teleostei,Cypriniformes,Nemacheilidae
Schistura balteata,26884,Teleostei,Cypriniformes,Nemacheilidae
Schistura desmotes,26888,Teleostei,Cypriniformes,Nemacheilidae
Speonectes tiomanensis,6167,Teleostei,Cypriniformes,Nemacheilidae
Sundoreonectes sabanus,56161,Teleostei,Cypriniformes,Nemacheilidae
Tuberoschistura baenzigeri,56162,Teleostei,Cypriniformes,Nemacheilidae
Nemipterus aurora,15162,Teleostei,Eupercaria/misc,Nemipteridae
Nemipterus balinensoides,5847,Teleostei,Eupercaria/misc,Nemipteridae
Nemipterus bathybius,4564,Teleostei,Eupercaria/misc,Nemipteridae
Nemipterus bipunctatus,5851,Teleostei,Eupercaria/misc,Nemipteridae
Nemipterus furcosus,5843,Teleostei,Eupercaria/misc,Nemipteridae
Nemipterus hexodon,4565,Teleostei,Eupercaria/misc,Nemipteridae
Nemipterus isacanthus,5850,Teleostei,Eupercaria/misc,Nemipteridae
Nemipterus japonicus,4559,Teleostei,Eupercaria/misc,Nemipteridae
Nemipterus marginatus,4566,Teleostei,Eupercaria/misc,Nemipteridae
Nemipterus nematophorus,4558,Teleostei,Eupercaria/misc,Nemipteridae
Nemipterus nematopus,5415,Teleostei,Eupercaria/misc,Nemipteridae
Nemipterus nemurus,4568,Teleostei,Eupercaria/misc,Nemipteridae
Nemipterus peronii,4554,Teleostei,Eupercaria/misc,Nemipteridae
Nemipterus tambuloides,5844,Teleostei,Eupercaria/misc,Nemipteridae
Nemipterus thosaporni,5414,Teleostei,Eupercaria/misc,Nemipteridae
Nemipterus virgatus,396,Teleostei,Eupercaria/misc,Nemipteridae
Nemipterus zysron,5855,Teleostei,Eupercaria/misc,Nemipteridae
Parascolopsis aspinosa,5856,Teleostei,Eupercaria/misc,Nemipteridae
Parascolopsis inermis,5860,Teleostei,Eupercaria/misc,Nemipteridae
Parascolopsis melanophrys,47216,Teleostei,Eupercaria/misc,Nemipteridae
Parascolopsis tosensis,5864,Teleostei,Eupercaria/misc,Nemipteridae
Pentapodus aureofasciatus,60801,Teleostei,Eupercaria/misc,Nemipteridae
Pentapodus bifasciatus,5865,Teleostei,Eupercaria/misc,Nemipteridae
Pentapodus caninus,5867,Teleostei,Eupercaria/misc,Nemipteridae
Pentapodus emeryii,5868,Teleostei,Eupercaria/misc,Nemipteridae
Pentapodus nagasakiensis,5869,Teleostei,Eupercaria/misc,Nemipteridae
Pentapodus setosus,5872,Teleostei,Eupercaria/misc,Nemipteridae
Pentapodus trivittatus,5873,Teleostei,Eupercaria/misc,Nemipteridae
Scolopsis affinis,5890,Teleostei,Eupercaria/misc,Nemipteridae
Scolopsis aurata,5884,Teleostei,Eupercaria/misc,Nemipteridae
Scolopsis bilineata,5885,Teleostei,Eupercaria/misc,Nemipteridae
Scolopsis ciliata,5876,Teleostei,Eupercaria/misc,Nemipteridae
Scolopsis japonica,70505,Teleostei,Eupercaria/misc,Nemipteridae
Scolopsis lineata,5877,Teleostei,Eupercaria/misc,Nemipteridae
Scolopsis margaritifera,5878,Teleostei,Eupercaria/misc,Nemipteridae
Scolopsis monogramma,5879,Teleostei,Eupercaria/misc,Nemipteridae
Scolopsis taenioptera,5875,Teleostei,Eupercaria/misc,Nemipteridae
Scolopsis trilineata,5881,Teleostei,Eupercaria/misc,Nemipteridae
Scolopsis vosmeri,5883,Teleostei,Eupercaria/misc,Nemipteridae
Scolopsis xenochrous,5882,Teleostei,Eupercaria/misc,Nemipteridae
Saurenchelys fierasfer,8292,Teleostei,Anguilliformes,Nettastomatidae
Psenes cyanophrys,3925,Teleostei,Scombriformes,Nomeidae
Chitala borneensis,62903,Teleostei,Osteoglossiformes,Notopteridae
Chitala chitala,2078,Teleostei,Osteoglossiformes,Notopteridae
Chitala lopis,8765,Teleostei,Osteoglossiformes,Notopteridae
Notopterus notopterus,7990,Teleostei,Osteoglossiformes,Notopteridae
Halieutaea fumosa,8179,Teleostei,Lophiiformes,Ogcocephalidae
Oneirodes melanocauda,59127,Teleostei,Lophiiformes,Oneirodidae
Ophichthus altipennis,53849,Teleostei,Anguilliformes,Ophichthidae
Ophichthus cephalozona,7291,Teleostei,Anguilliformes,Ophichthidae
Ophichthus grandoculis,53891,Teleostei,Anguilliformes,Ophichthidae
Ophichthus rutidoderma,27038,Teleostei,Anguilliformes,Ophichthidae
Pisodonophis cancrivorus,8054,Teleostei,Anguilliformes,Ophichthidae
Brotula multibarbata,7297,Teleostei,Ophidiiformes,Ophidiidae
Sirembo imberbis,8193,Teleostei,Ophidiiformes,Ophidiidae
Sirembo quinquefasciatus,71723,Teleostei,Ophidiiformes,Ophidiidae
Opistognathus castelnaui,10356,Teleostei,Ovalentaria/misc,Opistognathidae
Opistognathus dendriticus,59041,Teleostei,Ovalentaria/misc,Opistognathidae
Opistognathus nigromarginatus,16913,Teleostei,Ovalentaria/misc,Opistognathidae
Opistognathus randalli,65634,Teleostei,Ovalentaria/misc,Opistognathidae
Oplegnathus punctatus,6538,Teleostei,Centrarchiformes,Oplegnathidae
Orectolobus leptolineatus,65548,Elasmobranchii,Orectolobiformes,Orectolobidae
Belontia hasselti,12032,Teleostei,Anabantiformes,Osphronemidae
Betta akarensis,12033,Teleostei,Anabantiformes,Osphronemidae
Betta balunga,52329,Teleostei,Anabantiformes,Osphronemidae
Betta bellica,12035,Teleostei,Anabantiformes,Osphronemidae
Betta brownorum,25131,Teleostei,Anabantiformes,Osphronemidae
Betta chini,25856,Teleostei,Anabantiformes,Osphronemidae
Betta coccina,25132,Teleostei,Anabantiformes,Osphronemidae
Betta gladiator,62602,Teleostei,Anabantiformes,Osphronemidae
Betta hipposideros,27197,Teleostei,Anabantiformes,Osphronemidae
Betta ibanorum,62207,Teleostei,Anabantiformes,Osphronemidae
Betta imbellis,12038,Teleostei,Anabantiformes,Osphronemidae
Betta kuehnei,65156,Teleostei,Anabantiformes,Osphronemidae
Betta lehi,62601,Teleostei,Anabantiformes,Osphronemidae
Betta livida,27252,Teleostei,Anabantiformes,Osphronemidae
Betta macrostoma,12039,Teleostei,Anabantiformes,Osphronemidae
Betta nuluhon,70587,Teleostei,Anabantiformes,Osphronemidae
Betta ocellata,56315,Teleostei,Anabantiformes,Osphronemidae
Betta omega,69879,Teleostei,Anabantiformes,Osphronemidae
Betta persephone,52394,Teleostei,Anabantiformes,Osphronemidae
Betta pi,52524,Teleostei,Anabantiformes,Osphronemidae
Betta picta,12040,Teleostei,Anabantiformes,Osphronemidae
Betta pugnax,12042,Teleostei,Anabantiformes,Osphronemidae
Betta pulchra,27259,Teleostei,Anabantiformes,Osphronemidae
Betta splendens,4768,Teleostei,Anabantiformes,Osphronemidae
Betta stigmosa,62600,Teleostei,Anabantiformes,Osphronemidae
Betta taeniata,12048,Teleostei,Anabantiformes,Osphronemidae
Betta tomi,27198,Teleostei,Anabantiformes,Osphronemidae
Betta tussyae,52395,Teleostei,Anabantiformes,Osphronemidae
Betta waseri,25135,Teleostei,Anabantiformes,Osphronemidae
Luciocephalus pulcher,4503,Teleostei,Anabantiformes,Osphronemidae
Macropodus opercularis,4777,Teleostei,Anabantiformes,Osphronemidae
Osphronemus goramy,498,Teleostei,Anabantiformes,Osphronemidae
Osphronemus laticlavius,16572,Teleostei,Anabantiformes,Osphronemidae
Osphronemus septemfasciatus,25130,Teleostei,Anabantiformes,Osphronemidae
Parosphromenus alfredi,62568,Teleostei,Anabantiformes,Osphronemidae
Parosphromenus allani,25191,Teleostei,Anabantiformes,Osphronemidae
Parosphromenus harveyi,57461,Teleostei,Anabantiformes,Osphronemidae
Parosphromenus nagyi,15895,Teleostei,Anabantiformes,Osphronemidae
Parosphromenus paludicola,15898,Teleostei,Anabantiformes,Osphronemidae
Parosphromenus rubrimontis,62572,Teleostei,Anabantiformes,Osphronemidae
Parosphromenus tweediei,62573,Teleostei,Anabantiformes,Osphronemidae
Pseudosphromenus cupanus,11228,Teleostei,Anabantiformes,Osphronemidae
Sphaerichthys osphromenoides,11235,Teleostei,Anabantiformes,Osphronemidae
Trichopodus cantoris,66131,Teleostei,Anabantiformes,Osphronemidae
Trichopodus leerii,4674,Teleostei,Anabantiformes,Osphronemidae
Trichopodus pectoralis,499,Teleostei,Anabantiformes,Osphronemidae
Trichopodus trichopterus,4675,Teleostei,Anabantiformes,Osphronemidae
Trichopsis vittata,4728,Teleostei,Anabantiformes,Osphronemidae
Scleropages formosus,6357,Teleostei,Osteoglossiformes,Osteoglossidae
Lactoria cornuta,6399,Teleostei,Tetraodontiformes,Ostraciidae
Ostracion cubicum,6555,Teleostei,Tetraodontiformes,Ostraciidae
Ostracion nasus,8192,Teleostei,Tetraodontiformes,Ostraciidae
Ostracion rhinorhynchos,8288,Teleostei,Tetraodontiformes,Ostraciidae
Tetrosomus concatenatus,8060,Teleostei,Tetraodontiformes,Ostraciidae
Tetrosomus gibbosus,8129,Teleostei,Tetraodontiformes,Ostraciidae
Boleophthalmus boddarti,4901,Teleostei,Gobiiformes,Oxudercidae
Oxuderces dentatus,15823,Teleostei,Gobiiformes,Oxudercidae
Parapocryptes serperaster,25082,Teleostei,Gobiiformes,Oxudercidae
Periophthalmodon schlosseri,8414,Teleostei,Gobiiformes,Oxudercidae
Periophthalmus argentilineatus,7480,Teleostei,Gobiiformes,Oxudercidae
Periophthalmus gracilis,7481,Teleostei,Gobiiformes,Oxudercidae
Periophthalmus minutus,7485,Teleostei,Gobiiformes,Oxudercidae
Periophthalmus novemradiatus,7486,Teleostei,Gobiiformes,Oxudercidae
Periophthalmus variabilis,65362,Teleostei,Gobiiformes,Oxudercidae
Pseudapocryptes borneensis,25086,Teleostei,Gobiiformes,Oxudercidae
Pseudapocryptes elongatus,8409,Teleostei,Gobiiformes,Oxudercidae
Scartelaos histophorus,7487,Teleostei,Gobiiformes,Oxudercidae
Paedocypris micromegethes,62549,Teleostei,Cypriniformes,Paedocyprididae
Pangasius djambal,14145,Teleostei,Siluriformes,Pangasiidae
Pangasius kinabatanganensis,14177,Teleostei,Siluriformes,Pangasiidae
Pangasius kunyit,55541,Teleostei,Siluriformes,Pangasiidae
Pangasius nasutus,14202,Teleostei,Siluriformes,Pangasiidae
Pangasius pangasius,292,Teleostei,Siluriformes,Pangasiidae
Pangasius polyuranodon,14215,Teleostei,Siluriformes,Pangasiidae
Pangasius sabahensis,61583,Teleostei,Siluriformes,Pangasiidae
Pseudolais micronemus,12001,Teleostei,Siluriformes,Pangasiidae
Pseudorhombus argus,8283,Teleostei,Pleuronectiformes,Paralichthyidae
Pseudorhombus arsius,1325,Teleostei,Pleuronectiformes,Paralichthyidae
Pseudorhombus cinnamoneus,4576,Teleostei,Pleuronectiformes,Paralichthyidae
Pseudorhombus diplospilus,10973,Teleostei,Pleuronectiformes,Paralichthyidae
Pseudorhombus elevatus,1333,Teleostei,Pleuronectiformes,Paralichthyidae
Pseudorhombus javanicus,1335,Teleostei,Pleuronectiformes,Paralichthyidae
Pseudorhombus malayanus,1368,Teleostei,Pleuronectiformes,Paralichthyidae
Pseudorhombus natalensis,1376,Teleostei,Pleuronectiformes,Paralichthyidae
Pseudorhombus neglectus,10588,Teleostei,Pleuronectiformes,Paralichthyidae
Pseudorhombus pentophthalmus,8835,Teleostei,Pleuronectiformes,Paralichthyidae
Pseudorhombus quinquocellatus,8284,Teleostei,Pleuronectiformes,Paralichthyidae
Pseudorhombus triocellatus,1377,Teleostei,Pleuronectiformes,Paralichthyidae
Cyttopsis rosea,4953,Teleostei,Zeiformes,Parazenidae
Pegasus volitans,4609,Teleostei,Dactylopteriformes,Pegasidae
Pempheris adusta,25447,Teleostei,Acropomatiformes,Pempheridae
Pempheris molucca,8189,Teleostei,Acropomatiformes,Pempheridae
Histiopterus typus,7892,Teleostei,Acropomatiformes,Pentacerotidae
Apristurus platyrhynchus,778,Elasmobranchii,Carcharhiniformes,Pentanchidae
Galeus eastmani,806,Elasmobranchii,Carcharhiniformes,Pentanchidae
Gargariscus prionocephalus,8249,Teleostei,Perciformes/Scorpaenoidei,Peristediidae
Satyrichthys laticeps,67039,Teleostei,Perciformes/Scorpaenoidei,Peristediidae
Satyrichthys rieffeli,8291,Teleostei,Perciformes/Scorpaenoidei,Peristediidae
Neostethus bicornis,24782,Teleostei,Atheriniformes,Phallostethidae
Neostethus borneensis,24784,Teleostei,Atheriniformes,Phallostethidae
Neostethus lankesteri,24785,Teleostei,Atheriniformes,Phallostethidae
Phallostethus dunckeri,6292,Teleostei,Atheriniformes,Phallostethidae
Phallostethus lehi,26962,Teleostei,Atheriniformes,Phallostethidae
Phenacostethus posthon,24786,Teleostei,Atheriniformes,Phallostethidae
Phenacostethus smithi,26790,Teleostei,Atheriniformes,Phallostethidae
Phenacostethus trewavasae,24787,Teleostei,Atheriniformes,Phallostethidae
Pholidichthys leucotaenia,4433,Teleostei,Cichliformes,Pholidichthyidae
Parapercis alboguttata,8188,Teleostei,Perciformes/Uranoscopoidei,Pinguipedidae
Parapercis filamentosa,8407,Teleostei,Perciformes/Uranoscopoidei,Pinguipedidae
Parapercis macrophthalma,10867,Teleostei,Perciformes/Uranoscopoidei,Pinguipedidae
Parapercis pacifica,64230,Teleostei,Perciformes/Uranoscopoidei,Pinguipedidae
Parapercis snyderi,13522,Teleostei,Perciformes/Uranoscopoidei,Pinguipedidae
Parapercis xanthozona,12668,Teleostei,Perciformes/Uranoscopoidei,Pinguipedidae
Ryukyupercis gushikeni,8268,Teleostei,Perciformes/Uranoscopoidei,Pinguipedidae
Cociella crocodilus,7895,Teleostei,Perciformes/Scorpaenoidei,Platycephalidae
Cociella punctata,15197,Teleostei,Perciformes/Scorpaenoidei,Platycephalidae
Cymbacephalus beauforti,12826,Teleostei,Perciformes/Scorpaenoidei,Platycephalidae
Cymbacephalus bosschei,12564,Teleostei,Perciformes/Scorpaenoidei,Platycephalidae
Cymbacephalus nematophthalmus,10776,Teleostei,Perciformes/Scorpaenoidei,Platycephalidae
Elates ransonnettii,6637,Teleostei,Perciformes/Scorpaenoidei,Platycephalidae
Grammoplites knappi,15208,Teleostei,Perciformes/Scorpaenoidei,Platycephalidae
Grammoplites scaber,10309,Teleostei,Perciformes/Scorpaenoidei,Platycephalidae
Inegocia japonica,10335,Teleostei,Perciformes/Scorpaenoidei,Platycephalidae
Insidiator macracanthus,10336,Teleostei,Perciformes/Scorpaenoidei,Platycephalidae
Kumococius rodericensis,8469,Teleostei,Perciformes/Scorpaenoidei,Platycephalidae
Platycephalus indicus,950,Teleostei,Perciformes/Scorpaenoidei,Platycephalidae
Ratabulus tuberculatus,10310,Teleostei,Perciformes/Scorpaenoidei,Platycephalidae
Rogadius asper,8305,Teleostei,Perciformes/Scorpaenoidei,Platycephalidae
Rogadius azizahae,71285,Teleostei,Perciformes/Scorpaenoidei,Platycephalidae
Rogadius pristiger,15225,Teleostei,Perciformes/Scorpaenoidei,Platycephalidae
Sorsogona nigripinna,46371,Teleostei,Perciformes/Scorpaenoidei,Platycephalidae
Sunagocia arenicola,12901,Teleostei,Perciformes/Scorpaenoidei,Platycephalidae
Sunagocia carbunculus,15241,Teleostei,Perciformes/Scorpaenoidei,Platycephalidae
Thysanophrys chiltonae,12902,Teleostei,Perciformes/Scorpaenoidei,Platycephalidae
Plesiobatis daviesi,7376,Elasmobranchii,Myliobatiformes,Plesiobatidae
Plesiops coeruleolineatus,8005,Teleostei,Ovalentaria/misc,Plesiopidae
Paraplotosus albilabris,12097,Teleostei,Siluriformes,Plotosidae
Plotosus abbreviatus,61302,Teleostei,Siluriformes,Plotosidae
Plotosus canius,8167,Teleostei,Siluriformes,Plotosidae
Plotosus lineatus,4706,Teleostei,Siluriformes,Plotosidae
Gambusia affinis,3215,Teleostei,Cyprinodontiformes,Poeciliidae
Poecilia reticulata,3228,Teleostei,Cyprinodontiformes,Poeciliidae
Eleutheronema tetradactylum,340,Teleostei,Carangaria/misc,Polynemidae
Eleutheronema tridactylum,14514,Teleostei,Carangaria/misc,Polynemidae
Filimanus heptadactyla,13530,Teleostei,Carangaria/misc,Polynemidae
Filimanus xanthonema,10616,Teleostei,Carangaria/misc,Polynemidae
Leptomelanosoma indicum,4469,Teleostei,Carangaria/misc,Polynemidae
Polydactylus luparensis,65390,Teleostei,Carangaria/misc,Polynemidae
Polydactylus microstoma,10355,Teleostei,Carangaria/misc,Polynemidae
Polydactylus plebeius,7901,Teleostei,Carangaria/misc,Polynemidae
Polydactylus sextarius,4470,Teleostei,Carangaria/misc,Polynemidae
Polynemus dubius,14614,Teleostei,Carangaria/misc,Polynemidae
Polynemus hornadayi,14619,Teleostei,Carangaria/misc,Polynemidae
Polynemus melanochir,10617,Teleostei,Carangaria/misc,Polynemidae
Polynemus paradiseus,8318,Teleostei,Carangaria/misc,Polynemidae
Centropyge bicolor,5454,Teleostei,Acanthuriformes,Pomacanthidae
Centropyge bispinosa,5458,Teleostei,Acanthuriformes,Pomacanthidae
Centropyge colini,8773,Teleostei,Acanthuriformes,Pomacanthidae
Centropyge multifasciata,5666,Teleostei,Acanthuriformes,Pomacanthidae
Centropyge tibicen,6548,Teleostei,Acanthuriformes,Pomacanthidae
Centropyge vrolikii,5447,Teleostei,Acanthuriformes,Pomacanthidae
Chaetodontoplus mesoleucus,5660,Teleostei,Acanthuriformes,Pomacanthidae
Chaetodontoplus septentrionalis,11124,Teleostei,Acanthuriformes,Pomacanthidae
Genicanthus lamarck,6612,Teleostei,Acanthuriformes,Pomacanthidae
Genicanthus melanospilos,8710,Teleostei,Acanthuriformes,Pomacanthidae
Pomacanthus annularis,7902,Teleostei,Acanthuriformes,Pomacanthidae
Pomacanthus imperator,6504,Teleostei,Acanthuriformes,Pomacanthidae
Pomacanthus sexstriatus,6564,Teleostei,Acanthuriformes,Pomacanthidae
Pomacanthus xanthometopon,5662,Teleostei,Acanthuriformes,Pomacanthidae
Pygoplites diacanthus,6572,Teleostei,Acanthuriformes,Pomacanthidae
Abudefduf bengalensis,6517,Teleostei,Ovalentaria/misc,Pomacentridae
Abudefduf lorenzi,5685,Teleostei,Ovalentaria/misc,Pomacentridae
Abudefduf notatus,5686,Teleostei,Ovalentaria/misc,Pomacentridae
Abudefduf septemfasciatus,5687,Teleostei,Ovalentaria/misc,Pomacentridae
Abudefduf sexfasciatus,5688,Teleostei,Ovalentaria/misc,Pomacentridae
Abudefduf sordidus,5689,Teleostei,Ovalentaria/misc,Pomacentridae
Abudefduf vaigiensis,6630,Teleostei,Ovalentaria/misc,Pomacentridae
Acanthochromis polyacanthus,6655,Teleostei,Ovalentaria/misc,Pomacentridae
Amblyglyphidodon aureus,5690,Teleostei,Ovalentaria/misc,Pomacentridae
Amblyglyphidodon curacao,5477,Teleostei,Ovalentaria/misc,Pomacentridae
Amblyglyphidodon indicus,61068,Teleostei,Ovalentaria/misc,Pomacentridae
Amblyglyphidodon ternatensis,5692,Teleostei,Ovalentaria/misc,Pomacentridae
Amphiprion akallopisos,8017,Teleostei,Ovalentaria/misc,Pomacentridae
Amphiprion biaculeatus,6632,Teleostei,Ovalentaria/misc,Pomacentridae
Amphiprion clarkii,5448,Teleostei,Ovalentaria/misc,Pomacentridae
Amphiprion ephippium,11840,Teleostei,Ovalentaria/misc,Pomacentridae
Amphiprion frenatus,6522,Teleostei,Ovalentaria/misc,Pomacentridae
Amphiprion ocellaris,6509,Teleostei,Ovalentaria/misc,Pomacentridae
Amphiprion perideraion,2024,Teleostei,Ovalentaria/misc,Pomacentridae
Amphiprion polymnus,8086,Teleostei,Ovalentaria/misc,Pomacentridae
Amphiprion sandaracinos,6523,Teleostei,Ovalentaria/misc,Pomacentridae
Cheiloprion labiatus,5684,Teleostei,Ovalentaria/misc,Pomacentridae
Chromis atripectoralis,5450,Teleostei,Ovalentaria/misc,Pomacentridae
Chromis cinerascens,11858,Teleostei,Ovalentaria/misc,Pomacentridae
Chromis fumea,10842,Teleostei,Ovalentaria/misc,Pomacentridae
Chromis scotochiloptera,12431,Teleostei,Ovalentaria/misc,Pomacentridae
Chromis viridis,5679,Teleostei,Ovalentaria/misc,Pomacentridae
Chromis weberi,5680,Teleostei,Ovalentaria/misc,Pomacentridae
Chrysiptera chrysocephala,64823,Teleostei,Ovalentaria/misc,Pomacentridae
Chrysiptera glauca,5696,Teleostei,Ovalentaria/misc,Pomacentridae
Chrysiptera hemicyanea,6919,Teleostei,Ovalentaria/misc,Pomacentridae
Chrysiptera parasema,12448,Teleostei,Ovalentaria/misc,Pomacentridae
Chrysiptera rex,5699,Teleostei,Ovalentaria/misc,Pomacentridae
Chrysiptera talboti,5700,Teleostei,Ovalentaria/misc,Pomacentridae
Chrysiptera unimaculata,5702,Teleostei,Ovalentaria/misc,Pomacentridae
Dascyllus trimaculatus,5112,Teleostei,Ovalentaria/misc,Pomacentridae
Dischistodus chrysopoecilus,6553,Teleostei,Ovalentaria/misc,Pomacentridae
Dischistodus fasciatus,9982,Teleostei,Ovalentaria/misc,Pomacentridae
Dischistodus melanotus,5703,Teleostei,Ovalentaria/misc,Pomacentridae
Dischistodus perspicillatus,5704,Teleostei,Ovalentaria/misc,Pomacentridae
Dischistodus prosopotaenia,6608,Teleostei,Ovalentaria/misc,Pomacentridae
Dischistodus pseudochrysopoecilus,8242,Teleostei,Ovalentaria/misc,Pomacentridae
Hemiglyphidodon plagiometopon,5487,Teleostei,Ovalentaria/misc,Pomacentridae
Neoglyphidodon thoracotaeniatus,6922,Teleostei,Ovalentaria/misc,Pomacentridae
Neopomacentrus anabatoides,10224,Teleostei,Ovalentaria/misc,Pomacentridae
Neopomacentrus cyanomos,8209,Teleostei,Ovalentaria/misc,Pomacentridae
Neopomacentrus filamentosus,12459,Teleostei,Ovalentaria/misc,Pomacentridae
Neopomacentrus sororius,62948,Teleostei,Ovalentaria/misc,Pomacentridae
Plectroglyphidodon obreptus,4353,Teleostei,Ovalentaria/misc,Pomacentridae
Pomacentrus adelus,12476,Teleostei,Ovalentaria/misc,Pomacentridae
Pomacentrus brachialis,5718,Teleostei,Ovalentaria/misc,Pomacentridae
Pomacentrus cuneatus,12488,Teleostei,Ovalentaria/misc,Pomacentridae
Pomacentrus geminospilus,25216,Teleostei,Ovalentaria/misc,Pomacentridae
Pomacentrus littoralis,12493,Teleostei,Ovalentaria/misc,Pomacentridae
Pomacentrus moluccensis,5724,Teleostei,Ovalentaria/misc,Pomacentridae
Pomacentrus opisthostigma,10277,Teleostei,Ovalentaria/misc,Pomacentridae
Pomacentrus stigma,12501,Teleostei,Ovalentaria/misc,Pomacentridae
Pomacentrus taeniometopon,10280,Teleostei,Ovalentaria/misc,Pomacentridae
Pomacentrus tripunctatus,8277,Teleostei,Ovalentaria/misc,Pomacentridae
Pristotis obtusirostris,8127,Teleostei,Ovalentaria/misc,Pomacentridae
Pycnochromis flavipectoralis,11863,Teleostei,Ovalentaria/misc,Pomacentridae
Pycnochromis lineatus,5128,Teleostei,Ovalentaria/misc,Pomacentridae
Pycnochromis ovatiformis,6927,Teleostei,Ovalentaria/misc,Pomacentridae
Pycnochromis retrofasciatus,5676,Teleostei,Ovalentaria/misc,Pomacentridae
Pomatomus saltatrix,364,Teleostei,Scombriformes,Pomatomidae
Heteropriacanthus cruentatus,1150,Teleostei,Eupercaria/misc,Priacanthidae
Priacanthus hamrur,5791,Teleostei,Eupercaria/misc,Priacanthidae
Priacanthus macracanthus,356,Teleostei,Eupercaria/misc,Priacanthidae
Priacanthus tayenus,4651,Teleostei,Eupercaria/misc,Priacanthidae
Pristigenys niphonia,7905,Teleostei,Eupercaria/misc,Priacanthidae
Pristigenys refulgens,67121,Teleostei,Eupercaria/misc,Priacanthidae
Anoxypristis cuspidata,8211,Elasmobranchii,Rhinopristiformes,Pristidae
Pristis microdon,2546,Elasmobranchii,Rhinopristiformes,Pristidae
Pristis zijsron,7956,Elasmobranchii,Rhinopristiformes,Pristidae
Ilisha elongata,1627,Teleostei,Clupeiformes,Pristigasteridae
Ilisha filigera,1628,Teleostei,Clupeiformes,Pristigasteridae
Ilisha kampeni,1630,Teleostei,Clupeiformes,Pristigasteridae
Ilisha macrogaster,1631,Teleostei,Clupeiformes,Pristigasteridae
Ilisha megaloptera,1632,Teleostei,Clupeiformes,Pristigasteridae
Ilisha melastoma,1633,Teleostei,Clupeiformes,Pristigasteridae
Ilisha sirishae,1637,Teleostei,Clupeiformes,Pristigasteridae
Opisthopterus tardoore,1652,Teleostei,Clupeiformes,Pristigasteridae
Opisthopterus valenciennesi,1653,Teleostei,Clupeiformes,Pristigasteridae
Pellona ditchela,1641,Teleostei,Clupeiformes,Pristigasteridae
Raconda russeliana,1658,Teleostei,Clupeiformes,Pristigasteridae
Pristolepis fasciata,10318,Teleostei,Anabantiformes,Pristolepididae
Pristolepis grootii,12290,Teleostei,Anabantiformes,Pristolepididae
Psettodes erumei,513,Teleostei,Pleuronectiformes,Psettodidae
Congrogadus subducens,4419,Teleostei,Ovalentaria/misc,Pseudochromidae
Lubbockichthys multisquamatus,12656,Teleostei,Ovalentaria/misc,Pseudochromidae
Manonichthys alleni,65047,Teleostei,Ovalentaria/misc,Pseudochromidae
Pictichromis diadema,24439,Teleostei,Ovalentaria/misc,Pseudochromidae
Pseudochromis bitaeniatus,12654,Teleostei,Ovalentaria/misc,Pseudochromidae
Pseudochromis cyanotaenia,14279,Teleostei,Ovalentaria/misc,Pseudochromidae
Pseudochromis fowleri,59005,Teleostei,Ovalentaria/misc,Pseudochromidae
Pseudochromis perspicillatus,24444,Teleostei,Ovalentaria/misc,Pseudochromidae
Pseudoplesiops typus,7463,Teleostei,Ovalentaria/misc,Pseudochromidae
Rachycentron canadum,3542,Teleostei,Carangiformes,Rachycentridae
Okamejei hollandi,4585,Elasmobranchii,Rajiformes,Rajidae
Rhincodon typus,2081,Elasmobranchii,Orectolobiformes,Rhincodontidae
Rhina ancylostomus,8729,Elasmobranchii,Rhinopristiformes,Rhinidae
Rhynchobatus australiae,15380,Elasmobranchii,Rhinopristiformes,Rhinidae
Rhynchobatus djiddensis,5503,Elasmobranchii,Rhinopristiformes,Rhinidae
Rhynchobatus laevis,57375,Elasmobranchii,Rhinopristiformes,Rhinidae
Rhynchobatus springeri,65550,Elasmobranchii,Rhinopristiformes,Rhinidae
Rhinobatos borneensis,68221,Elasmobranchii,Rhinopristiformes,Rhinobatidae
Rhinobatos thouiniana,62788,Elasmobranchii,Rhinopristiformes,Rhinobatidae
Rhinoptera javanica,7971,Elasmobranchii,Myliobatiformes,Rhinopteridae
Rhinoptera jayakari,27176,Elasmobranchii,Myliobatiformes,Rhinopteridae
Oncorhynchus mykiss,239,Teleostei,Salmoniformes,Salmonidae
Samaris cristatus,8290,Teleostei,Pleuronectiformes,Samaridae
Scatophagus argus,4698,Teleostei,Acanthuriformes,Scatophagidae
Aspericorvina jubata,11984,Teleostei,Eupercaria/misc,Sciaenidae
Atrobucca kyushini,15219,Teleostei,Eupercaria/misc,Sciaenidae
Bahaba polykladiskos,15220,Teleostei,Eupercaria/misc,Sciaenidae
Boesemania microlepis,15224,Teleostei,Eupercaria/misc,Sciaenidae
Chrysochir aurea,8308,Teleostei,Eupercaria/misc,Sciaenidae
Daysciaena albida,12049,Teleostei,Eupercaria/misc,Sciaenidae
Dendrophysa russelii,4560,Teleostei,Eupercaria/misc,Sciaenidae
Johnius amblycephalus,7785,Teleostei,Eupercaria/misc,Sciaenidae
Johnius belangerii,5520,Teleostei,Eupercaria/misc,Sciaenidae
Johnius borneensis,15263,Teleostei,Eupercaria/misc,Sciaenidae
Johnius cantori,15916,Teleostei,Eupercaria/misc,Sciaenidae
Johnius carouna,15236,Teleostei,Eupercaria/misc,Sciaenidae
Johnius carutta,4647,Teleostei,Eupercaria/misc,Sciaenidae
Johnius coitor,10544,Teleostei,Eupercaria/misc,Sciaenidae
Johnius dussumieri,6530,Teleostei,Eupercaria/misc,Sciaenidae
Johnius heterolepis,15244,Teleostei,Eupercaria/misc,Sciaenidae
Johnius macropterus,10348,Teleostei,Eupercaria/misc,Sciaenidae
Johnius macrorhynus,15249,Teleostei,Eupercaria/misc,Sciaenidae
Johnius plagiostoma,15448,Teleostei,Eupercaria/misc,Sciaenidae
Johnius sasakii,70777,Teleostei,Eupercaria/misc,Sciaenidae
Johnius trachycephalus,12051,Teleostei,Eupercaria/misc,Sciaenidae
Johnius weberi,15259,Teleostei,Eupercaria/misc,Sciaenidae
Larimichthys polyactis,416,Teleostei,Eupercaria/misc,Sciaenidae
Nibea maculata,11003,Teleostei,Eupercaria/misc,Sciaenidae
Nibea soldado,8309,Teleostei,Eupercaria/misc,Sciaenidae
Otolithes ruber,4824,Teleostei,Eupercaria/misc,Sciaenidae
Otolithoides biauritus,4570,Teleostei,Eupercaria/misc,Sciaenidae
Otolithoides pama,12056,Teleostei,Eupercaria/misc,Sciaenidae
Panna microdon,8310,Teleostei,Eupercaria/misc,Sciaenidae
Panna perarmata,15459,Teleostei,Eupercaria/misc,Sciaenidae
Paranibea semiluctuosa,8311,Teleostei,Eupercaria/misc,Sciaenidae
Pennahia aneus,13664,Teleostei,Eupercaria/misc,Sciaenidae
Pennahia argentata,434,Teleostei,Eupercaria/misc,Sciaenidae
Pennahia macrocephalus,8321,Teleostei,Eupercaria/misc,Sciaenidae
Protonibea diacanthus,4571,Teleostei,Eupercaria/misc,Sciaenidae
Pseudolarimichthys terengganui,70157,Teleostei,Eupercaria/misc,Sciaenidae
Pterotolithus lateoides,8391,Teleostei,Eupercaria/misc,Sciaenidae
Pterotolithus maculatus,8393,Teleostei,Eupercaria/misc,Sciaenidae
Sonorolux fluminis,15479,Teleostei,Eupercaria/misc,Sciaenidae
Acanthocybium solandri,89,Teleostei,Scombriformes,Scombridae
Auxis rochei,93,Teleostei,Scombriformes,Scombridae
Auxis thazard,94,Teleostei,Scombriformes,Scombridae
Euthynnus affinis,96,Teleostei,Scombriformes,Scombridae
Grammatorcynus bilineatus,104,Teleostei,Scombriformes,Scombridae
Katsuwonus pelamis,107,Teleostei,Scombriformes,Scombridae
Rastrelliger brachysoma,109,Teleostei,Scombriformes,Scombridae
Rastrelliger faughni,110,Teleostei,Scombriformes,Scombridae
Rastrelliger kanagurta,111,Teleostei,Scombriformes,Scombridae
Sarda orientalis,114,Teleostei,Scombriformes,Scombridae
Scomber australasicus,116,Teleostei,Scombriformes,Scombridae
Scomberomorus commerson,121,Teleostei,Scombriformes,Scombridae
Scomberomorus guttatus,123,Teleostei,Scombriformes,Scombridae
Scomberomorus koreanus,124,Teleostei,Scombriformes,Scombridae
Scomberomorus lineolatus,125,Teleostei,Scombriformes,Scombridae
Thunnus alalunga,142,Teleostei,Scombriformes,Scombridae
Thunnus albacares,143,Teleostei,Scombriformes,Scombridae
Thunnus obesus,146,Teleostei,Scombriformes,Scombridae
Thunnus tonggol,148,Teleostei,Scombriformes,Scombridae
Brachypterois serrulata,9203,Teleostei,Perciformes/Scorpaenoidei,Scorpaenidae
Dendrochirus zebra,5828,Teleostei,Perciformes/Scorpaenoidei,Scorpaenidae
Nemapterois biocellatus,5827,Teleostei,Perciformes/Scorpaenoidei,Scorpaenidae
Neochirus bella,8241,Teleostei,Perciformes/Scorpaenoidei,Scorpaenidae
Neochirus brachyptera,4912,Teleostei,Perciformes/Scorpaenoidei,Scorpaenidae
Neomerinthe amplisquamiceps,11662,Teleostei,Perciformes/Scorpaenoidei,Scorpaenidae
Parascorpaena picta,8296,Teleostei,Perciformes/Scorpaenoidei,Scorpaenidae
Pontinus macrocephalus,8280,Teleostei,Perciformes/Scorpaenoidei,Scorpaenidae
Pterois russelii,6404,Teleostei,Perciformes/Scorpaenoidei,Scorpaenidae
Pterois volitans,5195,Teleostei,Perciformes/Scorpaenoidei,Scorpaenidae
Scorpaenodes albaiensis,7313,Teleostei,Perciformes/Scorpaenoidei,Scorpaenidae
Scorpaenodes guamensis,5819,Teleostei,Perciformes/Scorpaenoidei,Scorpaenidae
Scorpaenopsis diabolus,4921,Teleostei,Perciformes/Scorpaenoidei,Scorpaenidae
Scorpaenopsis gibbosa,7918,Teleostei,Perciformes/Scorpaenoidei,Scorpaenidae
Scorpaenopsis oxycephala,5822,Teleostei,Perciformes/Scorpaenoidei,Scorpaenidae
Scorpaenopsis ramaraoi,59506,Teleostei,Perciformes/Scorpaenoidei,Scorpaenidae
Taenianotus triacanthus,5824,Teleostei,Perciformes/Scorpaenoidei,Scorpaenidae
Cephaloscyllium sarawakense,63780,Elasmobranchii,Carcharhiniformes,Scyliorhinidae
Chelidoperca hirundinacea,8237,Teleostei,Perciformes/Serranoidei,Serranidae
Setarches guentheri,5029,Teleostei,Perciformes/Scorpaenoidei,Setarchidae
Siganus canaliculatus,4456,Teleostei,Acanthuriformes,Siganidae
Siganus corallinus,4611,Teleostei,Acanthuriformes,Siganidae
Siganus fuscescens,4616,Teleostei,Acanthuriformes,Siganidae
Siganus guttatus,4588,Teleostei,Acanthuriformes,Siganidae
Siganus javus,4618,Teleostei,Acanthuriformes,Siganidae
Siganus lineatus,4625,Teleostei,Acanthuriformes,Siganidae
Siganus puellus,4617,Teleostei,Acanthuriformes,Siganidae
Siganus punctatissimus,4620,Teleostei,Acanthuriformes,Siganidae
Siganus punctatus,4621,Teleostei,Acanthuriformes,Siganidae
Siganus stellatus,4622,Teleostei,Acanthuriformes,Siganidae
Siganus sutor,4615,Teleostei,Acanthuriformes,Siganidae
Siganus vermiculatus,4561,Teleostei,Acanthuriformes,Siganidae
Siganus virgatus,4624,Teleostei,Acanthuriformes,Siganidae
Siganus vulpinus,4629,Teleostei,Acanthuriformes,Siganidae
Sillaginopodys chondropus,8006,Teleostei,Eupercaria/misc,Sillaginidae
Sillaginopsis panijus,402,Teleostei,Eupercaria/misc,Sillaginidae
Sillago aeolus,8491,Teleostei,Eupercaria/misc,Sillaginidae
Sillago asiatica,8496,Teleostei,Eupercaria/misc,Sillaginidae
Sillago maculata,7925,Teleostei,Eupercaria/misc,Sillaginidae
Sillago sihama,4544,Teleostei,Eupercaria/misc,Sillaginidae
Sillago vincenti,8319,Teleostei,Eupercaria/misc,Sillaginidae
Belodontichthys dinema,23087,Teleostei,Siluriformes,Siluridae
Ceratoglanis scleronema,16136,Teleostei,Siluriformes,Siluridae
Kryptopterus baramensis,59736,Teleostei,Siluriformes,Siluridae
Kryptopterus bicirrhis,10920,Teleostei,Siluriformes,Siluridae
Kryptopterus cryptopterus,16139,Teleostei,Siluriformes,Siluridae
Kryptopterus lais,23092,Teleostei,Siluriformes,Siluridae
Kryptopterus limpok,23093,Teleostei,Siluriformes,Siluridae
Kryptopterus macrocephalus,11991,Teleostei,Siluriformes,Siluridae
Kryptopterus sabanus,23109,Teleostei,Siluriformes,Siluridae
Micronema hexapterus,23098,Teleostei,Siluriformes,Siluridae
Micronema platypogon,61547,Teleostei,Siluriformes,Siluridae
Ompok eugeneiatus,23106,Teleostei,Siluriformes,Siluridae
Ompok fumidus,58684,Teleostei,Siluriformes,Siluridae
Ompok hypophthalmus,23107,Teleostei,Siluriformes,Siluridae
Ompok jaynei,58683,Teleostei,Siluriformes,Siluridae
Ompok leiacanthus,23108,Teleostei,Siluriformes,Siluridae
Ompok rhadinurus,62013,Teleostei,Siluriformes,Siluridae
Ompok siluroides,66246,Teleostei,Siluriformes,Siluridae
Phalacronotus apogon,16143,Teleostei,Siluriformes,Siluridae
Phalacronotus micronemus,23096,Teleostei,Siluriformes,Siluridae
Phalacronotus parvanalis,23103,Teleostei,Siluriformes,Siluridae
Pterocryptis cochinchinensis,14488,Teleostei,Siluriformes,Siluridae
Pterocryptis furnessi,23111,Teleostei,Siluriformes,Siluridae
Silurichthys hasseltii,23113,Teleostei,Siluriformes,Siluridae
Silurichthys indragiriensis,55211,Teleostei,Siluriformes,Siluridae
Silurichthys marmoratus,55212,Teleostei,Siluriformes,Siluridae
Silurichthys phaiosoma,23115,Teleostei,Siluriformes,Siluridae
Silurichthys schneideri,23116,Teleostei,Siluriformes,Siluridae
Wallago attu,10243,Teleostei,Siluriformes,Siluridae
Wallago leerii,10314,Teleostei,Siluriformes,Siluridae
Wallago maculatus,27260,Teleostei,Siluriformes,Siluridae
Bagarius bagarius,12006,Teleostei,Siluriformes,Sisoridae
Bagarius lica,23314,Teleostei,Siluriformes,Sisoridae
Glyptothorax laosensis,26760,Teleostei,Siluriformes,Sisoridae
Glyptothorax major,23319,Teleostei,Siluriformes,Sisoridae
Glyptothorax platypogon,23320,Teleostei,Siluriformes,Sisoridae
Glyptothorax platypogonides,23322,Teleostei,Siluriformes,Sisoridae
Glyptothorax siamensis,62706,Teleostei,Siluriformes,Sisoridae
Achiroides leucorhynchos,25162,Teleostei,Pleuronectiformes,Soleidae
Achiroides melanorhynchus,25164,Teleostei,Pleuronectiformes,Soleidae
Aseraggodes senoui,63918,Teleostei,Pleuronectiformes,Soleidae
Brachirus macrolepis,60535,Teleostei,Pleuronectiformes,Soleidae
Brachirus orientalis,8312,Teleostei,Pleuronectiformes,Soleidae
Brachirus panoides,25167,Teleostei,Pleuronectiformes,Soleidae
Liachirus melanospilos,8323,Teleostei,Pleuronectiformes,Soleidae
Pardachirus pavoninus,8271,Teleostei,Pleuronectiformes,Soleidae
Typhlachirus lipophthalmus,69697,Teleostei,Pleuronectiformes,Soleidae
Zebrias altipinnis,58958,Teleostei,Pleuronectiformes,Soleidae
Zebrias quagga,8194,Teleostei,Pleuronectiformes,Soleidae
Solenostomus paegnius,66889,Teleostei,Syngnathiformes,Solenostomidae
Solenostomus paradoxus,7312,Teleostei,Syngnathiformes,Solenostomidae
Acanthopagrus berda,5526,Teleostei,Eupercaria/misc,Sparidae
Acanthopagrus pacificus,65896,Teleostei,Eupercaria/misc,Sparidae
Argyrops bleekeri,8103,Teleostei,Eupercaria/misc,Sparidae
Argyrops spinifer,442,Teleostei,Eupercaria/misc,Sparidae
Dentex angolensis,440,Teleostei,Eupercaria/misc,Sparidae
Rhabdosargus sarba,5368,Teleostei,Eupercaria/misc,Sparidae
Sphyraena barracuda,1235,Teleostei,Carangaria/misc,Sphyraenidae
Sphyraena flavicauda,7937,Teleostei,Carangaria/misc,Sphyraenidae
Sphyraena forsteri,5734,Teleostei,Carangaria/misc,Sphyraenidae
Sphyraena jello,4827,Teleostei,Carangaria/misc,Sphyraenidae
Sphyraena obtusata,4493,Teleostei,Carangaria/misc,Sphyraenidae
Sphyraena putnamae,7938,Teleostei,Carangaria/misc,Sphyraenidae
Sphyraena qenie,7939,Teleostei,Carangaria/misc,Sphyraenidae
Eusphyra blochii,908,Elasmobranchii,Carcharhiniformes,Sphyrnidae
Sphyrna lewini,912,Elasmobranchii,Carcharhiniformes,Sphyrnidae
Sphyrna mokarran,914,Elasmobranchii,Carcharhiniformes,Sphyrnidae
Sphyrna zygaena,917,Elasmobranchii,Carcharhiniformes,Sphyrnidae
Spratelloides delicatulus,1457,Teleostei,Clupeiformes,Spratelloididae
Spratelloides gracilis,1458,Teleostei,Clupeiformes,Spratelloididae
Squalus japonicus,710,Elasmobranchii,Squaliformes,Squalidae
Stegostoma tigrinum,5374,Elasmobranchii,Orectolobiformes,Stegostomatidae
Pampus argenteus,491,Teleostei,Scombriformes,Stromateidae
Pampus chinensis,8187,Teleostei,Scombriformes,Stromateidae
Pampus cinereus,69458,Teleostei,Scombriformes,Stromateidae
Sundadanio axelrodi,10349,Teleostei,Cypriniformes,Sundadanionidae
Sundadanio margarition,66355,Teleostei,Cypriniformes,Sundadanionidae
Parascombrops philippinensis,10338,Teleostei,Acropomatiformes,Synagropidae
Choridactylus multibarbus,6387,Teleostei,Perciformes/Scorpaenoidei,Synanceiidae
Inimicus cuvieri,10637,Teleostei,Perciformes/Scorpaenoidei,Synanceiidae
Inimicus didactylus,5826,Teleostei,Perciformes/Scorpaenoidei,Synanceiidae
Leptosynanceia asteroblepa,24790,Teleostei,Perciformes/Scorpaenoidei,Synanceiidae
Minous monodactylus,6388,Teleostei,Perciformes/Scorpaenoidei,Synanceiidae
Minous quincarinatus,8264,Teleostei,Perciformes/Scorpaenoidei,Synanceiidae
Minous trachycephalus,11661,Teleostei,Perciformes/Scorpaenoidei,Synanceiidae
Synanceia quinque,69496,Teleostei,Perciformes/Scorpaenoidei,Synanceiidae
Trachicephalus uranoscopus,59086,Teleostei,Perciformes/Scorpaenoidei,Synanceiidae
Macrotrema caligans,53016,Teleostei,Synbranchiformes,Synbranchidae
Monopterus albus,4663,Teleostei,Synbranchiformes,Synbranchidae
Ophisternon bengalense,22496,Teleostei,Synbranchiformes,Synbranchidae
Choeroichthys brachysoma,5958,Teleostei,Syngnathiformes,Syngnathidae
Doryichthys boaja,11773,Teleostei,Syngnathiformes,Syngnathidae
Doryichthys martensii,11807,Teleostei,Syngnathiformes,Syngnathidae
Doryrhamphus negrosensis,5971,Teleostei,Syngnathiformes,Syngnathidae
Halicampus nitidus,5976,Teleostei,Syngnathiformes,Syngnathidae
Hippichthys cyanospilos,7728,Teleostei,Syngnathiformes,Syngnathidae
Hippocampus barbouri,53789,Teleostei,Syngnathiformes,Syngnathidae
Hippocampus bargibanti,53790,Teleostei,Syngnathiformes,Syngnathidae
Hippocampus comes,53792,Teleostei,Syngnathiformes,Syngnathidae
Hippocampus denise,60329,Teleostei,Syngnathiformes,Syngnathidae
Hippocampus histrix,5954,Teleostei,Syngnathiformes,Syngnathidae
Hippocampus kelloggi,53815,Teleostei,Syngnathiformes,Syngnathidae
Hippocampus kuda,5955,Teleostei,Syngnathiformes,Syngnathidae
Hippocampus mohnikei,53911,Teleostei,Syngnathiformes,Syngnathidae
Hippocampus pontohi,64800,Teleostei,Syngnathiformes,Syngnathidae
Hippocampus satomiae,64802,Teleostei,Syngnathiformes,Syngnathidae
Hippocampus spinosissimus,25974,Teleostei,Syngnathiformes,Syngnathidae
Hippocampus trimaculatus,22816,Teleostei,Syngnathiformes,Syngnathidae
Ichthyocampus carce,11808,Teleostei,Syngnathiformes,Syngnathidae
Micrognathus micronotopterus,7730,Teleostei,Syngnathiformes,Syngnathidae
Microphis deokhatoides,11775,Teleostei,Syngnathiformes,Syngnathidae
Phoxocampus belcheri,7742,Teleostei,Syngnathiformes,Syngnathidae
Phoxocampus diacanthus,5979,Teleostei,Syngnathiformes,Syngnathidae
Solegnathus lettiensis,8329,Teleostei,Syngnathiformes,Syngnathidae
Harpadon nehereus,260,Teleostei,Aulopiformes,Synodontidae
Saurida argentea,59118,Teleostei,Aulopiformes,Synodontidae
Saurida elongata,4764,Teleostei,Aulopiformes,Synodontidae
Saurida longimanus,4828,Teleostei,Aulopiformes,Synodontidae
Saurida micropectoralis,4467,Teleostei,Aulopiformes,Synodontidae
Saurida tumbil,6479,Teleostei,Aulopiformes,Synodontidae
Saurida undosquamis,1055,Teleostei,Aulopiformes,Synodontidae
Synodus macrops,8299,Teleostei,Aulopiformes,Synodontidae
Synodus rubromarmoratus,10706,Teleostei,Aulopiformes,Synodontidae
Synodus variegatus,5398,Teleostei,Aulopiformes,Synodontidae
Trachinocephalus trachinus,69559,Teleostei,Aulopiformes,Synodontidae
Pelates quadrilineatus,7945,Teleostei,Centrarchiformes,Terapontidae
Terapon jarbua,4458,Teleostei,Centrarchiformes,Terapontidae
Terapon puta,7946,Teleostei,Centrarchiformes,Terapontidae
Terapon theraps,4829,Teleostei,Centrarchiformes,Terapontidae
Arothron carduus,55071,Teleostei,Tetraodontiformes,Tetraodontidae
Arothron immaculatus,7188,Teleostei,Tetraodontiformes,Tetraodontidae
Arothron reticularis,6594,Teleostei,Tetraodontiformes,Tetraodontidae
Arothron stellatus,6526,Teleostei,Tetraodontiformes,Tetraodontidae
Auriglobus modestus,25171,Teleostei,Tetraodontiformes,Tetraodontidae
Auriglobus nefastus,25172,Teleostei,Tetraodontiformes,Tetraodontidae
Auriglobus remotus,25173,Teleostei,Tetraodontiformes,Tetraodontidae
Canthigaster compressa,6542,Teleostei,Tetraodontiformes,Tetraodontidae
Canthigaster epilampra,7846,Teleostei,Tetraodontiformes,Tetraodontidae
Canthigaster ocellicincta,12684,Teleostei,Tetraodontiformes,Tetraodontidae
Carinotetraodon borneensis,58204,Teleostei,Tetraodontiformes,Tetraodontidae
Carinotetraodon lorteti,25169,Teleostei,Tetraodontiformes,Tetraodontidae
Carinotetraodon salivator,27253,Teleostei,Tetraodontiformes,Tetraodontidae
Chelonodon patoca,6610,Teleostei,Tetraodontiformes,Tetraodontidae
Dichotomyctere fluviatilis,11270,Teleostei,Tetraodontiformes,Tetraodontidae
Dichotomyctere kretamensis,25178,Teleostei,Tetraodontiformes,Tetraodontidae
Dichotomyctere nigroviridis,7763,Teleostei,Tetraodontiformes,Tetraodontidae
Dichotomyctere ocellatus,25175,Teleostei,Tetraodontiformes,Tetraodontidae
Lagocephalus lunaris,8263,Teleostei,Tetraodontiformes,Tetraodontidae
Lagocephalus sceleratus,4761,Teleostei,Tetraodontiformes,Tetraodontidae
Lagocephalus spadiceus,8180,Teleostei,Tetraodontiformes,Tetraodontidae
Pao leiurus,16134,Teleostei,Tetraodontiformes,Tetraodontidae
Pao palembangensis,25179,Teleostei,Tetraodontiformes,Tetraodontidae
Takifugu oblongus,8301,Teleostei,Tetraodontiformes,Tetraodontidae
Torquigener hypselogeneion,8307,Teleostei,Tetraodontiformes,Tetraodontidae
Tylerius spinosissimus,8072,Teleostei,Tetraodontiformes,Tetraodontidae
Neocentropogon aeglefinus,8186,Teleostei,Perciformes/Scorpaenoidei,Tetrarogidae
Toxotes chatareus,8079,Teleostei,Carangaria/misc,Toxotidae
Toxotes jaculatrix,8229,Teleostei,Carangaria/misc,Toxotidae
Toxotes microlepis,24840,Teleostei,Carangaria/misc,Toxotidae
Pseudotriacanthus strigilifer,8191,Teleostei,Tetraodontiformes,Triacanthidae
Triacanthus biaculeatus,4562,Teleostei,Tetraodontiformes,Triacanthidae
Triacanthus nieuhofii,10570,Teleostei,Tetraodontiformes,Triacanthidae
Tripodichthys blochii,8413,Teleostei,Tetraodontiformes,Triacanthidae
Tripodichthys oxycephalus,15229,Teleostei,Tetraodontiformes,Triacanthidae
Triacanthodes anomalus,7622,Teleostei,Tetraodontiformes,Triacanthodidae
Mustelus mosis,5942,Elasmobranchii,Carcharhiniformes,Triakidae
Benthodesmus suluensis,8555,Teleostei,Scombriformes,Trichiuridae
Benthodesmus tenuis,8563,Teleostei,Scombriformes,Trichiuridae
Benthodesmus vityazi,8566,Teleostei,Scombriformes,Trichiuridae
Eupleurogrammus glossodon,8567,Teleostei,Scombriformes,Trichiuridae
Eupleurogrammus muticus,8244,Teleostei,Scombriformes,Trichiuridae
Lepturacanthus savala,8314,Teleostei,Scombriformes,Trichiuridae
Tentoriceps cristatus,7947,Teleostei,Scombriformes,Trichiuridae
Trichiurus lepturus,1288,Teleostei,Scombriformes,Trichiuridae
Lepidotrigla abyssalis,24016,Teleostei,Perciformes/Scorpaenoidei,Triglidae
Lepidotrigla japonica,10439,Teleostei,Perciformes/Scorpaenoidei,Triglidae
Lepidotrigla spiloptera,10366,Teleostei,Perciformes/Scorpaenoidei,Triglidae
Pterygotrigla hemisticta,8285,Teleostei,Perciformes/Scorpaenoidei,Triglidae
Ceratobregma helenae,46902,Teleostei,Blenniiformes,Tripterygiidae
Enneapterygius cerasinus,51559,Teleostei,Blenniiformes,Tripterygiidae
Enneapterygius minutus,14198,Teleostei,Blenniiformes,Tripterygiidae
Enneapterygius pallidoserialis,51550,Teleostei,Blenniiformes,Tripterygiidae
Enneapterygius similis,51558,Teleostei,Blenniiformes,Tripterygiidae
Helcogramma capidata,8502,Teleostei,Blenniiformes,Tripterygiidae
Helcogramma fuscipectoris,51563,Teleostei,Blenniiformes,Tripterygiidae
Helcogramma springeri,8511,Teleostei,Blenniiformes,Tripterygiidae
Helcogramma trigloides,23562,Teleostei,Blenniiformes,Tripterygiidae
Ucla xenogrammus,47204,Teleostei,Blenniiformes,Tripterygiidae
Ichthyscopus malacopterus,62129,Teleostei,Perciformes/Uranoscopoidei,Uranoscopidae
Uranoscopus bicinctus,7621,Teleostei,Perciformes/Uranoscopoidei,Uranoscopidae
Uranoscopus cognatus,10549,Teleostei,Perciformes/Uranoscopoidei,Uranoscopidae
Uranoscopus oligolepis,8303,Teleostei,Perciformes/Uranoscopoidei,Uranoscopidae
Vaillantella euepiptera,22999,Teleostei,Cypriniformes,Vaillantellidae
Vaillantella maassi,23000,Teleostei,Cypriniformes,Vaillantellidae
Ctenopharyngodon idella,79,Teleostei,Cypriniformes,Xenocyprididae
Hypophthalmichthys molitrix,274,Teleostei,Cypriniformes,Xenocyprididae
Hypophthalmichthys nobilis,275,Teleostei,Cypriniformes,Xenocyprididae
Macrochirichthys macrochirus,4949,Teleostei,Cypriniformes,Xenocyprididae
Mylopharyngodon piceus,4602,Teleostei,Cypriniformes,Xenocyprididae
Oxygaster anomalura,17449,Teleostei,Cypriniformes,Xenocyprididae
Parachela hypophthalmus,17450,Teleostei,Cypriniformes,Xenocyprididae
Parachela maculicauda,27042,Teleostei,Cypriniformes,Xenocyprididae
Parachela oxygastroides,4947,Teleostei,Cypriniformes,Xenocyprididae
Paralaubuca typus,27025,Teleostei,Cypriniformes,Xenocyprididae
Rasborichthys helfrichii,22646,Teleostei,Cypriniformes,Xenocyprididae
Xiphias gladius,226,Teleostei,Carangiformes,Xiphiidae
Zeus faber,1370,Teleostei,Zeiformes,Zeidae
Dermogenys bispina,61565,Teleostei,Beloniformes,Zenarchopteridae
Dermogenys collettei,61568,Teleostei,Beloniformes,Zenarchopteridae
Dermogenys pusilla,11298,Teleostei,Beloniformes,Zenarchopteridae
Hemirhamphodon byssus,67144,Teleostei,Beloniformes,Zenarchopteridae
Hemirhamphodon kuekenthali,24747,Teleostei,Beloniformes,Zenarchopteridae
Hemirhamphodon pogonognathus,15900,Teleostei,Beloniformes,Zenarchopteridae
Zenarchopterus buffonis,17041,Teleostei,Beloniformes,Zenarchopteridae
Zenarchopterus dispar,9648,Teleostei,Beloniformes,Zenarchopteridae
Zenarchopterus ectuntio,24760,Teleostei,Beloniformes,Zenarchopteridae
Zenarchopterus gilli,17112,Teleostei,Beloniformes,Zenarchopteridae
Zenarchopterus striga,25052,Teleostei,Beloniformes,Zenarchopteridae
