species,speccode,class,order,family,acc_name,match_type,confidence,gbif_key,synonym_of
Acanthurus auranticavus,4748,Teleostei,Acanthuriformes,Acanthuridae,"Acanthurus auranticavus Randall, 1956",EXACT,99,5209158,
Acanthurus bariene,4307,Teleostei,Acanthuriformes,Acanthuridae,"Acanthurus bariene Lesson, 1831",EXACT,99,5209156,
Acanthurus japonicus,23375,Teleostei,Acanthuriformes,Acanthuridae,"Acanthurus japonicus (Schmidt, 1931)",EXACT,99,5209165,
Acanthurus lineatus,1258,Teleostei,Acanthuriformes,Acanthuridae,"Acanthurus lineatus (Linnaeus, 1758)",EXACT,99,5209244,
Acanthurus mata,1255,Teleostei,Acanthuriformes,Acanthuridae,"Acanthurus mata (Cuvier, 1829)",EXACT,99,5209204,
Acanthurus nigricans,6011,Teleostei,Acanthuriformes,Acanthuridae,"Acanthurus nigricans (Linnaeus, 1758)",EXACT,99,5209162,
Acanthurus nigricauda,4747,Teleostei,Acanthuriformes,Acanthuridae,"Acanthurus nigricauda Duncker & Mohr, 1929",EXACT,99,5209160,
Acanthurus nigrofuscus,4739,Teleostei,Acanthuriformes,Acanthuridae,"Acanthurus nigrofuscus (Forsskål, 1775)",EXACT,99,5209227,
Acanthurus olivaceus,4744,Teleostei,Acanthuriformes,Acanthuridae,"Acanthurus olivaceus Bloch & Schneider, 1801",EXACT,99,5209196,
Acanthurus triostegus,1260,Teleostei,Acanthuriformes,Acanthuridae,"Acanthurus triostegus (Linnaeus, 1758)",EXACT,99,5209217,
Acanthurus xanthopterus,1261,Teleostei,Acanthuriformes,Acanthuridae,"Acanthurus xanthopterus Valenciennes, 1835",EXACT,99,5209252,
Ctenochaetus binotatus,6012,Teleostei,Acanthuriformes,Acanthuridae,"Ctenochaetus binotatus Randall, 1955",EXACT,99,2379623,
Ctenochaetus cyanocheilus,59486,Teleostei,Acanthuriformes,Acanthuridae,"Ctenochaetus cyanocheilus Randall & Clements, 2001",EXACT,99,2379644,
Naso brachycentron,6020,Teleostei,Acanthuriformes,Acanthuridae,"Naso brachycentron (Valenciennes, 1835)",EXACT,99,5209101,
Naso brevirostris,6021,Teleostei,Acanthuriformes,Acanthuridae,"Naso brevirostris (Cuvier, 1829)",EXACT,97,9760005,
Naso hexacanthus,1263,Teleostei,Acanthuriformes,Acanthuridae,"Naso hexacanthus (Bleeker, 1855)",EXACT,99,5209121,
Naso lituratus,1264,Teleostei,Acanthuriformes,Acanthuridae,"Naso lituratus (Forster, 1801)",EXACT,99,5209096,
Naso lopezi,6022,Teleostei,Acanthuriformes,Acanthuridae,"Naso lopezi Herre, 1927",EXACT,99,5209118,
Naso thynnoides,6932,Teleostei,Acanthuriformes,Acanthuridae,"Naso thynnoides (Cuvier, 1829)",EXACT,99,9815142,
Naso tonganus,60076,Teleostei,Acanthuriformes,Acanthuridae,"Naso tonganus (Valenciennes, 1835)",EXACT,99,5209116,
Naso unicornis,1265,Teleostei,Acanthuriformes,Acanthuridae,"Naso unicornis (Forsskål, 1775)",EXACT,99,5209124,
Naso vlamingii,6024,Teleostei,Acanthuriformes,Acanthuridae,"Naso vlamingii (Valenciennes, 1835)",EXACT,99,5209104,
Paracanthurus hepatus,6017,Teleostei,Acanthuriformes,Acanthuridae,"Paracanthurus hepatus (Linnaeus, 1766)",EXACT,99,2379534,
Zebrasoma scopas,5951,Teleostei,Acanthuriformes,Acanthuridae,"Zebrasoma scopas (Cuvier, 1829)",EXACT,99,2379864,
Zebrasoma velifer,1266,Teleostei,Acanthuriformes,Acanthuridae,"Zebrasoma velifer (Bloch, 1795)",EXACT,98,2379875,2379877
Acropoma japonicum,1267,Teleostei,Acropomatiformes,Acropomatidae,"Acropoma japonicum Günther, 1859",EXACT,99,5209531,
Oryzias javanicus,12254,Teleostei,Beloniformes,Adrianichthyidae,"Oryzias javanicus (Bleeker, 1854)",EXACT,99,2368403,
Aetobatus ocellatus,12600,Elasmobranchii,Myliobatiformes,Aetobatidae,"Aetobatus ocellatus (Kuhl, 1823)",EXACT,99,2419246,
Clupisoma sinense,26739,Teleostei,Siluriformes,Ailiidae,"Clupisoma sinense (Huang, 1981)",EXACT,99,2341704,
Laides hexanema,16147,Teleostei,Siluriformes,Ailiidae,"Laides hexanema (Bleeker, 1852)",EXACT,99,2341628,
Acrochordonichthys falcifer,58361,Teleostei,Siluriformes,Akysidae,"Acrochordonichthys falcifer Ng & Ng, 2001",EXACT,99,2340876,
Acrochordonichthys pachyderma,58362,Teleostei,Siluriformes,Akysidae,"Acrochordonichthys pachyderma Vaillant, 1902",EXACT,99,2340865,
Acrochordonichthys rugosus,23304,Teleostei,Siluriformes,Akysidae,"Acrochordonichthys rugosus (Bleeker, 1846)",EXACT,99,2340879,
Acrochordonichthys septentrionalis,58359,Teleostei,Siluriformes,Akysidae,"Acrochordonichthys septentrionalis Ng & Ng, 2001",EXACT,99,2340867,
Akysis hendricksoni,26974,Teleostei,Siluriformes,Akysidae,"Akysis hendricksoni Alfred, 1966",EXACT,99,2340902,
Akysis microps,58042,Teleostei,Siluriformes,Akysidae,"Akysis microps Ng & Tan, 1999",EXACT,99,2340913,
Parakysis grandis,27401,Teleostei,Siluriformes,Akysidae,"Parakysis grandis Ng & Lim, 1995",EXACT,99,2340935,
Parakysis longirostris,27402,Teleostei,Siluriformes,Akysidae,"Parakysis longirostris Ng & Lim, 1995",EXACT,99,2340933,
Parakysis verrucosus,23313,Teleostei,Siluriformes,Akysidae,"Parakysis verrucosus Herre, 1940",EXACT,99,2340929,
Pseudobagarius alfredi,52534,Teleostei,Siluriformes,Akysidae,"Pseudobagarius alfredi (Ng & Kottelat, 1998)",EXACT,99,2340950,
Albula vulpes,228,Teleostei,Albuliformes,Albulidae,"Albula vulpes (Linnaeus, 1758)",EXACT,99,5204104,
Alopias pelagicus,5891,Elasmobranchii,Lamniformes,Alopiidae,"Alopias pelagicus Nakamura, 1935",EXACT,99,2420809,
Ambassis ambassis,61467,Teleostei,Ovalentaria/misc,Ambassidae,"Ambassis ambassis (Lacepède, 1802)",EXACT,99,2387295,
Ambassis buruensis,11783,Teleostei,Ovalentaria/misc,Ambassidae,"Ambassis buruensis Bleeker, 1856",EXACT,99,2387303,
Ambassis dussumieri,9899,Teleostei,Ovalentaria/misc,Ambassidae,"Ambassis dussumieri Cuvier, 1828",EXACT,99,2387309,
Ambassis gymnocephalus,4806,Teleostei,Ovalentaria/misc,Ambassidae,"Ambassis gymnocephalus (Lacepède, 1802)",EXACT,99,2387311,
Ambassis interrupta,5153,Teleostei,Ovalentaria/misc,Ambassidae,"Ambassis interrupta Bleeker, 1853",EXACT,99,2387290,
Ambassis miops,9234,Teleostei,Ovalentaria/misc,Ambassidae,"Ambassis miops Günther, 1872",EXACT,99,2387328,
Ambassis octava,71233,Teleostei,Ovalentaria/misc,Ambassidae,"Ambassis Cuvier, 1828",HIGHERRANK,94,2387272,
Ambassis urotaenia,9235,Teleostei,Ovalentaria/misc,Ambassidae,"Ambassis urotaenia Bleeker, 1852",EXACT,99,2387296,
Chanda ranga,10130,Teleostei,Ovalentaria/misc,Ambassidae,"Chanda ranga Hamilton, 1822",EXACT,98,2387239,2387235
Chanda siamensis,16164,Teleostei,Ovalentaria/misc,Ambassidae,"Chanda siamensis Fowler, 1937",EXACT,98,2387247,2387246
Gymnochanda filamentosa,24795,Teleostei,Ovalentaria/misc,Ambassidae,"Gymnochanda filamentosa Fraser-Brunner, 1955",EXACT,97,2387166,
Parambassis apogonoides,24799,Teleostei,Ovalentaria/misc,Ambassidae,"Parambassis apogonoides (Bleeker, 1851)",EXACT,99,2387252,
Parambassis wolffii,16235,Teleostei,Ovalentaria/misc,Ambassidae,"Parambassis wolffii (Bleeker, 1850)",EXACT,99,2387224,
Amblyceps foratum,60061,Teleostei,Siluriformes,Amblycipitidae,"Amblyceps foratum Ng & Kottelat, 2000",EXACT,99,2342854,
Anabas testudineus,495,Teleostei,Anabantiformes,Anabantidae,"Anabas testudineus (Bloch, 1792)",EXACT,99,2391579,
Anguilla bengalensis,1272,Teleostei,Anguilliformes,Anguillidae,"Anguilla bengalensis (Gray, 1831)",EXACT,99,5213038,
Anguilla bicolor,1274,Teleostei,Anguilliformes,Anguillidae,"Anguilla bicolor McClelland, 1844",EXACT,99,5712355,
Anguilla malgumora,5426,Teleostei,Anguilliformes,Anguillidae,"Anguilla malgumora Kaup, 1856",EXACT,99,5213049,
Photoblepharon palpebratum,7185,Teleostei,Trachichthyiformes,Anomalopidae,"Photoblepharon palpebratum (Boddaert, 1781)",EXACT,99,2356670,
Abantennarius coccineus,5402,Teleostei,Lophiiformes,Antennariidae,"Abantennarius coccineus (Lesson, 1831)",EXACT,98,11954282,7193714
Antennarius hispidus,8074,Teleostei,Lophiiformes,Antennariidae,"Antennarius hispidus (Bloch & Schneider, 1801)",EXACT,99,5214680,
Antennarius striatus,5474,Teleostei,Lophiiformes,Antennariidae,"Antennarius striatus (Shaw, 1794)",EXACT,99,5214795,
Histrio histrio,3089,Teleostei,Lophiiformes,Antennariidae,,NONE,100,,
Mirolabrichthys pascalus,6934,Teleostei,Perciformes/Serranoidei,Anthiadidae,"Mirolabrichthys pascalus (Jordan & Tanaka, 1927)",EXACT,98,2387678,2387675
Plectranthias jothyi,59844,Teleostei,Perciformes/Serranoidei,Anthiadidae,"Plectranthias jothyi Randall, 1996",EXACT,99,2388025,
Pseudanthias randalli,6571,Teleostei,Perciformes/Serranoidei,Anthiadidae,"Pseudanthias randalli (Lubbock & Allen, 1978)",EXACT,99,2387682,
Pyronotanthias lori,7456,Teleostei,Perciformes/Serranoidei,Anthiadidae,"Pyronotanthias Gill, 2022",HIGHERRANK,92,11978557,
Pyronotanthias smithvanizi,7460,Teleostei,Perciformes/Serranoidei,Anthiadidae,"Pyronotanthias Gill, 2022",HIGHERRANK,92,11978557,
Sayonara japonica,10577,Teleostei,Perciformes/Serranoidei,Anthiadidae,"Sayonara Jordan & Seale, 1906",HIGHERRANK,94,2387544,2387984
Apistus carinatus,6383,Teleostei,Perciformes/Scorpaenoidei,Apistidae,"Apistus carinatus (Bloch & Schneider, 1801)",EXACT,99,5201409,
Cocotropus echinatus,59074,Teleostei,Perciformes/Scorpaenoidei,Aploactinidae,"Cocotropus echinatus (Cantor, 1849)",EXACT,99,2337007,
Aplocheilus panchax,4756,Teleostei,Cyprinodontiformes,Aplocheilidae,"Aplocheilus panchax (Hamilton, 1822)",EXACT,99,2347811,
Apogon talboti,12906,Teleostei,Kurtiformes,Apogonidae,"Apogon talboti Smith, 1961",EXACT,99,5211698,
Apogonichthyoides melas,5749,Teleostei,Kurtiformes,Apogonidae,"Apogonichthyoides melas (Bleeker, 1848)",EXACT,99,7193075,
Apogonichthyoides niger,8232,Teleostei,Kurtiformes,Apogonidae,"Apogonichthyoides niger (Döderlein, 1883)",EXACT,99,5853512,
Apogonichthyoides pseudotaeniatus,26632,Teleostei,Kurtiformes,Apogonidae,"Apogonichthyoides pseudotaeniatus (Gon, 1986)",EXACT,99,5962039,
Archamia bleekeri,60358,Teleostei,Kurtiformes,Apogonidae,"Archamia bleekeri (Günther, 1859)",EXACT,99,2397400,
Cheilodipterus alleni,12876,Teleostei,Kurtiformes,Apogonidae,"Cheilodipterus alleni Gon, 1993",EXACT,99,2397523,
Cheilodipterus isostigma,5779,Teleostei,Kurtiformes,Apogonidae,"Cheilodipterus isostigmus (Schultz, 1940)",FUZZY,96,2397537,
Cheilodipterus macrodon,5781,Teleostei,Kurtiformes,Apogonidae,"Cheilodipterus macrodon (Lacepède, 1802)",EXACT,99,2397541,
Cheilodipterus singapurensis,5782,Teleostei,Kurtiformes,Apogonidae,"Cheilodipterus singapurensis Bleeker, 1860",EXACT,99,2397515,
Cheilodipterus zonatus,8591,Teleostei,Kurtiformes,Apogonidae,"Cheilodipterus zonatus Smith & Radcliffe, 1912",EXACT,99,2397526,
Fibramia amboinensis,7848,Teleostei,Kurtiformes,Apogonidae,"Fibramia amboinensis (Bleeker, 1853)",EXACT,99,8406364,
Jaydia ellioti,5751,Teleostei,Kurtiformes,Apogonidae,"Jaydia ellioti (Day, 1875)",EXACT,99,4353363,
Jaydia lineata,8231,Teleostei,Kurtiformes,Apogonidae,"Jaydia lineata (Temminck & Schlegel, 1842)",EXACT,99,7386475,
Nectamia bandanensis,5763,Teleostei,Kurtiformes,Apogonidae,"Nectamia bandanensis (Bleeker, 1854)",EXACT,99,2397474,
Nectamia ignitops,63749,Teleostei,Kurtiformes,Apogonidae,"Nectamia ignitops Fraser, 2008",EXACT,99,2397464,
Nectamia savayensis,5764,Teleostei,Kurtiformes,Apogonidae,"Nectamia savayensis (Günther, 1872)",EXACT,99,2397471,
Nectamia similis,63751,Teleostei,Kurtiformes,Apogonidae,"Nectamia similis Fraser, 2008",EXACT,99,2397477,
Nectamia viria,63698,Teleostei,Kurtiformes,Apogonidae,"Nectamia viria Fraser, 2008",EXACT,99,2397461,
Ostorhinchus aroubiensis,61606,Teleostei,Kurtiformes,Apogonidae,"Ostorhinchus aroubiensis (Hombron & Jacquinot, 1853)",EXACT,99,7193035,
Ostorhinchus aureus,4837,Teleostei,Kurtiformes,Apogonidae,"Ostorhinchus aureus (Lacepède, 1802)",EXACT,99,7193028,
Ostorhinchus cavitensis,25109,Teleostei,Kurtiformes,Apogonidae,"Ostorhinchus cavitensis (Jordan & Seale, 1907)",EXACT,99,7193021,
Ostorhinchus chrysopomus,58153,Teleostei,Kurtiformes,Apogonidae,"Ostorhinchus chrysopomus (Bleeker, 1854)",EXACT,99,7193043,
Ostorhinchus chrysotaenia,13003,Teleostei,Kurtiformes,Apogonidae,"Ostorhinchus chrysotaenia (Bleeker, 1851)",EXACT,99,7193038,
Ostorhinchus compressus,5769,Teleostei,Kurtiformes,Apogonidae,"Ostorhinchus compressus (Smith & Radcliffe, 1911)",EXACT,99,5788261,
Ostorhinchus endekataenia,6524,Teleostei,Kurtiformes,Apogonidae,"Ostorhinchus endekataenia (Bleeker, 1852)",EXACT,99,2397226,
Ostorhinchus fasciatus,6605,Teleostei,Kurtiformes,Apogonidae,"Ostorhinchus fasciatus (White, 1790)",EXACT,98,7193045,
Ostorhinchus fleurieu,4838,Teleostei,Kurtiformes,Apogonidae,"Ostorhinchus fleurieu Lacepède, 1802",EXACT,99,2397257,
Ostorhinchus griffini,50880,Teleostei,Kurtiformes,Apogonidae,"Ostorhinchus griffini (Seale, 1910)",EXACT,99,6168678,
Ostorhinchus holotaenia,46445,Teleostei,Kurtiformes,Apogonidae,"Ostorhinchus holotaenia (Regan, 1905)",EXACT,99,7193026,
Ostorhinchus kiensis,8230,Teleostei,Kurtiformes,Apogonidae,"Ostorhinchus kiensis (Jordan & Snyder, 1901)",EXACT,99,7193012,
Ostorhinchus margaritophorus,58156,Teleostei,Kurtiformes,Apogonidae,"Ostorhinchus margaritophorus (Bleeker, 1855)",EXACT,99,7193029,
Ostorhinchus moluccensis,8589,Teleostei,Kurtiformes,Apogonidae,"Ostorhinchus moluccensis (Valenciennes, 1832)",EXACT,99,2397293,
Ostorhinchus multilineatus,11619,Teleostei,Kurtiformes,Apogonidae,"Ostorhinchus multilineatus (Bleeker, 1874)",EXACT,99,7193044,
Ostorhinchus nanus,25037,Teleostei,Kurtiformes,Apogonidae,"Ostorhinchus nanus (Allen, Kuiter & Randall, 1994)",EXACT,99,7193039,
Ostorhinchus nigrocincta,10621,Teleostei,Kurtiformes,Apogonidae,"Ostorhinchus nigrocincta (Smith & Radcliffe, 1912)",EXACT,99,7193025,
Ostorhinchus parvulus,23452,Teleostei,Kurtiformes,Apogonidae,"Ostorhinchus parvulus (Smith & Radcliffe, 1912)",EXACT,99,7193047,
Ostorhinchus pleuron,63447,Teleostei,Kurtiformes,Apogonidae,"Ostorhinchus pleuron (Fraser, 2005)",EXACT,99,7193034,
Ostorhinchus sealei,6230,Teleostei,Kurtiformes,Apogonidae,"Ostorhinchus sealei (Fowler, 1918)",EXACT,99,7193049,
Ostorhinchus urostigmus,60367,Teleostei,Kurtiformes,Apogonidae,"Ostorhinchus urostigmus (Bleeker, 1874)",EXACT,99,7771019,
Ostorhinchus wassinki,59184,Teleostei,Kurtiformes,Apogonidae,"Ostorhinchus wassinki (Bleeker, 1861)",EXACT,99,7193016,
Pristicon rhodopterus,23455,Teleostei,Kurtiformes,Apogonidae,"Pristicon rhodopterus (Bleeker, 1852)",EXACT,99,7193007,
Pristicon trimaculatus,5748,Teleostei,Kurtiformes,Apogonidae,"Pristicon trimaculatus (Cuvier, 1828)",EXACT,99,7193008,
Pseudamia amblyuroptera,4361,Teleostei,Kurtiformes,Apogonidae,"Pseudamia amblyuroptera (Bleeker, 1856)",EXACT,99,5211526,
Pseudamia gelatinosa,4362,Teleostei,Kurtiformes,Apogonidae,"Pseudamia gelatinosa Smith, 1956",EXACT,99,5211538,
Rhabdamia gracilis,5747,Teleostei,Kurtiformes,Apogonidae,"Rhabdamia gracilis (Bleeker, 1856)",EXACT,99,2397636,
Siphamia corallicola,25077,Teleostei,Kurtiformes,Apogonidae,"Siphamia corallicola Allen, 1993",EXACT,99,2397511,
Siphamia fuscolineata,5783,Teleostei,Kurtiformes,Apogonidae,"Siphamia fuscolineata Lachner, 1953",EXACT,99,2397489,
Siphamia jebbi,25105,Teleostei,Kurtiformes,Apogonidae,"Siphamia jebbi Allen, 1993",EXACT,99,2397484,
Sphaeramia nematoptera,5778,Teleostei,Kurtiformes,Apogonidae,"Sphaeramia nematoptera (Bleeker, 1856)",EXACT,99,2396947,
Taeniamia fucata,5776,Teleostei,Kurtiformes,Apogonidae,"Taeniamia fucata (Cantor, 1849)",EXACT,99,7614042,
Taeniamia lineolata,7854,Teleostei,Kurtiformes,Apogonidae,"Taeniamia lineolata (Cuvier, 1828)",EXACT,99,8373241,
Taeniamia macroptera,59188,Teleostei,Kurtiformes,Apogonidae,"Taeniamia macroptera (Cuvier, 1828)",EXACT,99,7686917,
Taeniamia zosterophora,5777,Teleostei,Kurtiformes,Apogonidae,"Taeniamia zosterophora (Bleeker, 1856)",EXACT,99,7732184,
Verulux cypselurus,5746,Teleostei,Kurtiformes,Apogonidae,"Verulux cypselurus (Weber, 1909)",EXACT,99,8588767,
Yarica hyalosoma,8202,Teleostei,Kurtiformes,Apogonidae,"Yarica hyalosoma (Bleeker, 1852)",EXACT,99,8871266,
Zoramia gilberti,5772,Teleostei,Kurtiformes,Apogonidae,"Zoramia gilberti (Jordan & Seale, 1905)",EXACT,99,2397561,
Zoramia viridiventer,63424,Teleostei,Kurtiformes,Apogonidae,"Zoramia viridiventer Greenfield, Langston & Randall, 2005",EXACT,99,2397564,
Arius macronotacanthus,51768,Teleostei,Siluriformes,Ariidae,"Arius macronotacanthus Bleeker, 1846",EXACT,98,2344898,2344897
Arius maculatus,1280,Teleostei,Siluriformes,Ariidae,"Arius maculatus (Thunberg, 1792)",EXACT,99,2345256,
Arius microcephalus,27403,Teleostei,Siluriformes,Ariidae,"Arius microcephalus Bleeker, 1855",EXACT,99,2345284,
Arius subrostratus,1295,Teleostei,Siluriformes,Ariidae,"Arius subrostratus Valenciennes, 1840",EXACT,99,2345248,
Arius sumatranus,1296,Teleostei,Siluriformes,Ariidae,Arius sumatranus,EXACT,99,9486061,
Arius venosus,1283,Teleostei,Siluriformes,Ariidae,"Arius venosus Valenciennes, 1840",EXACT,99,2345242,
Batrachocephalus mino,1298,Teleostei,Siluriformes,Ariidae,"Batrachocephalus mino (Hamilton, 1822)",EXACT,99,5202922,
Cephalocassis borneensis,23390,Teleostei,Siluriformes,Ariidae,"Cephalocassis borneensis (Bleeker, 1851)",EXACT,99,2344786,
Cephalocassis melanochir,23387,Teleostei,Siluriformes,Ariidae,"Cephalocassis melanochir (Bleeker, 1852)",EXACT,99,2344790,
Cryptarius truncatus,23385,Teleostei,Siluriformes,Ariidae,"Cryptarius truncatus (Valenciennes, 1840)",EXACT,99,2345492,
Hemiarius harmandi,51766,Teleostei,Siluriformes,Ariidae,"Hemiarius harmandi Sauvage, 1880",EXACT,99,2344907,
Hexanematichthys sagor,1281,Teleostei,Siluriformes,Ariidae,"Hexanematichthys sagor (Hamilton, 1822)",EXACT,99,2345376,
Ketengus typus,23392,Teleostei,Siluriformes,Ariidae,"Ketengus typus Bleeker, 1846",EXACT,99,2345205,
Kyataphisa caelata,1277,Teleostei,Siluriformes,Ariidae,,NONE,100,,
Netuma thalassina,10220,Teleostei,Siluriformes,Ariidae,"Netuma thalassina (Rüppell, 1837)",EXACT,99,2345402,
Osteogeneiosus militaris,1299,Teleostei,Siluriformes,Ariidae,"Osteogeneiosus militaris (Linnaeus, 1758)",EXACT,99,2345388,
Plicofollis argyropleuron,11739,Teleostei,Siluriformes,Ariidae,"Plicofollis argyropleuron (Valenciennes, 1840)",EXACT,99,2345096,
Plicofollis layardi,1297,Teleostei,Siluriformes,Ariidae,"Plicofollis layardi (Günther, 1866)",EXACT,99,4286768,
Plicofollis nella,23383,Teleostei,Siluriformes,Ariidae,"Plicofollis nella (Valenciennes, 1840)",EXACT,99,2345111,
Plicofollis tonggol,1286,Teleostei,Siluriformes,Ariidae,"Plicofollis tonggol (Bleeker, 1846)",EXACT,99,2345117,
Pseudosciades sona,1294,Teleostei,Siluriformes,Ariidae,,NONE,100,,
Ariomma indica,1300,Teleostei,Scombriformes,Ariommatidae,"Ariomma indicum (Day, 1871)",FUZZY,96,2399426,
Ariomma lurida,8233,Teleostei,Scombriformes,Ariommatidae,"Ariomma luridum Jordan & Snyder, 1904",FUZZY,96,4889072,
Ateleopus japonicus,7281,Teleostei,Ateleopodiformes,Ateleopodidae,"Ateleopus japonicus Bleeker, 1853",EXACT,99,5204668,
Atelomycterus marmoratus,4305,Elasmobranchii,Carcharhiniformes,Atelomycteridae,"Atelomycterus marmoratus (Bennett, 1830)",EXACT,99,2418652,
Atherinomorus lacunosus,1303,Teleostei,Atheriniformes,Atherinidae,"Atherinomorus lacunosus (Forster, 1801)",EXACT,99,2411793,
Doboatherina aetholepis,59891,Teleostei,Atheriniformes,Atherinidae,"Doboatherina aetholepis (Kimura, Iwatsuki & Yoshino, 2002)",EXACT,98,11364697,2411847
Doboatherina valenciennei,15462,Teleostei,Atheriniformes,Atherinidae,"Doboatherina Sasaki & Kimura, 2019",HIGHERRANK,94,11198464,
Bagrichthys hypselopterus,11977,Teleostei,Siluriformes,Bagridae,"Bagrichthys hypselopterus (Bleeker, 1852)",EXACT,99,2338053,
Bagrichthys macracanthus,16161,Teleostei,Siluriformes,Bagridae,"Bagrichthys macracanthus (Bleeker, 1854)",EXACT,99,2338046,
Bagrichthys macropterus,11978,Teleostei,Siluriformes,Bagridae,"Bagrichthys macropterus (Bleeker, 1854)",EXACT,99,2338048,
Bagroides melapterus,23052,Teleostei,Siluriformes,Bagridae,"Bagroides melapterus Bleeker, 1851",EXACT,99,2338270,
Batasio fluviatilis,65818,Teleostei,Siluriformes,Bagridae,"Batasio fluviatilis (Day, 1888)",EXACT,99,5961271,
Hemibagrus baramensis,23073,Teleostei,Siluriformes,Bagridae,"Hemibagrus baramensis (Regan, 1906)",EXACT,99,2338193,
Hemibagrus bongan,27391,Teleostei,Siluriformes,Bagridae,"Hemibagrus bongan (Popta, 1904)",EXACT,99,2338262,
Hemibagrus chrysops,60726,Teleostei,Siluriformes,Bagridae,"Hemibagrus chrysops Ng & Dodson, 1999",EXACT,99,2338240,
Hemibagrus divaricatus,66814,Teleostei,Siluriformes,Bagridae,"Hemibagrus divaricatus Ng & Kottelat, 2013",EXACT,99,7656126,
Hemibagrus fortis,63085,Teleostei,Siluriformes,Bagridae,"Hemibagrus fortis (Popta, 1904)",EXACT,99,2338190,
Hemibagrus furcatus,58052,Teleostei,Siluriformes,Bagridae,"Hemibagrus furcatus Ng, Martin-Smith & Ng, 2000",EXACT,99,2338186,
Hemibagrus gracilis,27257,Teleostei,Siluriformes,Bagridae,"Hemibagrus gracilis Ng & Ng, 1995",EXACT,99,2338187,
Hemibagrus hoevenii,27392,Teleostei,Siluriformes,Bagridae,"Hemibagrus hoevenii (Bleeker, 1846)",EXACT,99,2338171,
Hemibagrus johorensis,63632,Teleostei,Siluriformes,Bagridae,"Hemibagrus johorensis (Herre, 1940)",EXACT,99,2338178,
Hemibagrus nemurus,5427,Teleostei,Siluriformes,Bagridae,"Hemibagrus nemurus (Valenciennes, 1840)",EXACT,99,2338172,
Hemibagrus planiceps,23078,Teleostei,Siluriformes,Bagridae,"Hemibagrus planiceps (Valenciennes, 1840)",EXACT,99,2338184,
Hemibagrus sabanus,23080,Teleostei,Siluriformes,Bagridae,"Hemibagrus sabanus (Inger & Chin, 1959)",EXACT,99,2338202,
Hemibagrus semotus,66812,Teleostei,Siluriformes,Bagridae,"Hemibagrus semotus Ng & Kottelat, 2013",EXACT,99,8363669,
Hemibagrus wyckii,16107,Teleostei,Siluriformes,Bagridae,"Hemibagrus wyckii (Bleeker, 1858)",EXACT,99,2338255,
Hyalobagrus ornatus,23084,Teleostei,Siluriformes,Bagridae,"Hyalobagrus ornatus (Duncker, 1904)",EXACT,99,2338092,
Leiocassis collina,62756,Teleostei,Siluriformes,Bagridae,"Leiocassis collinus Ng & Lim, 2006",FUZZY,96,2338443,
Leiocassis doriae,60729,Teleostei,Siluriformes,Bagridae,"Leiocassis doriae Regan, 1913",EXACT,99,2338444,
Leiocassis hosii,63086,Teleostei,Siluriformes,Bagridae,"Leiocassis hosii Regan, 1906",EXACT,99,2338430,
Leiocassis micropogon,25186,Teleostei,Siluriformes,Bagridae,"Leiocassis micropogon (Bleeker, 1852)",EXACT,99,2338427,
Leiocassis poeciloptera,23066,Teleostei,Siluriformes,Bagridae,"Leiocassis poecilopterus (Valenciennes, 1840)",FUZZY,96,2338309,
Leiocassis saravacensis,23069,Teleostei,Siluriformes,Bagridae,"Leiocassis saravacensis Boulenger, 1894",EXACT,99,2338425,
Mystus armiger,62077,Teleostei,Siluriformes,Bagridae,"Mystus armiger Ng, 2004",EXACT,99,5201874,
Mystus castaneus,60731,Teleostei,Siluriformes,Bagridae,"Mystus castaneus Ng, 2002",EXACT,99,5201840,
Mystus cavasius,5140,Teleostei,Siluriformes,Bagridae,"Mystus cavasius (Hamilton, 1822)",EXACT,99,5201850,
Mystus gulio,5139,Teleostei,Siluriformes,Bagridae,"Mystus gulio (Hamilton, 1822)",EXACT,99,5201896,
Mystus nigriceps,11990,Teleostei,Siluriformes,Bagridae,"Mystus nigriceps (Valenciennes, 1840)",EXACT,99,5201866,
Mystus singaringan,16172,Teleostei,Siluriformes,Bagridae,"Mystus singaringan (Bleeker, 1846)",EXACT,99,5201864,
Mystus vittatus,5137,Teleostei,Siluriformes,Bagridae,"Mystus vittatus (Bloch, 1794)",EXACT,99,5201855,
Mystus wolffii,23081,Teleostei,Siluriformes,Bagridae,"Mystus wolffii (Bleeker, 1851)",EXACT,99,5201907,
Nanobagrus fuscus,23057,Teleostei,Siluriformes,Bagridae,"Nanobagrus fuscus (Popta, 1904)",EXACT,99,5851640,
Nanobagrus lemniscatus,65836,Teleostei,Siluriformes,Bagridae,"Nanobagrus lemniscatus Ng, 2010",EXACT,99,5961266,
Nanobagrus nebulosus,58041,Teleostei,Siluriformes,Bagridae,"Nanobagrus nebulosus Ng & Tan, 1999",EXACT,99,2338165,
Pseudomystus fumosus,62152,Teleostei,Siluriformes,Bagridae,"Pseudomystus fumosus Ng & Lim, 2005",EXACT,99,2338291,
Pseudomystus inornatus,23059,Teleostei,Siluriformes,Bagridae,"Pseudomystus inornatus (Boulenger, 1894)",EXACT,99,2338292,
Pseudomystus leiacanthus,23060,Teleostei,Siluriformes,Bagridae,"Pseudomystus leiacanthus (Weber & de Beaufort, 1912)",EXACT,99,2338308,
Pseudomystus nuchalis,71349,Teleostei,Siluriformes,Bagridae,"Pseudomystus Jayaram, 1968",HIGHERRANK,94,2338279,
Pseudomystus robustus,23067,Teleostei,Siluriformes,Bagridae,"Pseudomystus robustus (Inger & Chin, 1959)",EXACT,99,2338288,
Pseudomystus stenomus,23071,Teleostei,Siluriformes,Bagridae,"Pseudomystus stenomus (Valenciennes, 1840)",EXACT,99,2338299,
Pseudomystus tuberosus,70969,Teleostei,Siluriformes,Bagridae,"Pseudomystus Jayaram, 1968",HIGHERRANK,94,2338279,
Abalistes stellatus,9,Teleostei,Tetraodontiformes,Balistidae,"Abalistes stellatus (Anonymous, 1798)",EXACT,99,2407216,
Balistapus undulatus,6025,Teleostei,Tetraodontiformes,Balistidae,"Balistapus undulatus (Park, 1797)",EXACT,99,2407167,
Melichthys vidua,5838,Teleostei,Tetraodontiformes,Balistidae,"Melichthys vidua (Richardson, 1845)",EXACT,99,2407158,
Odonus niger,1311,Teleostei,Tetraodontiformes,Balistidae,"Odonus niger (Rüppell, 1836)",EXACT,99,2407210,
Pseudobalistes flavimarginatus,6027,Teleostei,Tetraodontiformes,Balistidae,"Pseudobalistes flavimarginatus (Rüppell, 1829)",EXACT,99,2407181,
Rhinecanthus verrucosus,6028,Teleostei,Tetraodontiformes,Balistidae,"Rhinecanthus verrucosus (Linnaeus, 1758)",EXACT,99,2407225,
Sufflamen fraenatum,1312,Teleostei,Tetraodontiformes,Balistidae,"Sufflamen fraenatum (Latreille, 1804)",EXACT,99,2407185,
Balitoropsis ophiolepis,22876,Teleostei,Cypriniformes,Balitoridae,"Balitoropsis ophiolepis (Bleeker, 1853)",EXACT,99,8475146,
Balitoropsis zollingeri,22967,Teleostei,Cypriniformes,Balitoridae,"Balitoropsis zollingeri (Bleeker, 1853)",EXACT,99,8597456,
Homaloptera ogilviei,22875,Teleostei,Cypriniformes,Balitoridae,"Homaloptera ogilviei Alfred, 1967",EXACT,99,2358575,
Homaloptera orthogoniata,22877,Teleostei,Cypriniformes,Balitoridae,"Homaloptera orthogoniata Vaillant, 1902",EXACT,99,2358578,
Homaloptera parclitella,62218,Teleostei,Cypriniformes,Balitoridae,"Homaloptera parclitella Tan & Ng, 2005",EXACT,99,2358607,
Homalopteroides avii,67732,Teleostei,Cypriniformes,Balitoridae,"Homalopteroides avii Randall & Page, 2014",EXACT,99,7977910,
Homalopteroides nebulosus,22865,Teleostei,Cypriniformes,Balitoridae,"Homalopteroides nebulosus (Alfred, 1969)",EXACT,99,9267509,
Homalopteroides smithi,26829,Teleostei,Cypriniformes,Balitoridae,"Homalopteroides smithi (Hora, 1932)",EXACT,99,9455883,
Homalopteroides stephensoni,22881,Teleostei,Cypriniformes,Balitoridae,"Homalopteroides stephensoni (Hora, 1932)",EXACT,99,9485338,
Homalopteroides tweediei,22963,Teleostei,Cypriniformes,Balitoridae,"Homalopteroides tweediei (Herre, 1940)",EXACT,99,9384014,
Homalopteroides wassinkii,22965,Teleostei,Cypriniformes,Balitoridae,"Homalopteroides wassinkii (Bleeker, 1853)",EXACT,99,9295537,
Neohomaloptera johorensis,22988,Teleostei,Cypriniformes,Balitoridae,"Neohomaloptera johorensis (Herre, 1944)",EXACT,99,2358750,
Pseudohomaloptera leonardi,26825,Teleostei,Cypriniformes,Balitoridae,"Pseudohomaloptera leonardi (Hora, 1941)",EXACT,99,9308187,
Pseudohomaloptera tatereganii,22883,Teleostei,Cypriniformes,Balitoridae,"Pseudohomaloptera tatereganii (Popta, 1905)",EXACT,99,2358611,
Barbucca diabolica,22696,Teleostei,Cypriniformes,Barbuccidae,"Barbucca diabolica Roberts, 1989",EXACT,99,2358756,
Bathygadus spongiceps,47157,Teleostei,Gadiformes,Bathygadidae,"Bathygadus spongiceps Gilbert & Hubbs, 1920",EXACT,99,2416427,
Gadomus filamentosus,58887,Teleostei,Gadiformes,Bathygadidae,"Gadomus filamentosus (Smith & Radcliffe, 1912)",EXACT,99,2416775,
Allenbatrachus grunniens,6391,Teleostei,Batrachoidiformes,Batrachoididae,"Allenbatrachus grunniens (Linnaeus, 1758)",EXACT,99,2350757,
Allenbatrachus reticulatus,50449,Teleostei,Batrachoidiformes,Batrachoididae,"Allenbatrachus reticulatus (Steindachner, 1870)",EXACT,99,2350755,
Batrachomoeus trispinosus,10747,Teleostei,Batrachoidiformes,Batrachoididae,"Batrachomoeus trispinosus (Günther, 1861)",EXACT,99,2350792,
Ablennes hians,972,Teleostei,Beloniformes,Belonidae,"Ablennes hians (Valenciennes, 1846)",EXACT,99,2369165,
Strongylura strongylura,1316,Teleostei,Beloniformes,Belonidae,"Strongylura strongylura (van Hasselt, 1823)",EXACT,99,5208030,
Tylosurus crocodilus,977,Teleostei,Beloniformes,Belonidae,"Tylosurus crocodilus (Péron & Lesueur, 1821)",EXACT,99,4286150,
Xenentodon cancila,10124,Teleostei,Beloniformes,Belonidae,"Xenentodon cancila (Hamilton, 1822)",EXACT,99,2369064,
Atrosalarias holomelas,7559,Teleostei,Blenniiformes,Blenniidae,"Atrosalarias holomelas (Günther, 1872)",EXACT,99,5961991,
Blenniella bilitonensis,7569,Teleostei,Blenniiformes,Blenniidae,"Blenniella bilitonensis (Bleeker, 1858)",EXACT,99,2395961,
Cirripectes filamentosus,4389,Teleostei,Blenniiformes,Blenniidae,"Cirripectes filamentosus (Alleyne & Macleay, 1877)",EXACT,99,2395821,
Ecsenius bathi,12692,Teleostei,Blenniiformes,Blenniidae,"Ecsenius bathi Springer, 1988",EXACT,99,2396038,
Ecsenius bimaculatus,7668,Teleostei,Blenniiformes,Blenniidae,"Ecsenius bimaculatus Springer, 1971",EXACT,99,2396037,
Ecsenius lineatus,7567,Teleostei,Blenniiformes,Blenniidae,"Ecsenius lineatus Klausewitz, 1962",EXACT,99,2396063,
Ecsenius lividanalis,7661,Teleostei,Blenniiformes,Blenniidae,"Ecsenius lividanalis Chapman & Schultz, 1952",EXACT,99,2396026,
Ecsenius melarchus,7662,Teleostei,Blenniiformes,Blenniidae,"Ecsenius melarchus McKinney & Springer, 1976",EXACT,99,2396083,
Ecsenius paroculus,14661,Teleostei,Blenniiformes,Blenniidae,"Ecsenius paroculus Springer, 1988",EXACT,99,2396076,
Ecsenius schroederi,13048,Teleostei,Blenniiformes,Blenniidae,"Ecsenius schroederi McKinney & Springer, 1976",EXACT,99,2396081,
Ecsenius tricolor,59858,Teleostei,Blenniiformes,Blenniidae,"Ecsenius tricolor Springer & Allen, 2001",EXACT,99,2396082,
Ecsenius yaeyamaensis,6036,Teleostei,Blenniiformes,Blenniidae,"Ecsenius yaeyamaensis (Aoyagi, 1954)",EXACT,99,2396022,
Entomacrodus decussatus,6039,Teleostei,Blenniiformes,Blenniidae,"Entomacrodus decussatus (Bleeker, 1858)",EXACT,99,2395664,
Istiblennius edentulus,6049,Teleostei,Blenniiformes,Blenniidae,"Istiblennius edentulus (Forster & Schneider, 1801)",EXACT,99,2395208,
Meiacanthus abditus,46573,Teleostei,Blenniiformes,Blenniidae,"Meiacanthus abditus Smith-Vaniz, 1987",EXACT,99,2395899,
Meiacanthus ditrema,6068,Teleostei,Blenniiformes,Blenniidae,"Meiacanthus ditrema Smith-Vaniz, 1976",EXACT,99,2395894,
Meiacanthus geminatus,46628,Teleostei,Blenniiformes,Blenniidae,"Meiacanthus geminatus Smith-Vaniz, 1976",EXACT,99,2395873,
Omobranchus zebra,25046,Teleostei,Blenniiformes,Blenniidae,"Omobranchus zebra (Bleeker, 1868)",EXACT,99,2396159,
Paralticus amboinensis,6054,Teleostei,Blenniiformes,Blenniidae,"Paralticus amboinensis (Bleeker, 1857)",EXACT,99,2395677,
Petroscirtes breviceps,6073,Teleostei,Blenniiformes,Blenniidae,"Petroscirtes breviceps (Valenciennes, 1836)",EXACT,99,2395408,
Rhabdoblennius nitidus,13762,Teleostei,Blenniiformes,Blenniidae,"Rhabdoblennius nitidus (Günther, 1861)",EXACT,99,2395573,
Salarias ceramensis,7749,Teleostei,Blenniiformes,Blenniidae,"Salarias ceramensis Bleeker, 1853",EXACT,99,2396093,
Salarias guttatus,11616,Teleostei,Blenniiformes,Blenniidae,"Salarias guttatus Valenciennes, 1836",EXACT,99,2396104,
Salarias obscurus,59843,Teleostei,Blenniiformes,Blenniidae,"Salarias obscurus Bath, 1992",EXACT,99,2396101,
Salarias ramosus,59272,Teleostei,Blenniiformes,Blenniidae,"Salarias ramosus Bath, 1992",EXACT,99,2396100,
Salarias segmentatus,22515,Teleostei,Blenniiformes,Blenniidae,"Salarias segmentatus Bath & Randall, 1991",EXACT,99,2396102,
Xiphasia setifer,7563,Teleostei,Blenniiformes,Blenniidae,"Xiphasia setifer Swainson, 1839",EXACT,99,2395302,
Arnoglossus macrolophus,13064,Teleostei,Pleuronectiformes,Bothidae,"Arnoglossus macrolophus Alcock, 1889",EXACT,99,2408529,
Asterorhombus intermedius,8123,Teleostei,Pleuronectiformes,Bothidae,"Asterorhombus intermedius (Bleeker, 1865)",EXACT,99,2408584,
Engyprosopon grandisquama,1324,Teleostei,Pleuronectiformes,Bothidae,"Engyprosopon grandisquama (Temminck & Schlegel, 1846)",EXACT,99,2408448,
Engyprosopon mogkii,15583,Teleostei,Pleuronectiformes,Bothidae,"Engyprosopon mogkii (Bleeker, 1854)",EXACT,99,2408406,
Grammatobothus polyophthalmus,6638,Teleostei,Pleuronectiformes,Bothidae,"Grammatobothus polyophthalmus (Bleeker, 1865)",EXACT,99,2408337,
Psettina brevirictis,8901,Teleostei,Pleuronectiformes,Bothidae,"Psettina brevirictis (Alcock, 1890)",EXACT,99,2408693,
Psettina gigantea,8282,Teleostei,Pleuronectiformes,Bothidae,"Psettina gigantea Amaoka, 1963",EXACT,99,2408706,
Syncrossus hymenophysa,10892,Teleostei,Cypriniformes,Botiidae,"Syncrossus hymenophysa (Bleeker, 1852)",EXACT,99,2368162,
Syncrossus reversus,23018,Teleostei,Cypriniformes,Botiidae,"Syncrossus reversa (Roberts, 1989)",FUZZY,96,2368151,
Bregmaceros mcclellandi,8421,Teleostei,Gadiformes,Bregmacerotidae,"Bregmaceros mcclellandi Thompson, 1840",EXACT,99,2417311,
Bostrychus scalaris,66023,Teleostei,Gobiiformes,Butidae,"Bostrychus scalaris Larson, 2008",EXACT,99,5962063,
Butis butis,8035,Teleostei,Gobiiformes,Butidae,"Butis butis (Hamilton, 1822)",EXACT,99,2386080,
Butis gymnopomus,8410,Teleostei,Gobiiformes,Butidae,"Butis gymnopomus (Bleeker, 1853)",EXACT,99,2386065,
Odonteleotris macrodon,25055,Teleostei,Gobiiformes,Butidae,"Odonteleotris macrodon (Bleeker, 1853)",EXACT,99,2386360,
Ophiocara cantoris,71059,Teleostei,Gobiiformes,Butidae,"Ophiocara Gill, 1863",HIGHERRANK,94,2386200,
Ophiocara ophicephalus,71056,Teleostei,Gobiiformes,Butidae,"Ophiocara ophicephalus Valenciennes, 1837",EXACT,98,10913313,2386201
Ophiocara porocephalum,10023,Teleostei,Gobiiformes,Butidae,"Ophiocara porocephala (Valenciennes, 1837)",FUZZY,95,2386201,
Oxyeleotris marmorata,5376,Teleostei,Gobiiformes,Butidae,"Oxyeleotris marmorata (Bleeker, 1852)",EXACT,99,2386241,
Oxyeleotris urophthalmoides,25056,Teleostei,Gobiiformes,Butidae,"Oxyeleotris urophthalmoides (Bleeker, 1853)",EXACT,99,2386260,
Oxyeleotris urophthalmus,25057,Teleostei,Gobiiformes,Butidae,"Oxyeleotris urophthalmus (Bleeker, 1851)",EXACT,99,2386253,
Pogoneleotris heterolepis,59260,Teleostei,Gobiiformes,Butidae,"Pogoneleotris heterolepis (Günther, 1869)",EXACT,99,2386223,
Callionymus enneactis,17468,Teleostei,Callionymiformes,Callionymidae,"Callionymus enneactis Bleeker, 1879",EXACT,99,2386924,
Callionymus filamentosus,225,Teleostei,Callionymiformes,Callionymidae,"Callionymus filamentosus Valenciennes, 1837",EXACT,99,2386919,
Callionymus hindsii,46386,Teleostei,Callionymiformes,Callionymidae,"Callionymus hindsii Richardson, 1844",EXACT,99,2386780,
Callionymus meridionalis,10610,Teleostei,Callionymiformes,Callionymidae,"Callionymus meridionalis Suwardji, 1965",EXACT,99,2386892,
Callionymus sagitta,26827,Teleostei,Callionymiformes,Callionymidae,"Callionymus sagitta Pallas, 1770",EXACT,99,2386852,
Callionymus schaapii,59285,Teleostei,Callionymiformes,Callionymidae,"Callionymus schaapii Bleeker, 1852",EXACT,99,2386784,
Dactylopus dactylopus,8240,Teleostei,Callionymiformes,Callionymidae,"Dactylopus dactylopus (Valenciennes, 1837)",EXACT,99,5209942,
Dactylopus kuiteri,60086,Teleostei,Callionymiformes,Callionymidae,"Dactylopus kuiteri (Fricke, 1992)",EXACT,99,5209963,
Eleutherochir opercularis,25050,Teleostei,Callionymiformes,Callionymidae,"Eleutherochir opercularis (Valenciennes, 1837)",EXACT,99,2386749,
Repomucenus huguenini,8286,Teleostei,Callionymiformes,Callionymidae,"Repomucenus huguenini (Bleeker, 1858)",EXACT,99,2386713,
Synchiropus altivelis,10608,Teleostei,Callionymiformes,Callionymidae,"Synchiropus altivelis (Temminck & Schlegel, 1845)",EXACT,97,7887809,
Synchiropus circularis,17472,Teleostei,Callionymiformes,Callionymidae,"Synchiropus circularis Fricke, 1984",EXACT,99,2386633,
Synchiropus delandi,59287,Teleostei,Callionymiformes,Callionymidae,"Synchiropus delandi Fowler, 1943",EXACT,99,2386698,
Synchiropus picturatus,12740,Teleostei,Callionymiformes,Callionymidae,"Synchiropus picturatus (Peters, 1877)",EXACT,99,2386693,
Synchiropus splendidus,12644,Teleostei,Callionymiformes,Callionymidae,"Synchiropus splendidus (Herre, 1927)",EXACT,99,2386640,
Alectis ciliaris,988,Teleostei,Carangiformes,Carangidae,"Alectis ciliaris (Bloch, 1787)",EXACT,99,2390537,
Alepes djedaba,1889,Teleostei,Carangiformes,Carangidae,"Alepes djedaba (Forsskål, 1775)",EXACT,99,2390581,
Alepes melanoptera,1890,Teleostei,Carangiformes,Carangidae,"Alepes melanoptera (Swainson, 1839)",EXACT,99,2390604,
Alepes vari,1891,Teleostei,Carangiformes,Carangidae,"Alepes vari (Cuvier, 1833)",EXACT,99,2390613,
Atropus armatus,1916,Teleostei,Carangiformes,Carangidae,Atropus armatus,EXACT,99,12265146,
Atropus atropos,1929,Teleostei,Carangiformes,Carangidae,"Atropus atropos (Bloch & Schneider, 1801)",EXACT,99,2391102,
Atropus hedlandensis,1907,Teleostei,Carangiformes,Carangidae,Atropus hedlandensis,EXACT,99,12219785,
Atropus mentalis,1930,Teleostei,Carangiformes,Carangidae,Atropus mentalis,EXACT,99,12174175,
Atule mate,1893,Teleostei,Carangiformes,Carangidae,"Atule mate (Cuvier, 1833)",EXACT,99,2390522,
Carangichthys dinema,1925,Teleostei,Carangiformes,Carangidae,"Carangichthys dinema (Bleeker, 1851)",EXACT,98,2390913,5210534
Carangichthys oblongus,1908,Teleostei,Carangiformes,Carangidae,"Carangichthys oblongus (Cuvier, 1833)",EXACT,98,2390946,5210545
Carangoides praeustus,1911,Teleostei,Carangiformes,Carangidae,Carangoides praeustus,EXACT,99,5210533,
Caranx heberi,1898,Teleostei,Carangiformes,Carangidae,"Caranx heberi (Bennett, 1830)",EXACT,99,2390842,
Caranx ignobilis,1895,Teleostei,Carangiformes,Carangidae,"Caranx ignobilis (Forsskål, 1775)",EXACT,99,2390805,
Caranx melampygus,1906,Teleostei,Carangiformes,Carangidae,"Caranx melampygus Cuvier, 1833",EXACT,99,2390750,
Caranx sexfasciatus,1917,Teleostei,Carangiformes,Carangidae,"Caranx sexfasciatus Quoy & Gaimard, 1825",EXACT,99,2390776,
Craterognathus plagiotaenia,1910,Teleostei,Carangiformes,Carangidae,Craterognathus plagiotaenia,EXACT,99,12187550,
Decapterus kurroides,1940,Teleostei,Carangiformes,Carangidae,"Decapterus kurroides Bleeker, 1855",EXACT,99,2391049,
Decapterus macarellus,993,Teleostei,Carangiformes,Carangidae,"Decapterus macarellus (Cuvier, 1833)",EXACT,99,2391064,
Decapterus macrosoma,1938,Teleostei,Carangiformes,Carangidae,"Decapterus macrosoma Bleeker, 1851",EXACT,99,2391067,
Decapterus maruadsi,1939,Teleostei,Carangiformes,Carangidae,"Decapterus maruadsi (Temminck & Schlegel, 1843)",EXACT,99,2391036,
Decapterus russelli,374,Teleostei,Carangiformes,Carangidae,"Decapterus russelli (Rüppell, 1830)",EXACT,99,2391050,
Decapterus tabl,995,Teleostei,Carangiformes,Carangidae,"Decapterus tabl Berry, 1968",EXACT,99,2391055,
Elagatis bipinnulata,412,Teleostei,Carangiformes,Carangidae,"Elagatis bipinnulata (Quoy & Gaimard, 1825)",EXACT,99,5210446,
Ferdauia ferdau,1921,Teleostei,Carangiformes,Carangidae,Ferdauia ferdau,EXACT,97,12340215,
Ferdauia orthogrammus,1909,Teleostei,Carangiformes,Carangidae,"Ferdauia orthogrammus (Jordan & Gilbert, 1882)",EXACT,98,12036497,5210572
Flavocaranx bajad,1923,Teleostei,Carangiformes,Carangidae,Flavocaranx bajad,EXACT,99,12258515,
Gnathanodon speciosus,4464,Teleostei,Carangiformes,Carangidae,"Gnathanodon speciosus (Forsskål, 1775)",EXACT,99,2391331,
Kaiwarinus equula,1920,Teleostei,Carangiformes,Carangidae,"Kaiwarinus equula (Temminck & Schlegel, 1844)",EXACT,98,2390928,5210540
Megalaspis cordyla,384,Teleostei,Carangiformes,Carangidae,"Megalaspis cordyla (Linnaeus, 1758)",EXACT,99,5210642,
Naucrates ductor,998,Teleostei,Carangiformes,Carangidae,"Naucrates ductor (Linnaeus, 1758)",EXACT,99,2391379,
Parastromateus niger,1947,Teleostei,Carangiformes,Carangidae,"Parastromateus niger (Bloch, 1795)",EXACT,99,2391217,
Platycaranx chrysophrys,4441,Teleostei,Carangiformes,Carangidae,Platycaranx chrysophrys,EXACT,99,12199212,
Platycaranx malabaricus,4443,Teleostei,Carangiformes,Carangidae,Platycaranx malabaricus,EXACT,99,12171038,
Platycaranx talamparoides,1912,Teleostei,Carangiformes,Carangidae,Platycaranx talamparoides,EXACT,99,12198288,
Scomberoides commersonnianus,1950,Teleostei,Carangiformes,Carangidae,"Scomberoides commersonnianus Lacepède, 1801",EXACT,99,2390863,
Scomberoides lysan,1951,Teleostei,Carangiformes,Carangidae,"Scomberoides lysan (Forsskål, 1775)",EXACT,99,2390871,
Scomberoides tala,1952,Teleostei,Carangiformes,Carangidae,"Scomberoides tala (Cuvier, 1832)",EXACT,99,2390860,
Scomberoides tol,1953,Teleostei,Carangiformes,Carangidae,"Scomberoides tol (Cuvier, 1832)",EXACT,99,2390855,
Scyris indica,10,Teleostei,Carangiformes,Carangidae,"Scyris indica Cuvier & Valenciennes, 1833",EXACT,96,8862332,
Selar boops,1954,Teleostei,Carangiformes,Carangidae,"Selar boops (Cuvier, 1833)",EXACT,99,2391003,
Selar crumenophthalmus,387,Teleostei,Carangiformes,Carangidae,"Selar crumenophthalmus (Bloch, 1793)",EXACT,99,2391007,
Selaroides leptolepis,388,Teleostei,Carangiformes,Carangidae,"Selaroides leptolepis (Cuvier, 1833)",EXACT,99,2391226,
Seriola dumerili,1005,Teleostei,Carangiformes,Carangidae,"Seriola dumerili (Risso, 1810)",EXACT,99,5961696,
Seriola rivoliana,1007,Teleostei,Carangiformes,Carangidae,"Seriola rivoliana Valenciennes, 1833",EXACT,97,5961682,
Seriolina nigrofasciata,1962,Teleostei,Carangiformes,Carangidae,"Seriolina nigrofasciata (Rüppell, 1829)",EXACT,99,2391232,
Trachinotus baillonii,1978,Teleostei,Carangiformes,Carangidae,"Trachinotus baillonii (Lacepède, 1801)",EXACT,99,5210663,
Trachinotus blochii,1963,Teleostei,Carangiformes,Carangidae,"Trachinotus blochii (Lacepède, 1801)",EXACT,99,5210675,
Trachinotus mookalee,1964,Teleostei,Carangiformes,Carangidae,"Trachinotus mookalee Cuvier, 1832",EXACT,99,5210680,
Turrum coeruleopinnatum,1924,Teleostei,Carangiformes,Carangidae,Turrum coeruleopinnatum,EXACT,97,12355741,
Turrum fulvoguttatum,1926,Teleostei,Carangiformes,Carangidae,Turrum fulvoguttatum,EXACT,97,12027679,
Turrum gymnostethus,1905,Teleostei,Carangiformes,Carangidae,Turrum gymnostethus,EXACT,97,12290919,
Uraspis helvola,1983,Teleostei,Carangiformes,Carangidae,"Uraspis helvola (Forster, 1801)",EXACT,99,2391351,
Uraspis uraspis,1984,Teleostei,Carangiformes,Carangidae,"Uraspis uraspis (Günther, 1860)",EXACT,99,2391358,
Carcharhinus albimarginatus,858,Elasmobranchii,Carcharhiniformes,Carcharhinidae,"Carcharhinus albimarginatus (Rüppell, 1837)",EXACT,99,2418003,
Carcharhinus amblyrhynchoides,860,Elasmobranchii,Carcharhiniformes,Carcharhinidae,"Carcharhinus amblyrhynchoides (Whitley, 1934)",EXACT,99,2417988,
Carcharhinus amblyrhynchos,861,Elasmobranchii,Carcharhiniformes,Carcharhinidae,"Carcharhinus amblyrhynchos (Bleeker, 1856)",EXACT,99,2418064,
Carcharhinus borneensis,863,Elasmobranchii,Carcharhiniformes,Carcharhinidae,"Carcharhinus borneensis (Bleeker, 1858)",EXACT,99,2418165,
Carcharhinus brevipinna,865,Elasmobranchii,Carcharhiniformes,Carcharhinidae,"Carcharhinus brevipinna (Müller & Henle, 1839)",EXACT,99,2417983,
Carcharhinus dussumieri,867,Elasmobranchii,Carcharhiniformes,Carcharhinidae,"Carcharhinus dussumieri (Müller & Henle, 1839)",EXACT,99,2418172,
Carcharhinus falciformis,868,Elasmobranchii,Carcharhiniformes,Carcharhinidae,"Carcharhinus falciformis (Müller & Henle, 1839)",EXACT,97,2418095,
Carcharhinus galapagensis,870,Elasmobranchii,Carcharhiniformes,Carcharhinidae,"Carcharhinus galapagensis (Snodgrass & Heller, 1905)",EXACT,99,2417964,
Carcharhinus hemiodon,871,Elasmobranchii,Carcharhiniformes,Carcharhinidae,"Carcharhinus hemiodon (Müller & Henle, 1839)",EXACT,99,2418111,
Carcharhinus leucas,873,Elasmobranchii,Carcharhiniformes,Carcharhinidae,"Carcharhinus leucas (Müller & Henle, 1839)",EXACT,97,2418036,
Carcharhinus limbatus,874,Elasmobranchii,Carcharhiniformes,Carcharhinidae,"Carcharhinus limbatus (Müller & Henle, 1839)",EXACT,97,2417970,
Carcharhinus longimanus,875,Elasmobranchii,Carcharhiniformes,Carcharhinidae,"Carcharhinus longimanus (Poey, 1861)",EXACT,99,2418052,
Carcharhinus macloti,876,Elasmobranchii,Carcharhiniformes,Carcharhinidae,"Carcharhinus macloti (Müller & Henle, 1839)",EXACT,99,2417864,
Carcharhinus melanopterus,877,Elasmobranchii,Carcharhiniformes,Carcharhinidae,"Carcharhinus melanopterus (Quoy & Gaimard, 1824)",EXACT,99,2417981,
Carcharhinus obsoletus,69201,Elasmobranchii,Carcharhiniformes,Carcharhinidae,"Carcharhinus obsoletus White, Kyne & Harris, 2019",EXACT,99,10871057,
Carcharhinus plumbeus,880,Elasmobranchii,Carcharhiniformes,Carcharhinidae,"Carcharhinus plumbeus (Nardo, 1827)",EXACT,99,2418009,
Carcharhinus sealei,882,Elasmobranchii,Carcharhiniformes,Carcharhinidae,"Carcharhinus sealei (Pietschmann, 1913)",EXACT,99,2418167,
Carcharhinus sorrah,884,Elasmobranchii,Carcharhiniformes,Carcharhinidae,"Carcharhinus sorrah (Müller & Henle, 1839)",EXACT,97,2418184,
Glyphis fowlerae,65549,Elasmobranchii,Carcharhiniformes,Carcharhinidae,"Glyphis fowlerae Compagno, White & Cavanagh, 2010",EXACT,99,5962973,
Glyphis gangeticus,887,Elasmobranchii,Carcharhiniformes,Carcharhinidae,"Glyphis gangeticus (Müller & Henle, 1839)",EXACT,99,5215563,
Glyphis glyphis,888,Elasmobranchii,Carcharhiniformes,Carcharhinidae,"Glyphis glyphis (Müller & Henle, 1839)",EXACT,99,5215567,
Lamiopsis temminckii,892,Elasmobranchii,Carcharhiniformes,Carcharhinidae,"Lamiopsis temminckii (Müller & Henle, 1839)",EXACT,99,5215572,
Lamiopsis tephrodes,66612,Elasmobranchii,Carcharhiniformes,Carcharhinidae,"Lamiopsis tephrodes (Fowler, 1905)",EXACT,99,7193850,
Loxodon macrorhinus,894,Elasmobranchii,Carcharhiniformes,Carcharhinidae,"Loxodon macrorhinus Müller & Henle, 1839",EXACT,99,5215568,
Negaprion acutidens,896,Elasmobranchii,Carcharhiniformes,Carcharhinidae,"Negaprion acutidens (Rüppell, 1837)",EXACT,99,2417905,
Prionace glauca,898,Elasmobranchii,Carcharhiniformes,Carcharhinidae,"Prionace glauca (Linnaeus, 1758)",EXACT,99,2417940,
Rhizoprionodon acutus,899,Elasmobranchii,Carcharhiniformes,Carcharhinidae,"Rhizoprionodon acutus (Rüppell, 1837)",EXACT,99,2417866,
Rhizoprionodon longurio,901,Elasmobranchii,Carcharhiniformes,Carcharhinidae,"Rhizoprionodon longurio (Jordan & Gilbert, 1882)",EXACT,98,2417896,
Rhizoprionodon oligolinx,902,Elasmobranchii,Carcharhiniformes,Carcharhinidae,"Rhizoprionodon oligolinx Springer, 1964",EXACT,99,2417863,
Scoliodon laticaudus,906,Elasmobranchii,Carcharhiniformes,Carcharhinidae,"Scoliodon laticaudus Müller & Henle, 1838",EXACT,99,2417865,
Scoliodon macrorhynchos,67046,Elasmobranchii,Carcharhiniformes,Carcharhinidae,"Scoliodon macrorhynchos (Bleeker, 1852)",EXACT,99,7406079,
Triaenodon obesus,907,Elasmobranchii,Carcharhiniformes,Carcharhinidae,"Triaenodon obesus (Rüppell, 1837)",EXACT,99,2418054,
Micropterus salmoides,3385,Teleostei,Centrarchiformes,Centrarchidae,"Micropterus salmoides (Lacepède, 1802)",EXACT,99,2394563,
Aeoliscus strigatus,6503,Teleostei,Syngnathiformes,Centriscidae,"Aeoliscus strigatus (Günther, 1861)",EXACT,99,2333562,
Centriscus scutatus,6510,Teleostei,Syngnathiformes,Centriscidae,"Centriscus scutatus Linnaeus, 1758",EXACT,99,2333532,
Psenopsis shojimai,8281,Teleostei,Scombriformes,Centrolophidae,"Psenopsis shojimai Ochiai & Mori, 1965",EXACT,99,2398101,
Centrophorus moluccensis,651,Elasmobranchii,Squaliformes,Centrophoridae,"Centrophorus moluccensis Bleeker, 1860",EXACT,99,5216419,
Acanthocepola abbreviata,10354,Teleostei,Eupercaria/misc,Cepolidae,"Acanthocepola abbreviata (Valenciennes, 1835)",EXACT,99,2379521,
Owstonia tosaensis,23510,Teleostei,Eupercaria/misc,Cepolidae,"Owstonia tosaensis Kamohara, 1934",EXACT,98,2379474,5962003
Chaca bankanensis,12013,Teleostei,Siluriformes,Chacidae,"Chaca bankanensis Bleeker, 1852",EXACT,99,2337565,
Chaetodon adiergastos,6515,Teleostei,Acanthuriformes,Chaetodontidae,"Chaetodon adiergastos Seale, 1910",EXACT,99,2385573,
Chaetodon auriga,5557,Teleostei,Acanthuriformes,Chaetodontidae,"Chaetodon auriga Forsskål, 1775",EXACT,99,2385390,
Chaetodon auripes,6648,Teleostei,Acanthuriformes,Chaetodontidae,"Chaetodon auripes Jordan & Snyder, 1901",EXACT,99,2385577,
Chaetodon baronessa,5558,Teleostei,Acanthuriformes,Chaetodontidae,"Chaetodon baronessa Cuvier, 1829",EXACT,99,2385322,
Chaetodon bennetti,5559,Teleostei,Acanthuriformes,Chaetodontidae,"Chaetodon bennetti Cuvier, 1831",EXACT,99,2385308,
Chaetodon burgessi,5560,Teleostei,Acanthuriformes,Chaetodontidae,"Chaetodon burgessi Allen & Starck, 1973",EXACT,99,2385553,
Chaetodon collare,7803,Teleostei,Acanthuriformes,Chaetodontidae,"Chaetodon collare Bloch, 1787",EXACT,99,2385374,
Chaetodon ephippium,5562,Teleostei,Acanthuriformes,Chaetodontidae,"Chaetodon ephippium Cuvier, 1831",EXACT,99,2385324,
Chaetodon kleinii,5446,Teleostei,Acanthuriformes,Chaetodontidae,"Chaetodon kleinii Bloch, 1790",EXACT,99,2385458,
Chaetodon lineolatus,5564,Teleostei,Acanthuriformes,Chaetodontidae,"Chaetodon lineolatus Cuvier, 1831",EXACT,99,9619603,
Chaetodon melannotus,5566,Teleostei,Acanthuriformes,Chaetodontidae,"Chaetodon melannotus Bloch & Schneider, 1801",EXACT,99,2385556,
Chaetodon ocellicaudus,5569,Teleostei,Acanthuriformes,Chaetodontidae,"Chaetodon ocellicaudus Cuvier, 1831",EXACT,99,2385427,
Chaetodon octofasciatus,5570,Teleostei,Acanthuriformes,Chaetodontidae,"Chaetodon octofasciatus Bloch, 1787",EXACT,99,2385381,
Chaetodon speculum,5576,Teleostei,Acanthuriformes,Chaetodontidae,"Chaetodon speculum Cuvier, 1831",EXACT,99,2385315,
Chaetodon trifascialis,5578,Teleostei,Acanthuriformes,Chaetodontidae,"Chaetodon trifascialis Quoy & Gaimard, 1825",EXACT,99,2385428,
Chaetodon trifasciatus,5579,Teleostei,Acanthuriformes,Chaetodontidae,"Chaetodon trifasciatus Park, 1797",EXACT,98,8333642,
Chaetodon ulietensis,5580,Teleostei,Acanthuriformes,Chaetodontidae,"Chaetodon ulietensis Cuvier, 1831",EXACT,99,2385416,
Chelmon rostratus,5483,Teleostei,Acanthuriformes,Chaetodontidae,"Chelmon rostratus (Linnaeus, 1758)",EXACT,99,5209920,
Coradion chrysozonus,5583,Teleostei,Acanthuriformes,Chaetodontidae,"Coradion chrysozonus (Cuvier, 1831)",EXACT,99,2385650,
Heniochus acuminatus,5588,Teleostei,Acanthuriformes,Chaetodontidae,"Heniochus acuminatus (Linnaeus, 1758)",EXACT,99,2385730,
Heniochus monoceros,5590,Teleostei,Acanthuriformes,Chaetodontidae,"Heniochus monoceros Cuvier, 1831",EXACT,99,2385719,
Parachaetodon ocellatus,7887,Teleostei,Acanthuriformes,Chaetodontidae,"Parachaetodon ocellatus (Cuvier, 1831)",EXACT,99,2385661,
Champsodon longipinnis,10502,Teleostei,Acropomatiformes,Champsodontidae,"Champsodon longipinnis Matsubara & Amaoka, 1964",EXACT,99,2387152,
Chanos chanos,80,Teleostei,Gonorynchiformes,Chanidae,"Chanos chanos (Forsskål, 1775)",EXACT,99,2406374,
Channa bankanensis,25144,Teleostei,Anabantiformes,Channidae,"Channa bankanensis (Bleeker, 1853)",EXACT,99,2391452,
Channa baramensis,61686,Teleostei,Anabantiformes,Channidae,"Channa baramensis (Steindachner, 1901)",EXACT,99,2391503,
Channa gachua,50504,Teleostei,Anabantiformes,Channidae,"Channa gachua (Hamilton, 1822)",EXACT,99,2391514,
Channa lucius,16137,Teleostei,Anabantiformes,Channidae,"Channa lucius (Cuvier, 1831)",EXACT,99,2391505,
Channa marulioides,25148,Teleostei,Anabantiformes,Channidae,"Channa marulioides (Bleeker, 1851)",EXACT,99,2391442,
Channa melasoma,5192,Teleostei,Anabantiformes,Channidae,"Channa melasoma (Bleeker, 1851)",EXACT,99,2391562,
Channa micropeltes,344,Teleostei,Anabantiformes,Channidae,"Channa micropeltes (Cuvier, 1831)",EXACT,99,2391455,
Channa orientalis,5143,Teleostei,Anabantiformes,Channidae,"Channa orientalis Bloch & Schneider, 1801",EXACT,99,2391488,
Channa punctata,5147,Teleostei,Anabantiformes,Channidae,"Channa punctata (Bloch, 1793)",EXACT,99,2391490,
Channa striata,343,Teleostei,Anabantiformes,Channidae,"Channa striata (Bloch, 1793)",EXACT,99,2391463,
Bihunichthys monopteroides,27432,Teleostei,Synbranchiformes,Chaudhuriidae,"Bihunichthys monopteroides Kottelat & Lim, 1994",EXACT,99,2351968,
Chaudhuria caudata,12025,Teleostei,Synbranchiformes,Chaudhuriidae,"Chaudhuria caudata Annandale, 1918",EXACT,99,5204071,
Chendol keelini,27435,Teleostei,Synbranchiformes,Chaudhuriidae,"Chendol keelini Kottelat & Lim, 1994",EXACT,99,2351959,
Nagaichthys filipes,25155,Teleostei,Synbranchiformes,Chaudhuriidae,"Nagaichthys filipes Kottelat & Lim, 1991",EXACT,99,2351966,
Chaunax abei,8236,Teleostei,Lophiiformes,Chaunacidae,"Chaunax abei Le Danois, 1978",EXACT,99,2415209,
Chirocentrus dorab,6358,Teleostei,Clupeiformes,Chirocentridae,"Chirocentrus dorab (Forsskål, 1775)",EXACT,99,2413687,
Chirocentrus nudus,1452,Teleostei,Clupeiformes,Chirocentridae,"Chirocentrus nudus Swainson, 1839",EXACT,99,2413693,
Cichla monoculus,13270,Teleostei,Cichliformes,Cichlidae,"Cichla monoculus Agassiz, 1831",EXACT,99,5208154,
Cichla ocellaris,457,Teleostei,Cichliformes,Cichlidae,"Cichla ocellaris Bloch & Schneider, 1801",EXACT,99,5208153,
Coptodon zillii,1390,Teleostei,Cichliformes,Cichlidae,"Coptodon zillii (Gervais, 1848)",EXACT,99,2370703,
Etroplus suratensis,4681,Teleostei,Cichliformes,Cichlidae,"Etroplus suratensis (Bloch, 1790)",EXACT,99,2372834,
Oreochromis mossambicus,3,Teleostei,Cichliformes,Cichlidae,"Oreochromis mossambicus (Peters, 1852)",EXACT,99,2372396,
Oreochromis niloticus,2,Teleostei,Cichliformes,Cichlidae,"Oreochromis niloticus (Linnaeus, 1758)",EXACT,97,4285694,
Cirrhitichthys falco,5445,Teleostei,Centrarchiformes,Cirrhitidae,"Cirrhitichthys falco Randall, 1963",EXACT,99,2375162,
Laiopteryx novaezeelandiae,8235,Teleostei,Pleuronectiformes,Citharidae,"Laiopteryx Weber, 1913",HIGHERRANK,94,4286257,2409034
Clarias anfractus,58346,Teleostei,Siluriformes,Clariidae,"Clarias anfractus Ng, 1999",EXACT,99,5202763,
Clarias batrachus,3054,Teleostei,Siluriformes,Clariidae,"Clarias batrachus (Linnaeus, 1758)",EXACT,99,5202683,
Clarias batu,55098,Teleostei,Siluriformes,Clariidae,"Clarias batu Lim & Ng, 1999",EXACT,99,5202746,
Clarias gariepinus,1934,Teleostei,Siluriformes,Clariidae,"Clarias gariepinus (Burchell, 1822)",EXACT,99,5202793,
Clarias leiacanthus,23323,Teleostei,Siluriformes,Clariidae,"Clarias leiacanthus Bleeker, 1851",EXACT,99,5202689,
Clarias macrocephalus,4805,Teleostei,Siluriformes,Clariidae,"Clarias macrocephalus Günther, 1864",EXACT,99,5202728,
Clarias planiceps,55097,Teleostei,Siluriformes,Clariidae,"Clarias planiceps Ng, 1999",EXACT,99,5202729,
Clarias sulcatus,62223,Teleostei,Siluriformes,Clariidae,"Clarias sulcatus Ng, 2004",EXACT,99,5202762,
Clarias teijsmanni,23377,Teleostei,Siluriformes,Clariidae,"Clarias teijsmanni Bleeker, 1857",EXACT,99,5202827,
Encheloclarias baculum,27002,Teleostei,Siluriformes,Clariidae,"Encheloclarias baculum Ng & Lim, 1993",EXACT,99,2342194,
Encheloclarias curtisoma,25884,Teleostei,Siluriformes,Clariidae,"Encheloclarias curtisoma Ng & Lim, 1993",EXACT,99,2342195,
Encheloclarias kelioides,27005,Teleostei,Siluriformes,Clariidae,"Encheloclarias kelioides Ng & Lim, 1993",EXACT,99,2342192,
Acanthopsoides molobrion,23006,Teleostei,Cypriniformes,Cobitidae,"Acanthopsoides molobrion Siebert, 1991",EXACT,99,2368112,
Acanthopsoides robertsi,23008,Teleostei,Cypriniformes,Cobitidae,"Acanthopsoides robertsi Siebert, 1991",EXACT,99,2368111,
Acantopsis dialuzona,23015,Teleostei,Cypriniformes,Cobitidae,"Acantopsis dialuzona Van Hasselt, 1823",EXACT,99,2368334,
Acantopsis octoactinotos,23017,Teleostei,Cypriniformes,Cobitidae,"Acantopsis octoactinotos SIebert, 1991",EXACT,99,2368325,
Kottelatlimia hipporhynchos,64813,Teleostei,Cypriniformes,Cobitidae,"Kottelatlimia hipporhynchos Kottelat & Tan, 2008",EXACT,99,2367838,
Kottelatlimia katik,52310,Teleostei,Cypriniformes,Cobitidae,"Kottelatlimia katik (Kottelat & Lim, 1992)",EXACT,99,2367836,
Kottelatlimia pristes,23023,Teleostei,Cypriniformes,Cobitidae,"Kottelatlimia pristes (Roberts, 1989)",EXACT,99,2367839,
Lepidocephalichthys berdmorei,24680,Teleostei,Cypriniformes,Cobitidae,"Lepidocephalichthys berdmorei (Blyth, 1860)",EXACT,99,2368042,
Lepidocephalichthys birmanicus,55612,Teleostei,Cypriniformes,Cobitidae,"Lepidocephalichthys birmanicus (Rendahl, 1948)",EXACT,99,2368049,
Lepidocephalichthys hasselti,23019,Teleostei,Cypriniformes,Cobitidae,"Lepidocephalichthys hasselti (Valenciennes, 1846)",EXACT,99,2368094,
Lepidocephalus macrochir,23025,Teleostei,Cypriniformes,Cobitidae,"Lepidocephalus macrochir (Bleeker, 1854)",EXACT,99,5207874,
Pangio agma,23029,Teleostei,Cypriniformes,Cobitidae,"Pangio agma (Burridge, 1992)",EXACT,99,2367953,
Pangio alcoides,28159,Teleostei,Cypriniformes,Cobitidae,"Pangio alcoides Kottelat & Lim, 1993",EXACT,99,2367964,
Pangio anguillaris,16223,Teleostei,Cypriniformes,Cobitidae,"Pangio anguillaris (Vaillant, 1902)",EXACT,99,2368013,
Pangio cuneovirgata,23036,Teleostei,Cypriniformes,Cobitidae,"Pangio cuneovirgata (Raut, 1957)",EXACT,99,2367979,
Pangio doriae,23038,Teleostei,Cypriniformes,Cobitidae,"Pangio doriae (Perugia, 1892)",EXACT,99,2367982,
Pangio filinaris,28167,Teleostei,Cypriniformes,Cobitidae,"Pangio filinaris Kottelat & Lim, 1993",EXACT,99,2367981,
Pangio incognito,27386,Teleostei,Cypriniformes,Cobitidae,"Pangio incognito Kottelat & Lim, 1993",EXACT,99,2367999,
Pangio kuhlii,12276,Teleostei,Cypriniformes,Cobitidae,"Pangio kuhlii (Valenciennes, 1846)",EXACT,99,2367984,
Pangio malayana,27387,Teleostei,Cypriniformes,Cobitidae,"Pangio malayana (Tweedie, 1956)",EXACT,99,2368010,
Pangio mariarum,23041,Teleostei,Cypriniformes,Cobitidae,"Pangio mariarum (Inger & Chin, 1962)",EXACT,99,2367972,
Pangio muraeniformis,65804,Teleostei,Cypriniformes,Cobitidae,"Pangio muraeniformis (de Beaufort, 1933)",EXACT,99,2367945,
Pangio oblonga,23044,Teleostei,Cypriniformes,Cobitidae,"Pangio oblonga (Valenciennes, 1846)",EXACT,99,2368000,
Pangio piperata,27388,Teleostei,Cypriniformes,Cobitidae,"Pangio piperata Kottelat & Lim, 1993",EXACT,99,2368008,
Pangio semicincta,59459,Teleostei,Cypriniformes,Cobitidae,"Pangio semicincta (Fraser-Brunner, 1940)",EXACT,99,2367988,
Pangio shelfordii,12293,Teleostei,Cypriniformes,Cobitidae,"Pangio shelfordii (Popta, 1903)",EXACT,99,2367941,
Theriodes sandakanensis,23024,Teleostei,Cypriniformes,Cobitidae,"Theriodes sandakanensis (Inger & Chin, 1962)",EXACT,99,7717681,
Ariosoma anago,8234,Teleostei,Anguilliformes,Congridae,"Ariosoma anago (Temminck & Schlegel, 1846)",EXACT,99,2403232,
Gnathophis nystromi,8251,Teleostei,Anguilliformes,Congridae,"Gnathophis nystromi (Jordan & Snyder, 1901)",EXACT,99,4286588,
Heteroconger fugax,69057,Teleostei,Anguilliformes,Congridae,"Heteroconger fugax Koeda, Fujii & Motomura, 2018",EXACT,99,9689591,
Macrocephenchelys brachialis,4525,Teleostei,Anguilliformes,Congridae,"Macrocephenchelys brachialis Fowler, 1934",EXACT,99,2403447,
Coryphaena equiselis,7,Teleostei,Carangiformes,Coryphaenidae,"Coryphaena equiselis Linnaeus, 1758",EXACT,99,2381960,
Coryphaena hippurus,6,Teleostei,Carangiformes,Coryphaenidae,"Coryphaena hippurus Linnaeus, 1758",EXACT,99,2381939,
Cynoglossus arel,7523,Teleostei,Pleuronectiformes,Cynoglossidae,"Cynoglossus arel (Bloch & Schneider, 1801)",EXACT,99,2409600,
Cynoglossus bilineatus,5455,Teleostei,Pleuronectiformes,Cynoglossidae,"Cynoglossus bilineatus (Lacepède, 1802)",EXACT,99,2409708,
Cynoglossus cynoglossus,5456,Teleostei,Pleuronectiformes,Cynoglossidae,"Cynoglossus cynoglossus (Hamilton, 1822)",EXACT,99,2409568,
Cynoglossus feldmanni,17165,Teleostei,Pleuronectiformes,Cynoglossidae,"Cynoglossus feldmanni (Bleeker, 1854)",EXACT,99,2409587,
Cynoglossus kapuasensis,17170,Teleostei,Pleuronectiformes,Cynoglossidae,"Cynoglossus kapuasensis Fowler, 1905",EXACT,99,2409738,
Cynoglossus kopsii,7647,Teleostei,Pleuronectiformes,Cynoglossidae,"Cynoglossus kopsii (Bleeker, 1851)",EXACT,99,2409609,
Cynoglossus lida,5489,Teleostei,Pleuronectiformes,Cynoglossidae,"Cynoglossus lida (Bleeker, 1851)",EXACT,99,2409764,
Cynoglossus lingua,8238,Teleostei,Pleuronectiformes,Cynoglossidae,"Cynoglossus lingua Hamilton, 1822",EXACT,99,2409588,
Cynoglossus macrostomus,6083,Teleostei,Pleuronectiformes,Cynoglossidae,"Cynoglossus macrostomus Norman, 1928",EXACT,99,2409768,
Cynoglossus microlepis,17176,Teleostei,Pleuronectiformes,Cynoglossidae,"Cynoglossus microlepis (Bleeker, 1851)",EXACT,99,2409579,
Cynoglossus puncticeps,4807,Teleostei,Pleuronectiformes,Cynoglossidae,"Cynoglossus puncticeps (Richardson, 1846)",EXACT,99,2409748,
Cynoglossus sibogae,59556,Teleostei,Pleuronectiformes,Cynoglossidae,"Cynoglossus sibogae Weber, 1913",EXACT,99,2409664,
Cynoglossus trulla,9243,Teleostei,Pleuronectiformes,Cynoglossidae,"Cynoglossus trulla (Cantor, 1849)",EXACT,99,2409684,
Cynoglossus waandersii,17168,Teleostei,Pleuronectiformes,Cynoglossidae,"Cynoglossus waandersii (Bleeker, 1854)",EXACT,99,2409678,
Paraplagusia bilineata,522,Teleostei,Pleuronectiformes,Cynoglossidae,"Paraplagusia bilineata (Bloch, 1787)",EXACT,99,2409798,
Albulichthys albuloides,17361,Teleostei,Cypriniformes,Cyprinidae,"Albulichthys albuloides (Bleeker, 1855)",EXACT,99,2359312,
Amblyrhynchichthys truncatus,7992,Teleostei,Cypriniformes,Cyprinidae,"Amblyrhynchichthys truncatus (Bleeker, 1850)",EXACT,99,2360476,
Anematichthys repasson,16123,Teleostei,Cypriniformes,Cyprinidae,"Anematichthys repasson (Bleeker, 1853)",EXACT,99,7564873,
Balantiocheilos melanopterus,6089,Teleostei,Cypriniformes,Cyprinidae,"Balantiocheilos melanopterus (Bleeker, 1850)",EXACT,99,2363816,
Barbichthys laevis,7993,Teleostei,Cypriniformes,Cyprinidae,"Barbichthys laevis (Valenciennes, 1842)",EXACT,99,2359317,
Barbodes banksi,58398,Teleostei,Cypriniformes,Cyprinidae,"Barbodes banksi (Herre, 1940)",EXACT,99,8202230,
Barbodes belinka,17362,Teleostei,Cypriniformes,Cyprinidae,"Barbodes belinka (Bleeker, 1860)",EXACT,99,2365868,
Barbodes binotatus,5180,Teleostei,Cypriniformes,Cyprinidae,"Barbodes binotatus (Valenciennes, 1842)",EXACT,99,2363847,
Barbodes dunckeri,12140,Teleostei,Cypriniformes,Cyprinidae,"Barbodes dunckeri (Ahl, 1929)",EXACT,99,9304972,
Barbodes everetti,10805,Teleostei,Cypriniformes,Cyprinidae,"Barbodes everetti (Boulenger, 1894)",EXACT,99,2364199,
Barbodes kuchingensis,27446,Teleostei,Cypriniformes,Cyprinidae,"Barbodes kuchingensis (Herre, 1940)",EXACT,99,8074510,
Barbodes rhombeus,57700,Teleostei,Cypriniformes,Cyprinidae,"Barbodes rhombeus (Kottelat, 2000)",EXACT,99,9308968,
Barbodes strigatus,17367,Teleostei,Cypriniformes,Cyprinidae,"Barbodes strigatus (Boulenger, 1894)",EXACT,99,2365896,
Barbodes sunieri,17369,Teleostei,Cypriniformes,Cyprinidae,"Barbodes sunieri (Weber & de Beaufort, 1916)",EXACT,99,2365885,
Barbonymus balleroides,17363,Teleostei,Cypriniformes,Cyprinidae,"Barbonymus balleroides (Valenciennes, 1842)",EXACT,99,2365894,
Barbonymus collingwoodii,17364,Teleostei,Cypriniformes,Cyprinidae,"Barbonymus collingwoodii (Günther, 1868)",EXACT,99,2366096,
Barbonymus gonionotus,286,Teleostei,Cypriniformes,Cyprinidae,"Barbonymus gonionotus (Bleeker, 1849)",EXACT,99,2366114,
Barbonymus schwanefeldii,4765,Teleostei,Cypriniformes,Cyprinidae,"Barbonymus schwanefeldii (Bleeker, 1854)",EXACT,99,10374537,
Carassius auratus,271,Teleostei,Cypriniformes,Cyprinidae,"Carassius auratus (Linnaeus, 1758)",EXACT,99,4286942,
Ceratogarra cambodgiensis,27164,Teleostei,Cypriniformes,Cyprinidae,,NONE,100,,
Cirrhinus cirrhosus,4494,Teleostei,Cypriniformes,Cyprinidae,"Cirrhinus cirrhosus (Bloch, 1795)",EXACT,99,5206441,
Cirrhinus molitorella,49051,Teleostei,Cypriniformes,Cyprinidae,"Cirrhinus molitorella (Valenciennes, 1844)",EXACT,99,5206449,
Cosmochilus falcifer,22736,Teleostei,Cypriniformes,Cyprinidae,"Cosmochilus falcifer Regan, 1906",EXACT,99,2362436,
Crossocheilus atrilimes,57689,Teleostei,Cypriniformes,Cyprinidae,"Crossocheilus atrilimes Kottelat, 2000",EXACT,99,2361915,
Crossocheilus cobitis,17376,Teleostei,Cypriniformes,Cyprinidae,"Crossocheilus cobitis (Bleeker, 1854)",EXACT,99,2361928,
Crossocheilus elegans,66269,Teleostei,Cypriniformes,Cyprinidae,"Crossocheilus elegans Kottelat & Tan, 2011",EXACT,99,6167037,
Crossocheilus langei,17379,Teleostei,Cypriniformes,Cyprinidae,"Crossocheilus langei Bleeker, 1860",EXACT,99,2361958,
Crossocheilus nigriloba,17380,Teleostei,Cypriniformes,Cyprinidae,"Crossocheilus nigriloba Popta, 1904",EXACT,99,2361967,
Crossocheilus oblongus,12063,Teleostei,Cypriniformes,Cyprinidae,"Crossocheilus oblongus Kuhl & Van Hasselt, 1823",EXACT,99,2361970,
Crossocheilus pseudobagroides,65637,Teleostei,Cypriniformes,Cyprinidae,"Crossocheilus pseudobagroides Duncker, 1904",EXACT,99,5962646,
Cyclocheilichthys apogon,10313,Teleostei,Cypriniformes,Cyprinidae,"Cyclocheilichthys apogon (Valenciennes, 1842)",EXACT,99,2364440,
Cyclocheilichthys armatus,16120,Teleostei,Cypriniformes,Cyprinidae,"Cyclocheilichthys armatus (Valenciennes, 1842)",EXACT,99,2364411,
Cyclocheilichthys enoplos,14495,Teleostei,Cypriniformes,Cyprinidae,"Cyclocheilichthys enoplos (Bleeker, 1849)",EXACT,99,2364438,
Cyprinus carpio,1450,Teleostei,Cypriniformes,Cyprinidae,"Cyprinus carpio Linnaeus, 1758",EXACT,99,4286975,
Desmopuntius hexazona,17466,Teleostei,Cypriniformes,Cyprinidae,"Desmopuntius hexazona (Weber & de Beaufort, 1912)",EXACT,99,7918345,
Desmopuntius johorensis,10808,Teleostei,Cypriniformes,Cyprinidae,"Desmopuntius johorensis (Duncker, 1904)",EXACT,99,8239511,
Desmopuntius pentazona,12143,Teleostei,Cypriniformes,Cyprinidae,"Desmopuntius pentazona (Boulenger, 1894)",EXACT,99,7894327,
Discherodontus halei,6093,Teleostei,Cypriniformes,Cyprinidae,"Discherodontus halei (Duncker, 1904)",EXACT,99,2364553,
Eirmotus octozona,17384,Teleostei,Cypriniformes,Cyprinidae,"Eirmotus octozona Schultz, 1959",EXACT,99,2359308,
Epalzeorhynchos kalopterum,10832,Teleostei,Cypriniformes,Cyprinidae,"Epalzeorhynchos kalopterus (Bleeker, 1850)",FUZZY,96,2360408,
Garra borneensis,5430,Teleostei,Cypriniformes,Cyprinidae,"Garra borneensis (Vaillant, 1902)",EXACT,99,2366939,
Garra robertsi,68843,Teleostei,Cypriniformes,Cyprinidae,"Garra robertsi Thoni & Mayden, 2015",EXACT,99,8602053,
Hampala ampalong,17391,Teleostei,Cypriniformes,Cyprinidae,"Hampala ampalong (Bleeker, 1852)",EXACT,99,2367436,
Hampala bimaculata,17392,Teleostei,Cypriniformes,Cyprinidae,"Hampala bimaculata (Popta, 1905)",EXACT,99,2367427,
Hampala katibas,71313,Teleostei,Cypriniformes,Cyprinidae,"Hampala Kuhl & van Hasselt, 1823",HIGHERRANK,94,2367424,
Hampala lupar,71312,Teleostei,Cypriniformes,Cyprinidae,"Hampala Kuhl & van Hasselt, 1823",HIGHERRANK,94,2367424,
Hampala macrolepidota,4803,Teleostei,Cypriniformes,Cyprinidae,"Hampala macrolepidota Kuhl & Van Hasselt, 1823",EXACT,97,2367430,
Hampala sabana,56234,Teleostei,Cypriniformes,Cyprinidae,"Hampala sabana Inger & Chin, 1962",EXACT,99,2367435,
Hypsibarbus malcolmi,27525,Teleostei,Cypriniformes,Cyprinidae,"Hypsibarbus malcolmi (Smith, 1945)",EXACT,99,2366133,
Hypsibarbus pierrei,54660,Teleostei,Cypriniformes,Cyprinidae,"Hypsibarbus pierrei (Sauvage, 1880)",EXACT,99,2365507,
Labeo catla,4439,Teleostei,Cypriniformes,Cyprinidae,"Labeo catla (Hamilton, 1822)",EXACT,98,12097356,2365855
Labeo chrysophekadion,12102,Teleostei,Cypriniformes,Cyprinidae,"Labeo chrysophekadion (Bleeker, 1849)",EXACT,99,5206198,
Labeo rohita,82,Teleostei,Cypriniformes,Cyprinidae,"Labeo rohita (Hamilton, 1822)",EXACT,99,5206083,
Labiobarbus fasciatus,17400,Teleostei,Cypriniformes,Cyprinidae,"Labiobarbus fasciatus (Bleeker, 1853)",EXACT,99,2366243,
Labiobarbus festivus,12064,Teleostei,Cypriniformes,Cyprinidae,"Labiobarbus festivus (Heckel, 1843)",EXACT,99,2366254,
Labiobarbus leptocheilus,25195,Teleostei,Cypriniformes,Cyprinidae,"Labiobarbus leptocheilus (Valenciennes, 1842)",EXACT,97,2366259,
Labiobarbus ocellatus,17402,Teleostei,Cypriniformes,Cyprinidae,"Labiobarbus ocellatus (Heckel, 1843)",EXACT,99,2366248,
Labiobarbus sabanus,17411,Teleostei,Cypriniformes,Cyprinidae,"Labiobarbus sabanus (Inger & Chin, 1962)",EXACT,99,2366252,
Lobocheilos bo,17416,Teleostei,Cypriniformes,Cyprinidae,"Lobocheilos bo (Popta, 1904)",EXACT,99,5205917,
Lobocheilos falcifer,22806,Teleostei,Cypriniformes,Cyprinidae,"Lobocheilos falcifer (Valenciennes, 1842)",EXACT,97,5205901,
Lobocheilos melanotaenia,27157,Teleostei,Cypriniformes,Cyprinidae,"Lobocheilos melanotaenia (Fowler, 1935)",EXACT,99,5205927,
Lobocheilos ovalis,63831,Teleostei,Cypriniformes,Cyprinidae,"Lobocheilos ovalis Kottelat & Tan, 2008",EXACT,99,5205916,
Lobocheilos terminalis,63833,Teleostei,Cypriniformes,Cyprinidae,"Lobocheilos terminalis Kottelat & Tan, 2008",EXACT,99,5205944,
Lobocheilos unicornis,63834,Teleostei,Cypriniformes,Cyprinidae,"Lobocheilos unicornis Kottelat & Tan, 2008",EXACT,99,5205918,
Mystacoleucus marginatus,16116,Teleostei,Cypriniformes,Cyprinidae,"Mystacoleucus marginatus (Valenciennes, 1842)",EXACT,99,2363142,
Neobarynotus microlepis,17427,Teleostei,Cypriniformes,Cyprinidae,"Neobarynotus microlepis (Bleeker, 1851)",EXACT,99,2361158,
Neolissochilus hendersoni,54692,Teleostei,Cypriniformes,Cyprinidae,"Neolissochilus hendersoni (Herre, 1940)",EXACT,99,2362794,
Neolissochilus hexagonolepis,12125,Teleostei,Cypriniformes,Cyprinidae,"Neolissochilus hexagonolepis (McClelland, 1839)",EXACT,99,2362765,
Neolissochilus soroides,27086,Teleostei,Cypriniformes,Cyprinidae,"Neolissochilus soroides (Duncker, 1904)",EXACT,99,2362821,
Neolissochilus tweediei,27265,Teleostei,Cypriniformes,Cyprinidae,"Neolissochilus tweediei (Herre & Myers, 1937)",EXACT,99,2362805,
Osteochilus chini,27340,Teleostei,Cypriniformes,Cyprinidae,"Osteochilus chini Karnasuta, 1993",EXACT,99,2364292,
Osteochilus enneaporos,17435,Teleostei,Cypriniformes,Cyprinidae,"Osteochilus enneaporos (Bleeker, 1852)",EXACT,99,2364346,
Osteochilus flavicauda,65097,Teleostei,Cypriniformes,Cyprinidae,"Osteochilus flavicauda Kottelat & Tan, 2009",EXACT,99,2364357,
Osteochilus harrisoni,17436,Teleostei,Cypriniformes,Cyprinidae,"Osteochilus harrisoni Fowler, 1905",EXACT,99,2364310,
Osteochilus ingeri,27339,Teleostei,Cypriniformes,Cyprinidae,"Osteochilus ingeri Karnasuta, 1993",EXACT,99,2364347,
Osteochilus intermedius,17437,Teleostei,Cypriniformes,Cyprinidae,"Osteochilus intermedius Weber & de Beaufort, 1916",EXACT,99,2364373,
Osteochilus kahajanensis,17438,Teleostei,Cypriniformes,Cyprinidae,"Osteochilus kahajanensis (Bleeker, 1856)",EXACT,99,2364355,
Osteochilus melanopleura,16124,Teleostei,Cypriniformes,Cyprinidae,"Osteochilus melanopleurus (Bleeker, 1852)",FUZZY,95,2364311,
Osteochilus microcephalus,17441,Teleostei,Cypriniformes,Cyprinidae,"Osteochilus microcephalus (Valenciennes, 1842)",EXACT,99,2364380,
Osteochilus sarawakensis,27342,Teleostei,Cypriniformes,Cyprinidae,"Osteochilus sarawakensis Karnasuta, 1993",EXACT,99,2364348,
Osteochilus scapularis,65633,Teleostei,Cypriniformes,Cyprinidae,"Osteochilus scapularis Fowler, 1939",EXACT,99,2364343,
Osteochilus spilurus,5432,Teleostei,Cypriniformes,Cyprinidae,"Osteochilus spilurus (Bleeker, 1851)",EXACT,99,2364358,
Osteochilus vittatus,277,Teleostei,Cypriniformes,Cyprinidae,"Osteochilus vittatus (Valenciennes, 1842)",EXACT,99,2364327,
Osteochilus waandersii,17448,Teleostei,Cypriniformes,Cyprinidae,"Osteochilus waandersii (Bleeker, 1853)",EXACT,99,2364337,
Paracrossochilus acerus,5433,Teleostei,Cypriniformes,Cyprinidae,"Paracrossochilus acerus Inger & Chin, 1962",EXACT,99,2364647,
Paracrossochilus vittatus,17452,Teleostei,Cypriniformes,Cyprinidae,"Paracrossochilus vittatus (Boulenger, 1894)",EXACT,99,2364649,
Poropuntius birtwistlei,54696,Teleostei,Cypriniformes,Cyprinidae,"Poropuntius birtwistlei (Herre, 1940)",EXACT,99,2366204,
Poropuntius normani,60214,Teleostei,Cypriniformes,Cyprinidae,"Poropuntius normani Smith, 1931",EXACT,99,2366137,
Poropuntius smedleyi,54702,Teleostei,Cypriniformes,Cyprinidae,"Poropuntius smedleyi (de Beaufort, 1933)",EXACT,99,2366202,
Probarbus jullieni,5422,Teleostei,Cypriniformes,Cyprinidae,"Probarbus jullieni Sauvage, 1880",EXACT,99,2363810,
Puntigrus partipentazona,27130,Teleostei,Cypriniformes,Cyprinidae,"Puntigrus partipentazona (Fowler, 1934)",EXACT,99,8015152,
Puntigrus tetrazona,4766,Teleostei,Cypriniformes,Cyprinidae,"Puntigrus tetrazona (Bleeker, 1855)",EXACT,99,8214163,
Puntioplites bulu,14512,Teleostei,Cypriniformes,Cyprinidae,"Puntioplites bulu (Bleeker, 1851)",EXACT,99,2366502,
Puntioplites proctozystron,16203,Teleostei,Cypriniformes,Cyprinidae,"Puntioplites proctozystron (Bleeker, 1865)",EXACT,99,2366497,
Puntioplites waandersi,17460,Teleostei,Cypriniformes,Cyprinidae,"Puntioplites waandersi (Bleeker, 1859)",EXACT,99,2366490,
Puntius brevis,22821,Teleostei,Cypriniformes,Cyprinidae,"Puntius brevis (Bleeker, 1849)",EXACT,99,2364211,
Puntius sealei,59488,Teleostei,Cypriniformes,Cyprinidae,"Puntius sealei (Herre, 1933)",EXACT,99,2363862,
Rohteichthys microlepis,22647,Teleostei,Cypriniformes,Cyprinidae,"Rohteichthys microlepis (Bleeker, 1850)",EXACT,99,2364641,
Schismatorhynchos holorhynchos,56313,Teleostei,Cypriniformes,Cyprinidae,"Schismatorhynchos holorhynchos Siebert & Tjakrawidjaja, 1998",EXACT,99,2365837,
Sikukia stejnegeri,27115,Teleostei,Cypriniformes,Cyprinidae,"Sikukia stejnegeri Smith, 1931",EXACT,99,2360360,
Striuntius lateristriga,10809,Teleostei,Cypriniformes,Cyprinidae,"Striuntius lateristriga (Valenciennes, 1842)",EXACT,98,12092887,2364073
Striuntius lineatus,12141,Teleostei,Cypriniformes,Cyprinidae,"Striuntius lineatus (Duncker, 1904)",EXACT,99,7397816,
Systomus rubripinnis,4794,Teleostei,Cypriniformes,Cyprinidae,"Systomus rubripinnis (Valenciennes, 1842)",EXACT,99,8150271,
Thynnichthys thynnoides,16209,Teleostei,Cypriniformes,Cyprinidae,"Thynnichthys thynnoides (Bleeker, 1852)",EXACT,99,5207541,
Tor douronensis,5436,Teleostei,Cypriniformes,Cyprinidae,"Tor douronensis (Valenciennes, 1842)",EXACT,99,2364527,
Tor tambra,22692,Teleostei,Cypriniformes,Cyprinidae,"Tor tambra (Valenciennes, 1842)",EXACT,99,2364511,
Tor tambroides,12231,Teleostei,Cypriniformes,Cyprinidae,"Tor tambroides (Bleeker, 1854)",EXACT,99,2364503,
Dactyloptena macracantha,8239,Teleostei,Dactylopteriformes,Dactylopteridae,"Dactyloptena macracantha (Bleeker, 1855)",EXACT,99,2333583,
Dactyloptena orientalis,4485,Teleostei,Dactylopteriformes,Dactylopteridae,"Dactyloptena orientalis (Cuvier, 1829)",EXACT,99,2333592,
Amblypharyngodon atkinsonii,24299,Teleostei,Cypriniformes,Danionidae,"Amblypharyngodon atkinsonii (Blyth, 1860)",EXACT,99,2361133,
Boraras maculatus,10879,Teleostei,Cypriniformes,Danionidae,"Boraras maculatus (Duncker, 1904)",EXACT,99,2366590,
Boraras urophthalmoides,12211,Teleostei,Cypriniformes,Danionidae,"Boraras urophthalmoides (Kottelat, 1991)",EXACT,99,2366593,
Brevibora cheeya,65950,Teleostei,Cypriniformes,Danionidae,"Brevibora cheeya Liao & Tan, 2011",EXACT,99,5962643,
Brevibora dorsiocellata,10368,Teleostei,Cypriniformes,Danionidae,"Brevibora dorsiocellata (Duncker, 1904)",EXACT,99,5962644,
Danio albolineatus,10824,Teleostei,Cypriniformes,Danionidae,"Danio albolineatus (Blyth, 1860)",EXACT,99,2362695,
Danio kerri,12066,Teleostei,Cypriniformes,Danionidae,"Danio kerri Smith, 1931",EXACT,99,2362690,
Esomus caudiocellatus,54676,Teleostei,Cypriniformes,Danionidae,"Esomus caudiocellatus Ahl, 1923",EXACT,99,2364608,
Esomus malayensis,12071,Teleostei,Cypriniformes,Danionidae,"Esomus malayensis Ahl, 1923",EXACT,99,2364614,
Esomus metallicus,16176,Teleostei,Cypriniformes,Danionidae,"Esomus metallicus Ahl, 1923",EXACT,99,2364604,
Kottelatia brittani,10363,Teleostei,Cypriniformes,Danionidae,"Kottelatia brittani (Axelrod, 1976)",EXACT,99,5962766,
Laubuka laubuca,12061,Teleostei,Cypriniformes,Danionidae,"Laubuka laubuca (Hamilton, 1822)",EXACT,99,8283254,
Luciosoma pellegrinii,17421,Teleostei,Cypriniformes,Danionidae,"Luciosoma pellegrinii Popta, 1905",EXACT,99,2360865,
Luciosoma setigerum,16110,Teleostei,Cypriniformes,Danionidae,"Luciosoma setigerum (Valenciennes, 1842)",EXACT,99,2360859,
Luciosoma spilopleura,12124,Teleostei,Cypriniformes,Danionidae,"Luciosoma spilopleura Bleeker, 1855",EXACT,99,2360858,
Luciosoma trinema,17424,Teleostei,Cypriniformes,Danionidae,"Luciosoma trinema (Bleeker, 1852)",EXACT,99,2360860,
Malayochela maassi,17372,Teleostei,Cypriniformes,Danionidae,"Malayochela maassi (Weber & de Beaufort, 1912)",EXACT,99,2364386,
Nematabramis alestes,5164,Teleostei,Cypriniformes,Danionidae,"Nematabramis alestes (Seale & Bean, 1907)",EXACT,99,2367363,
Nematabramis borneensis,26642,Teleostei,Cypriniformes,Danionidae,"Nematabramis borneensis Inger & Chin, 1962",EXACT,99,2367365,
Nematabramis everetti,5165,Teleostei,Cypriniformes,Danionidae,"Nematabramis everetti Boulenger, 1894",EXACT,99,2367362,
Nematabramis steindachnerii,5431,Teleostei,Cypriniformes,Danionidae,"Nematabramis steindachnerii Popta, 1905",EXACT,99,2367368,
Raiamas guttatus,13233,Teleostei,Cypriniformes,Danionidae,"Raiamas guttatus (Day, 1870)",EXACT,99,2363216,
Rasbora argyrotaenia,5169,Teleostei,Cypriniformes,Danionidae,"Rasbora argyrotaenia (Bleeker, 1849)",EXACT,99,2359538,
Rasbora aurotaenia,27064,Teleostei,Cypriniformes,Danionidae,"Rasbora aurotaenia Tirant, 1885",EXACT,99,2359508,
Rasbora bankanensis,10351,Teleostei,Cypriniformes,Danionidae,"Rasbora bankanensis (Bleeker, 1853)",EXACT,99,2359562,
Rasbora borapetensis,10834,Teleostei,Cypriniformes,Danionidae,"Rasbora borapetensis Smith, 1934",EXACT,99,2359536,
Rasbora borneensis,10361,Teleostei,Cypriniformes,Danionidae,"Rasbora borneensis Bleeker, 1860",EXACT,99,2359581,
Rasbora caudimaculata,10364,Teleostei,Cypriniformes,Danionidae,"Rasbora caudimaculata Volz, 1903",EXACT,99,2359518,
Rasbora cephalotaenia,10365,Teleostei,Cypriniformes,Danionidae,"Rasbora cephalotaenia (Bleeker, 1852)",EXACT,99,2359632,
Rasbora chrysotaenia,12173,Teleostei,Cypriniformes,Danionidae,"Rasbora chrysotaenia Ahl, 1937",EXACT,99,2359641,
Rasbora cryptica,67318,Teleostei,Cypriniformes,Danionidae,"Rasbora cryptica Kottelat & Tan, 2012",EXACT,99,7712058,
Rasbora daniconius,5493,Teleostei,Cypriniformes,Danionidae,"Rasbora daniconius (Hamilton, 1822)",EXACT,99,2359512,
Rasbora dusonensis,10370,Teleostei,Cypriniformes,Danionidae,"Rasbora dusonensis (Bleeker, 1850)",EXACT,99,2359520,
Rasbora einthovenii,10371,Teleostei,Cypriniformes,Danionidae,"Rasbora einthovenii (Bleeker, 1851)",EXACT,99,2359549,
Rasbora elegans,12179,Teleostei,Cypriniformes,Danionidae,"Rasbora elegans Volz, 1903",EXACT,99,2359506,
Rasbora ennealepis,22519,Teleostei,Cypriniformes,Danionidae,"Rasbora ennealepis Roberts, 1989",EXACT,99,2359516,
Rasbora hubbsi,5435,Teleostei,Cypriniformes,Danionidae,"Rasbora hubbsi Brittan, 1954",EXACT,99,2359579,
Rasbora kalochroma,10372,Teleostei,Cypriniformes,Danionidae,"Rasbora kalochroma (Bleeker, 1851)",EXACT,99,2359525,
Rasbora kottelati,27256,Teleostei,Cypriniformes,Danionidae,"Rasbora kottelati Lim, 1995",EXACT,99,2359630,
Rasbora lateristriata,5167,Teleostei,Cypriniformes,Danionidae,"Rasbora lateristriata (Bleeker, 1854)",EXACT,99,2359498,
Rasbora meinkeni,22606,Teleostei,Cypriniformes,Danionidae,"Rasbora meinkeni de Beaufort, 1931",EXACT,99,2359614,
Rasbora notura,62453,Teleostei,Cypriniformes,Danionidae,"Rasbora notura Kottelat, 2005",EXACT,99,2359501,
Rasbora paucisqualis,12200,Teleostei,Cypriniformes,Danionidae,"Rasbora paucisqualis Ahl, 1935",EXACT,99,2359583,
Rasbora rasbora,10382,Teleostei,Cypriniformes,Danionidae,"Rasbora rasbora (Hamilton, 1822)",EXACT,99,2359570,
Rasbora rheophila,67320,Teleostei,Cypriniformes,Danionidae,"Rasbora rheophila Kottelat, 2012",EXACT,99,7430989,
Rasbora rutteni,22625,Teleostei,Cypriniformes,Danionidae,"Rasbora rutteni Weber & de Beaufort, 1916",EXACT,99,2359629,
Rasbora sarawakensis,10374,Teleostei,Cypriniformes,Danionidae,"Rasbora sarawakensis Brittan, 1951",EXACT,99,2359528,
Rasbora semilineata,22626,Teleostei,Cypriniformes,Danionidae,"Rasbora semilineata Weber & de Beaufort, 1916",EXACT,99,2359545,
Rasbora sumatrana,5437,Teleostei,Cypriniformes,Danionidae,"Rasbora sumatrana (Bleeker, 1852)",EXACT,99,2359499,
Rasbora tornieri,22832,Teleostei,Cypriniformes,Danionidae,"Rasbora tornieri Ahl, 1922",EXACT,99,2359502,
Rasbora trifasciata,22834,Teleostei,Cypriniformes,Danionidae,"Rasbora trifasciata Popta, 1905",EXACT,99,2359623,
Rasbora trilineata,4771,Teleostei,Cypriniformes,Danionidae,"Rasbora trilineata Steindachner, 1870",EXACT,99,2359627,
Rasbora tubbi,22642,Teleostei,Cypriniformes,Danionidae,"Rasbora tubbi Brittan, 1954",EXACT,99,2359580,
Rasbora tuberculata,27020,Teleostei,Cypriniformes,Danionidae,"Rasbora tuberculata Kottelat, 1995",EXACT,99,2359569,
Rasbora volzii,10376,Teleostei,Cypriniformes,Danionidae,"Rasbora volzii Popta, 1905",EXACT,99,2359496,
Rasbora vulgaris,65355,Teleostei,Cypriniformes,Danionidae,"Rasbora vulgaris Duncker, 1904",EXACT,99,5851553,
Trigonopoma gracile,15915,Teleostei,Cypriniformes,Danionidae,"Trigonopoma gracile (Kottelat, 1991)",EXACT,99,5962670,
Trigonopoma pauciperforatum,10373,Teleostei,Cypriniformes,Danionidae,"Trigonopoma pauciperforatum (Weber & de Beaufort, 1916)",EXACT,99,5962669,
Trigonostigma heteromorpha,10881,Teleostei,Cypriniformes,Danionidae,"Trigonostigma heteromorpha (Duncker, 1904)",EXACT,99,2367610,
Trigonostigma truncata,69168,Teleostei,Cypriniformes,Danionidae,"Trigonostigma truncata Tan, 2020",EXACT,99,11173146,
Bathytoshia lata,27065,Elasmobranchii,Myliobatiformes,Dasyatidae,"Bathytoshia lata (Garman, 1880)",EXACT,99,9568834,
Brevitrygon heterura,68226,Elasmobranchii,Myliobatiformes,Dasyatidae,"Brevitrygon heterura (Bleeker, 1852)",EXACT,98,9366676,
Brevitrygon imbricata,13150,Elasmobranchii,Myliobatiformes,Dasyatidae,"Brevitrygon imbricata (Bloch & Schneider, 1801)",EXACT,99,9295191,
Brevitrygon walga,15484,Elasmobranchii,Myliobatiformes,Dasyatidae,"Brevitrygon walga (Müller & Henle, 1841)",EXACT,99,9623595,
Fluvitrygon kittipongi,63551,Elasmobranchii,Myliobatiformes,Dasyatidae,"Fluvitrygon kittipongi (Vidthayanon & Roberts, 2005)",EXACT,99,9233894,
Fluvitrygon signifer,7982,Elasmobranchii,Myliobatiformes,Dasyatidae,"Fluvitrygon signifer (Compagno & Roberts, 1982)",EXACT,99,9419000,
Hemitrygon akajei,940,Elasmobranchii,Myliobatiformes,Dasyatidae,"Hemitrygon akajei (Müller & Henle, 1841)",EXACT,99,9541869,
Hemitrygon bennettii,15387,Elasmobranchii,Myliobatiformes,Dasyatidae,"Hemitrygon bennettii (Müller & Henle, 1841)",EXACT,99,9495838,
Hemitrygon fluviorum,12583,Elasmobranchii,Myliobatiformes,Dasyatidae,"Hemitrygon fluviorum (Ogilby, 1908)",EXACT,99,9301034,
Himantura leoparda,64147,Elasmobranchii,Myliobatiformes,Dasyatidae,"Himantura leoparda Manjaji-Matsumoto & Last, 2008",EXACT,99,5215903,
Himantura tutul,67649,Elasmobranchii,Myliobatiformes,Dasyatidae,"Himantura tutul Borsa, Durand, Shen, Alyza, Solihin & Berrebi, 2013",EXACT,99,7657210,
Himantura uarnak,5507,Elasmobranchii,Myliobatiformes,Dasyatidae,"Himantura uarnak (Gmelin, 1789)",EXACT,98,9775198,
Himantura undulata,12584,Elasmobranchii,Myliobatiformes,Dasyatidae,"Himantura undulata (Bleeker, 1852)",EXACT,99,5215905,
Maculabatis gerrardi,15483,Elasmobranchii,Myliobatiformes,Dasyatidae,"Maculabatis gerrardi (Gray, 1851)",EXACT,99,9590829,
Maculabatis macrura,69728,Elasmobranchii,Myliobatiformes,Dasyatidae,"Maculabatis macrura (Bleeker, 1852)",EXACT,99,10871247,
Maculabatis toshi,15487,Elasmobranchii,Myliobatiformes,Dasyatidae,"Maculabatis toshi (Whitley, 1939)",EXACT,99,9488643,
Megatrygon microps,15391,Elasmobranchii,Myliobatiformes,Dasyatidae,"Megatrygon microps (Annandale, 1908)",EXACT,99,9494196,
Neotrygon kuhlii,4508,Elasmobranchii,Myliobatiformes,Dasyatidae,"Neotrygon kuhlii (Müller & Henle, 1841)",EXACT,99,2419592,
Neotrygon orientalis,68494,Elasmobranchii,Myliobatiformes,Dasyatidae,"Neotrygon orientalis Last, White & Serét, 2016",EXACT,99,11138776,
Pastinachus ater,65900,Elasmobranchii,Myliobatiformes,Dasyatidae,"Pastinachus ater (Macleay, 1883)",EXACT,99,9619349,
Pastinachus gracilicaudus,65553,Elasmobranchii,Myliobatiformes,Dasyatidae,"Pastinachus gracilicaudus Last & Manjaji-Matsumoto, 2010",EXACT,99,5842858,
Pastinachus sephen,8203,Elasmobranchii,Myliobatiformes,Dasyatidae,"Pastinachus sephen (Forsskål, 1775)",EXACT,99,2419714,
Pastinachus solocirostris,63343,Elasmobranchii,Myliobatiformes,Dasyatidae,"Pastinachus solocirostris Last, Manjaji & Yearsley, 2005",EXACT,99,2419728,
Pateobatis bleekeri,13148,Elasmobranchii,Myliobatiformes,Dasyatidae,"Pateobatis bleekeri (Blyth, 1860)",EXACT,99,9321767,
Pateobatis fai,12587,Elasmobranchii,Myliobatiformes,Dasyatidae,"Pateobatis fai (Jordan & Seale, 1906)",EXACT,99,9328654,
Pateobatis jenkinsii,12589,Elasmobranchii,Myliobatiformes,Dasyatidae,"Pateobatis jenkinsii (Annandale, 1909)",EXACT,99,9400747,
Pateobatis uarnacoides,57399,Elasmobranchii,Myliobatiformes,Dasyatidae,"Pateobatis uarnacoides (Bleeker, 1852)",EXACT,99,9566320,
Taeniura lymma,5399,Elasmobranchii,Myliobatiformes,Dasyatidae,"Taeniura lymma (Forsskål, 1775)",EXACT,98,5215810,
Taeniurops meyeni,6482,Elasmobranchii,Myliobatiformes,Dasyatidae,"Taeniurops meyeni (Müller & Henle, 1841)",EXACT,99,7193839,
Telatrygon biasa,68036,Elasmobranchii,Myliobatiformes,Dasyatidae,"Telatrygon biasa Last, White & Naylor, 2016",EXACT,99,9223307,
Telatrygon zugei,8205,Elasmobranchii,Myliobatiformes,Dasyatidae,"Telatrygon zugei (Müller & Henle, 1841)",EXACT,99,9601413,
Urogymnus asperrimus,5400,Elasmobranchii,Myliobatiformes,Dasyatidae,"Urogymnus asperrimus (Bloch & Schneider, 1801)",EXACT,99,2419580,
Urogymnus granulatus,12586,Elasmobranchii,Myliobatiformes,Dasyatidae,"Urogymnus granulatus (Macleay, 1883)",EXACT,99,9541376,
Urogymnus lobistoma,63391,Elasmobranchii,Myliobatiformes,Dasyatidae,"Urogymnus lobistoma (Manjaji-Matsumoto & Last, 2006)",EXACT,99,9466978,
Urogymnus polylepis,11693,Elasmobranchii,Myliobatiformes,Dasyatidae,"Urogymnus polylepis (Bleeker, 1852)",EXACT,99,9463409,
Dentatherina merceri,7186,Teleostei,Atheriniformes,Dentatherinidae,"Dentatherina merceri Patten & Ivantsoff, 1983",EXACT,99,2412084,
Diancistrus altidorsalis,63169,Teleostei,Ophidiiformes,Dinematichthyidae,"Diancistrus altidorsalis Schwarzhans, Møller & Nielsen, 2005",EXACT,99,2346142,
Cyclichthys orbicularis,5196,Teleostei,Tetraodontiformes,Diodontidae,"Cyclichthys orbicularis (Bloch, 1785)",EXACT,99,2406514,
Diodon holocanthus,4659,Teleostei,Tetraodontiformes,Diodontidae,"Diodon holocanthus Linnaeus, 1758",EXACT,99,5213361,
Diodon hystrix,1022,Teleostei,Tetraodontiformes,Diodontidae,"Diodon hystrix Linnaeus, 1758",EXACT,98,5213374,
Diodon liturosus,6552,Teleostei,Tetraodontiformes,Diodontidae,"Diodon liturosus Shaw, 1804",EXACT,99,5213358,
Amblygaster leiogaster,1500,Teleostei,Clupeiformes,Dorosomatidae,"Amblygaster leiogaster (Valenciennes, 1847)",EXACT,99,2413215,
Amblygaster sirm,1501,Teleostei,Clupeiformes,Dorosomatidae,"Amblygaster sirm (Walbaum, 1792)",EXACT,99,2413207,
Anodontostoma chacunda,1619,Teleostei,Clupeiformes,Dorosomatidae,"Anodontostoma chacunda (Hamilton, 1822)",EXACT,99,2413348,
Anodontostoma thailandiae,1621,Teleostei,Clupeiformes,Dorosomatidae,"Anodontostoma thailandiae Wongratana, 1983",EXACT,99,2413347,
Escualosa thoracata,1522,Teleostei,Clupeiformes,Dorosomatidae,"Escualosa thoracata (Valenciennes, 1847)",EXACT,99,2412568,
Herklotsichthys dispilonotus,1489,Teleostei,Clupeiformes,Dorosomatidae,"Herklotsichthys dispilonotus (Bleeker, 1852)",EXACT,99,2413094,
Herklotsichthys quadrimaculatus,1494,Teleostei,Clupeiformes,Dorosomatidae,"Herklotsichthys quadrimaculatus (Rüppell, 1837)",EXACT,99,2413096,
Hilsa kelee,1595,Teleostei,Clupeiformes,Dorosomatidae,"Hilsa kelee (Cuvier, 1829)",EXACT,99,2413479,
Nematalosa come,1611,Teleostei,Clupeiformes,Dorosomatidae,"Nematalosa come (Richardson, 1846)",EXACT,99,2413030,
Nematalosa galatheae,1614,Teleostei,Clupeiformes,Dorosomatidae,"Nematalosa galatheae Nelson & Rothman, 1973",EXACT,99,2413011,
Nematalosa nasus,1616,Teleostei,Clupeiformes,Dorosomatidae,"Nematalosa nasus (Bloch, 1795)",EXACT,99,2413001,
Sardinella albella,1502,Teleostei,Clupeiformes,Dorosomatidae,"Sardinella albella (Valenciennes, 1847)",EXACT,99,2412822,
Sardinella brachysoma,1504,Teleostei,Clupeiformes,Dorosomatidae,"Sardinella brachysoma Bleeker, 1852",EXACT,99,2412818,
Sardinella fimbriata,1507,Teleostei,Clupeiformes,Dorosomatidae,"Sardinella fimbriata (Valenciennes, 1847)",EXACT,99,2387341,
Sardinella gibbosa,1508,Teleostei,Clupeiformes,Dorosomatidae,"Sardinella gibbosa (Bleeker, 1849)",EXACT,99,2412787,
Sardinella lemuru,1510,Teleostei,Clupeiformes,Dorosomatidae,"Sardinella lemuru Bleeker, 1853",EXACT,99,2412878,
Sardinella melanura,1513,Teleostei,Clupeiformes,Dorosomatidae,"Sardinella melanura (Cuvier, 1829)",EXACT,99,2412833,
Tenualosa ilisha,1596,Teleostei,Clupeiformes,Dorosomatidae,"Tenualosa ilisha (Hamilton, 1822)",EXACT,99,2413382,
Tenualosa macrura,1597,Teleostei,Clupeiformes,Dorosomatidae,"Tenualosa macrura (Bleeker, 1852)",EXACT,99,2413404,
Tenualosa toli,1600,Teleostei,Clupeiformes,Dorosomatidae,"Tenualosa toli (Valenciennes, 1847)",EXACT,99,2413397,
Drepane longimana,7692,Teleostei,Acanthuriformes,Drepaneidae,"Drepane longimana (Bloch & Schneider, 1801)",EXACT,99,2374444,
Drepane punctata,454,Teleostei,Acanthuriformes,Drepaneidae,"Drepane punctata (Linnaeus, 1758)",EXACT,99,2374434,
Dussumieria acuta,1453,Teleostei,Clupeiformes,Dussumieriidae,"Dussumieria acuta Valenciennes, 1847",EXACT,99,2412967,
Dussumieria albulina,69849,Teleostei,Clupeiformes,Dussumieriidae,"Dussumieria albulina (Fowler, 1934)",EXACT,98,11393776,2412967
Dussumieria elopsoides,1454,Teleostei,Clupeiformes,Dussumieriidae,"Dussumieria elopsoides Bleeker, 1849",EXACT,99,2412966,
Dussumieria hasseltii,69847,Teleostei,Clupeiformes,Dussumieriidae,"Dussumieria hasselti Bleeker, 1851",FUZZY,96,2412968,2412966
Echeneis naucrates,2467,Teleostei,Carangiformes,Echeneidae,"Echeneis naucrates Linnaeus, 1758",EXACT,97,2375300,
Clupeichthys perakensis,1570,Teleostei,Clupeiformes,Ehiravidae,"Clupeichthys perakensis (Herre, 1936)",EXACT,99,2412924,
Corica laciniata,1565,Teleostei,Clupeiformes,Ehiravidae,"Corica laciniata Fowler, 1935",EXACT,99,5214594,
Corica soborna,1566,Teleostei,Clupeiformes,Ehiravidae,"Corica soborna Hamilton, 1822",EXACT,99,5214588,
Sundasalanx microps,23397,Teleostei,Clupeiformes,Ehiravidae,"Sundasalanx microps Roberts, 1981",EXACT,99,2413683,
Calumia godeffroyi,13765,Teleostei,Gobiiformes,Eleotridae,"Calumia godeffroyi (Günther, 1877)",EXACT,99,2386297,
Eleotris acanthopomus,11794,Teleostei,Gobiiformes,Eleotridae,"Eleotris acanthopoma Bleeker, 1853",FUZZY,96,2386144,
Eleotris melanosoma,10013,Teleostei,Gobiiformes,Eleotridae,"Eleotris melanosoma Bleeker, 1853",EXACT,99,2386104,
Ellopostoma megalomycter,22699,Teleostei,Cypriniformes,Ellopostomatidae,"Ellopostoma megalomycter (Vaillant, 1902)",EXACT,99,2358838,
Elops hawaiensis,6415,Teleostei,Elopiformes,Elopidae,"Elops hawaiensis Regan, 1909",EXACT,99,5203139,
Elops machnata,5512,Teleostei,Elopiformes,Elopidae,"Elops machnata (Forsskål, 1775)",EXACT,99,5203146,
Coilia borneensis,614,Teleostei,Clupeiformes,Engraulidae,"Coilia borneensis Bleeker, 1852",EXACT,99,2413710,
Coilia coomansi,624,Teleostei,Clupeiformes,Engraulidae,"Coilia coomansi Hardenberg, 1934",EXACT,99,2413725,
Coilia dussumieri,625,Teleostei,Clupeiformes,Engraulidae,"Coilia dussumieri Valenciennes, 1848",EXACT,99,2413712,
Coilia lindmani,627,Teleostei,Clupeiformes,Engraulidae,"Coilia lindmani Bleeker, 1857",EXACT,99,2413738,
Coilia macrognathos,628,Teleostei,Clupeiformes,Engraulidae,"Coilia macrognathos Bleeker, 1852",EXACT,99,2413742,
Coilia neglecta,631,Teleostei,Clupeiformes,Engraulidae,"Coilia neglecta Whitehead, 1967",EXACT,99,2413741,
Coilia rebentischii,633,Teleostei,Clupeiformes,Engraulidae,"Coilia rebentischii Bleeker, 1858",EXACT,99,2413745,
Encrasicholina heteroloba,556,Teleostei,Clupeiformes,Engraulidae,"Encrasicholina heteroloba (Rüppell, 1837)",EXACT,99,2413765,
Encrasicholina punctifer,558,Teleostei,Clupeiformes,Engraulidae,"Encrasicholina punctifer Fowler, 1938",EXACT,99,2413774,
Lycothrissa crocodilus,604,Teleostei,Clupeiformes,Engraulidae,"Lycothrissa crocodilus (Bleeker, 1850)",EXACT,99,2414064,
Setipinna breviceps,8809,Teleostei,Clupeiformes,Engraulidae,"Setipinna breviceps (Cantor, 1849)",EXACT,99,2413854,
Setipinna melanochir,608,Teleostei,Clupeiformes,Engraulidae,"Setipinna melanochir (Bleeker, 1849)",EXACT,99,2413833,
Setipinna taty,611,Teleostei,Clupeiformes,Engraulidae,"Setipinna taty (Valenciennes, 1848)",EXACT,99,2413827,
Setipinna tenuifilis,612,Teleostei,Clupeiformes,Engraulidae,"Setipinna tenuifilis (Valenciennes, 1848)",EXACT,99,2413832,
Stolephorus acinaces,69936,Teleostei,Clupeiformes,Engraulidae,"Stolephorus acinaces Hata, Lavoué & Motomura, 2020",EXACT,99,11113921,
Stolephorus andhraensis,561,Teleostei,Clupeiformes,Engraulidae,"Stolephorus andhraensis Babu Rao, 1966",EXACT,99,2414228,
Stolephorus baganensis,563,Teleostei,Clupeiformes,Engraulidae,"Stolephorus baganensis Hardenberg, 1933",EXACT,98,2414238,
Stolephorus balinensis,69956,Teleostei,Clupeiformes,Engraulidae,Stolephorus balinensis,EXACT,99,11923875,
Stolephorus commersonnii,566,Teleostei,Clupeiformes,Engraulidae,"Stolephorus commersonnii Lacepède, 1803",EXACT,99,2414195,
Stolephorus diabolus,70609,Teleostei,Clupeiformes,Engraulidae,"Stolephorus diabolus Hata, Lavoué & Motomura, 2022",EXACT,99,11664461,
Stolephorus dubiosus,567,Teleostei,Clupeiformes,Engraulidae,"Stolephorus dubiosus Wongratana, 1983",EXACT,99,2414229,
Stolephorus indicus,569,Teleostei,Clupeiformes,Engraulidae,"Stolephorus indicus (van Hasselt, 1823)",EXACT,99,2414203,
Stolephorus insularis,571,Teleostei,Clupeiformes,Engraulidae,"Stolephorus insularis Hardenberg, 1933",EXACT,99,2414187,
Stolephorus rex,69954,Teleostei,Clupeiformes,Engraulidae,"Stolephorus rex Jordan & Seale, 1926",EXACT,98,2414202,2414195
Stolephorus tri,577,Teleostei,Clupeiformes,Engraulidae,"Stolephorus tri (Bleeker, 1852)",EXACT,99,2414235,
Stolephorus waitei,578,Teleostei,Clupeiformes,Engraulidae,"Stolephorus waitei Jordan & Seale, 1926",EXACT,99,2414182,
Thrissina samam,71664,Teleostei,Clupeiformes,Engraulidae,"Thrissina Jordan & Seale, 1925",HIGHERRANK,94,2413803,2414066
Thryssa dussumieri,586,Teleostei,Clupeiformes,Engraulidae,"Thryssa dussumieri (Valenciennes, 1848)",EXACT,99,2414071,
Thryssa hamiltonii,589,Teleostei,Clupeiformes,Engraulidae,"Thryssa hamiltonii Gray, 1835",EXACT,99,2414159,
Thryssa kammalensis,590,Teleostei,Clupeiformes,Engraulidae,"Thryssa kammalensis (Bleeker, 1849)",EXACT,99,2414099,
Thryssa mystax,594,Teleostei,Clupeiformes,Engraulidae,"Thryssa mystax (Bloch & Schneider, 1801)",EXACT,99,2414107,
Thryssa setirostris,599,Teleostei,Clupeiformes,Engraulidae,"Thryssa setirostris (Broussonet, 1782)",EXACT,99,2414123,
Thryssa spinidens,600,Teleostei,Clupeiformes,Engraulidae,"Thryssa spinidens (Jordan & Seale, 1925)",EXACT,99,2414092,
Ephippus orbis,8243,Teleostei,Acanthuriformes,Ephippidae,"Ephippus orbis (Bloch, 1787)",EXACT,99,5211220,
Platax batavianus,10547,Teleostei,Acanthuriformes,Ephippidae,"Platax batavianus Cuvier, 1831",EXACT,99,2394317,
Platax boersii,14307,Teleostei,Acanthuriformes,Ephippidae,"Platax boersii Bleeker, 1853",EXACT,99,2394310,
Platax orbicularis,5737,Teleostei,Acanthuriformes,Ephippidae,"Platax orbicularis (Forsskål, 1775)",EXACT,99,2394300,
Platax pinnatus,5738,Teleostei,Acanthuriformes,Ephippidae,"Platax pinnatus (Linnaeus, 1758)",EXACT,99,2394307,
Platax teira,5739,Teleostei,Acanthuriformes,Ephippidae,"Platax teira (Forsskål, 1775)",EXACT,99,2394312,
Proteracanthus sarissophorus,24842,Teleostei,Acanthuriformes,Ephippidae,"Proteracanthus sarissophorus (Cantor, 1849)",EXACT,99,2394296,
Aethaloperca rogaa,6441,Teleostei,Perciformes/Serranoidei,Epinephelidae,"Aethaloperca rogaa (Forsskål, 1775)",EXACT,99,2388085,
Anyperodon leucogrammicus,4922,Teleostei,Perciformes/Serranoidei,Epinephelidae,"Anyperodon leucogrammicus (Valenciennes, 1828)",EXACT,99,2387816,
Cephalopholis argus,6396,Teleostei,Perciformes/Serranoidei,Epinephelidae,"Cephalopholis argus Schneider, 1801",EXACT,99,2388891,
Cephalopholis aurantia,6443,Teleostei,Perciformes/Serranoidei,Epinephelidae,"Cephalopholis aurantia (Valenciennes, 1828)",EXACT,99,2388858,
Cephalopholis boenak,6444,Teleostei,Perciformes/Serranoidei,Epinephelidae,"Cephalopholis boenak (Bloch, 1790)",EXACT,99,2388825,
Cephalopholis cyanostigma,6445,Teleostei,Perciformes/Serranoidei,Epinephelidae,"Cephalopholis cyanostigma (Valenciennes, 1828)",EXACT,99,2388876,
Cephalopholis formosa,6446,Teleostei,Perciformes/Serranoidei,Epinephelidae,"Cephalopholis formosa (Shaw, 1812)",EXACT,99,2388839,
Cephalopholis igarashiensis,5366,Teleostei,Perciformes/Serranoidei,Epinephelidae,"Cephalopholis igarashiensis Katayama, 1957",EXACT,99,2388863,
Cephalopholis microprion,6449,Teleostei,Perciformes/Serranoidei,Epinephelidae,"Cephalopholis microprion (Bleeker, 1852)",EXACT,99,2388881,
Cephalopholis miniata,6450,Teleostei,Perciformes/Serranoidei,Epinephelidae,"Cephalopholis miniata (Forsskål, 1775)",EXACT,99,2388916,
Cephalopholis sexmaculata,6453,Teleostei,Perciformes/Serranoidei,Epinephelidae,"Cephalopholis sexmaculata (Rüppell, 1830)",EXACT,99,2388884,
Cephalopholis sonnerati,6454,Teleostei,Perciformes/Serranoidei,Epinephelidae,"Cephalopholis sonnerati (Valenciennes, 1828)",EXACT,99,2388927,
Cephalopholis spiloparaea,6455,Teleostei,Perciformes/Serranoidei,Epinephelidae,"Cephalopholis spiloparaea (Valenciennes, 1828)",EXACT,99,2388857,
Cephalopholis urodeta,6456,Teleostei,Perciformes/Serranoidei,Epinephelidae,"Cephalopholis urodeta (Forster, 1801)",EXACT,99,2388937,
Chromileptes altivelis,6457,Teleostei,Perciformes/Serranoidei,Epinephelidae,"Chromileptes altivelis (Valenciennes, 1828)",EXACT,98,2387953,2387947
Epinephelus amblycephalus,6459,Teleostei,Perciformes/Serranoidei,Epinephelidae,"Epinephelus amblycephalus (Bleeker, 1857)",EXACT,99,2388437,
Epinephelus areolatus,5367,Teleostei,Perciformes/Serranoidei,Epinephelidae,"Epinephelus areolatus (Forsskål, 1775)",EXACT,99,2388152,
Epinephelus bleekeri,7333,Teleostei,Perciformes/Serranoidei,Epinephelidae,"Epinephelus bleekeri (Vaillant, 1878)",EXACT,99,2388337,
Epinephelus chlorostigma,5524,Teleostei,Perciformes/Serranoidei,Epinephelidae,"Epinephelus chlorostigma (Valenciennes, 1828)",EXACT,99,2388167,
Epinephelus coeruleopunctatus,6440,Teleostei,Perciformes/Serranoidei,Epinephelidae,"Epinephelus coeruleopunctatus (Bloch, 1790)",EXACT,99,2388316,
Epinephelus coioides,6465,Teleostei,Perciformes/Serranoidei,Epinephelidae,"Epinephelus coioides (Hamilton, 1822)",EXACT,99,2388213,
Epinephelus corallicola,6466,Teleostei,Perciformes/Serranoidei,Epinephelidae,"Epinephelus corallicola (Valenciennes, 1828)",EXACT,99,2387823,
Epinephelus cyanopodus,5349,Teleostei,Perciformes/Serranoidei,Epinephelidae,"Epinephelus cyanopodus (Richardson, 1846)",EXACT,99,2388288,
Epinephelus diacanthus,7340,Teleostei,Perciformes/Serranoidei,Epinephelidae,"Epinephelus diacanthus (Valenciennes, 1828)",EXACT,99,2388126,
Epinephelus erythrurus,7343,Teleostei,Perciformes/Serranoidei,Epinephelidae,"Epinephelus erythrurus (Valenciennes, 1828)",EXACT,99,2388275,
Epinephelus fasciatomaculosus,6467,Teleostei,Perciformes/Serranoidei,Epinephelidae,"Epinephelus fasciatomaculosus (Peters, 1865)",EXACT,99,2388606,
Epinephelus fasciatus,5348,Teleostei,Perciformes/Serranoidei,Epinephelidae,"Epinephelus fasciatus (Forsskål, 1775)",EXACT,99,2388344,
Epinephelus fuscoguttatus,4460,Teleostei,Perciformes/Serranoidei,Epinephelidae,"Epinephelus fuscoguttatus (Forsskål, 1775)",EXACT,99,2388440,
Epinephelus heniochus,7347,Teleostei,Perciformes/Serranoidei,Epinephelidae,"Epinephelus heniochus Fowler, 1904",EXACT,99,2388550,
Epinephelus lanceolatus,6468,Teleostei,Perciformes/Serranoidei,Epinephelidae,"Epinephelus lanceolatus (Bloch, 1790)",EXACT,99,2388587,
Epinephelus latifasciatus,7350,Teleostei,Perciformes/Serranoidei,Epinephelidae,"Epinephelus latifasciatus (Temminck & Schlegel, 1842)",EXACT,99,2388552,
Epinephelus macrospilos,6661,Teleostei,Perciformes/Serranoidei,Epinephelidae,"Epinephelus macrospilos (Bleeker, 1855)",EXACT,99,2388141,
Epinephelus maculatus,5350,Teleostei,Perciformes/Serranoidei,Epinephelidae,"Epinephelus maculatus (Bloch, 1790)",EXACT,99,2388229,
Epinephelus malabaricus,6439,Teleostei,Perciformes/Serranoidei,Epinephelidae,"Epinephelus malabaricus (Bloch & Schneider, 1801)",EXACT,99,2388220,
Epinephelus merra,4923,Teleostei,Perciformes/Serranoidei,Epinephelidae,"Epinephelus merra Bloch, 1793",EXACT,99,2388193,
Epinephelus morrhua,5353,Teleostei,Perciformes/Serranoidei,Epinephelidae,"Epinephelus morrhua (Valenciennes, 1833)",EXACT,99,2388162,
Epinephelus ongus,6472,Teleostei,Perciformes/Serranoidei,Epinephelidae,"Epinephelus ongus (Bloch, 1790)",EXACT,99,2388318,
Epinephelus quoyanus,6475,Teleostei,Perciformes/Serranoidei,Epinephelidae,"Epinephelus quoyanus (Valenciennes, 1830)",EXACT,99,2388148,
Epinephelus sexfasciatus,4825,Teleostei,Perciformes/Serranoidei,Epinephelidae,"Epinephelus sexfasciatus (Valenciennes, 1828)",EXACT,99,2388602,
Epinephelus summana,7366,Teleostei,Perciformes/Serranoidei,Epinephelidae,"Epinephelus summana (Forsskål, 1775)",EXACT,99,2388321,
Epinephelus tauvina,4461,Teleostei,Perciformes/Serranoidei,Epinephelidae,"Epinephelus tauvina (Forsskål, 1775)",EXACT,99,2388137,
Epinephelus undulosus,6476,Teleostei,Perciformes/Serranoidei,Epinephelidae,"Epinephelus undulosus (Quoy & Gaimard, 1824)",EXACT,97,9709595,
Gracila albomarginata,6477,Teleostei,Perciformes/Serranoidei,Epinephelidae,"Gracila albomarginata (Fowler & Bean, 1930)",EXACT,99,2387970,
Plectropomus laevis,7372,Teleostei,Perciformes/Serranoidei,Epinephelidae,"Plectropomus laevis (Lacepède, 1801)",EXACT,99,5210141,
Plectropomus leopardus,4826,Teleostei,Perciformes/Serranoidei,Epinephelidae,"Plectropomus leopardus (Lacepède, 1802)",EXACT,99,5210114,
Plectropomus maculatus,4886,Teleostei,Perciformes/Serranoidei,Epinephelidae,"Plectropomus maculatus (Bloch, 1790)",EXACT,99,5210118,
Plectropomus oligacanthus,7319,Teleostei,Perciformes/Serranoidei,Epinephelidae,"Plectropomus oligacanthus (Bleeker, 1855)",EXACT,99,5210122,
Variola albimarginata,6478,Teleostei,Perciformes/Serranoidei,Epinephelidae,"Variola albimarginata Baissac, 1953",EXACT,99,2389116,
Variola louti,5354,Teleostei,Perciformes/Serranoidei,Epinephelidae,"Variola louti (Forsskål, 1775)",EXACT,99,2389100,
Cheilopogon abei,15316,Teleostei,Beloniformes,Exocoetidae,"Cheilopogon abei Parin, 1996",EXACT,99,5207957,
Cheilopogon atrisignis,7509,Teleostei,Beloniformes,Exocoetidae,"Cheilopogon atrisignis (Jenkins, 1903)",EXACT,99,5207993,
Cheilopogon cyanopterus,7695,Teleostei,Beloniformes,Exocoetidae,"Cheilopogon cyanopterus (Valenciennes, 1847)",EXACT,99,5207948,
Cheilopogon furcatus,1028,Teleostei,Beloniformes,Exocoetidae,"Cheilopogon furcatus (Mitchill, 1815)",EXACT,99,5207977,
Cheilopogon intermedius,15346,Teleostei,Beloniformes,Exocoetidae,"Cheilopogon intermedius Parin, 1961",EXACT,99,5207968,
Cheilopogon spilopterus,15358,Teleostei,Beloniformes,Exocoetidae,"Cheilopogon spilopterus (Valenciennes, 1847)",EXACT,99,5207971,
Cypselurus neglectus,71626,Teleostei,Beloniformes,Exocoetidae,"Cypselurus neglectus (Bleeker, 1865)",EXACT,98,11996520,5207927
Cypselurus oligolepis,15365,Teleostei,Beloniformes,Exocoetidae,"Cypselurus oligolepis (Bleeker, 1865)",EXACT,99,5207927,
Parexocoetus mento,4904,Teleostei,Beloniformes,Exocoetidae,"Parexocoetus mento (Valenciennes, 1847)",EXACT,99,2368598,
Fistularia commersonii,5444,Teleostei,Syngnathiformes,Fistulariidae,"Fistularia commersonii Rüppell, 1838",EXACT,99,5200938,
Fistularia petimba,3276,Teleostei,Syngnathiformes,Fistulariidae,"Fistularia petimba Lacepède, 1803",EXACT,99,5200931,
Galeocerdo cuvier,886,Elasmobranchii,Carcharhiniformes,Galeocerdonidae,"Galeocerdo cuvier (Péron & Lesueur, 1822)",EXACT,99,2418234,
Gastromyzon aequabilis,63166,Teleostei,Cypriniformes,Gastromyzontidae,"Gastromyzon aequabilis Tan, 2006",EXACT,99,2358870,
Gastromyzon aeroides,62560,Teleostei,Cypriniformes,Gastromyzontidae,"Gastromyzon aeroides Tan & Sulaiman, 2006",EXACT,99,2358885,
Gastromyzon auronigrus,63175,Teleostei,Cypriniformes,Gastromyzontidae,"Gastromyzon auronigrus Tan, 2006",EXACT,99,2358895,
Gastromyzon bario,63152,Teleostei,Cypriniformes,Gastromyzontidae,"Gastromyzon bario Tan, 2006",EXACT,99,2358896,
Gastromyzon borneensis,22701,Teleostei,Cypriniformes,Gastromyzontidae,"Gastromyzon borneensis Günther, 1874",EXACT,99,2358874,
Gastromyzon cornusaccus,63147,Teleostei,Cypriniformes,Gastromyzontidae,"Gastromyzon cornusaccus Tan, 2006",EXACT,99,2358876,
Gastromyzon crenastus,63181,Teleostei,Cypriniformes,Gastromyzontidae,"Gastromyzon crenastus Tan & Leh, 2006",EXACT,99,2358890,
Gastromyzon ctenocephalus,22841,Teleostei,Cypriniformes,Gastromyzontidae,"Gastromyzon ctenocephalus Roberts, 1982",EXACT,99,2358902,
Gastromyzon danumensis,22843,Teleostei,Cypriniformes,Gastromyzontidae,"Gastromyzon danumensis Chin & Inger, 1989",EXACT,99,2358891,
Gastromyzon extrorsus,63149,Teleostei,Cypriniformes,Gastromyzontidae,"Gastromyzon extrorsus Tan, 2006",EXACT,99,2358899,
Gastromyzon farragus,63182,Teleostei,Cypriniformes,Gastromyzontidae,"Gastromyzon farragus Tan & Leh, 2006",EXACT,99,2358877,
Gastromyzon fasciatus,22844,Teleostei,Cypriniformes,Gastromyzontidae,"Gastromyzon fasciatus Inger & Chin, 1961",EXACT,99,2358878,
Gastromyzon ingeri,63167,Teleostei,Cypriniformes,Gastromyzontidae,"Gastromyzon ingeri Tan, 2006",EXACT,99,2358897,
Gastromyzon introrsus,63151,Teleostei,Cypriniformes,Gastromyzontidae,"Gastromyzon introrsus Tan, 2006",EXACT,99,2358884,
Gastromyzon katibasensis,63183,Teleostei,Cypriniformes,Gastromyzontidae,"Gastromyzon katibasensis Leh & Chai, 2003",EXACT,99,2358879,
Gastromyzon lepidogaster,22845,Teleostei,Cypriniformes,Gastromyzontidae,"Gastromyzon lepidogaster Roberts, 1982",EXACT,99,2358905,
Gastromyzon megalepis,22847,Teleostei,Cypriniformes,Gastromyzontidae,"Gastromyzon megalepis Roberts, 1982",EXACT,99,2358880,
Gastromyzon monticola,22850,Teleostei,Cypriniformes,Gastromyzontidae,"Gastromyzon monticola (Vaillant, 1889)",EXACT,99,2358871,
Gastromyzon ocellatus,62206,Teleostei,Cypriniformes,Gastromyzontidae,"Gastromyzon ocellatus Tan & Ng, 2004",EXACT,99,2358888,
Gastromyzon ornaticauda,56317,Teleostei,Cypriniformes,Gastromyzontidae,"Gastromyzon ornaticauda Tan & Martin-Smith, 1998",EXACT,99,2358873,
Gastromyzon pariclavis,56316,Teleostei,Cypriniformes,Gastromyzontidae,"Gastromyzon pariclavis Tan & Martin-Smith, 1998",EXACT,99,2358892,
Gastromyzon punctulatus,5439,Teleostei,Cypriniformes,Gastromyzontidae,"Gastromyzon punctulatus Inger & Chin, 1961",EXACT,99,2358893,
Gastromyzon ridens,22851,Teleostei,Cypriniformes,Gastromyzontidae,"Gastromyzon ridens Roberts, 1982",EXACT,99,2358886,
Gastromyzon scitulus,63180,Teleostei,Cypriniformes,Gastromyzontidae,"Gastromyzon scitulus Tan & Leh, 2006",EXACT,99,2358875,
Gastromyzon spectabilis,63172,Teleostei,Cypriniformes,Gastromyzontidae,"Gastromyzon spectabilis Tan, 2006",EXACT,99,2358904,
Gastromyzon stellatus,63163,Teleostei,Cypriniformes,Gastromyzontidae,"Gastromyzon stellatus Tan, 2006",EXACT,99,2358903,
Gastromyzon umbrus,63156,Teleostei,Cypriniformes,Gastromyzontidae,"Gastromyzon umbrus Tan, 2006",EXACT,99,2358900,
Gastromyzon viriosus,63174,Teleostei,Cypriniformes,Gastromyzontidae,"Gastromyzon viriosus Tan, 2006",EXACT,99,2358869,
Glaniopsis denudata,22853,Teleostei,Cypriniformes,Gastromyzontidae,"Glaniopsis denudata Roberts, 1982",EXACT,99,2358825,
Glaniopsis gossei,22854,Teleostei,Cypriniformes,Gastromyzontidae,"Glaniopsis gossei Roberts, 1982",EXACT,99,2358823,
Glaniopsis hanitschi,22857,Teleostei,Cypriniformes,Gastromyzontidae,"Glaniopsis hanitschi Boulenger, 1899",EXACT,99,2358824,
Glaniopsis multiradiata,22861,Teleostei,Cypriniformes,Gastromyzontidae,"Glaniopsis multiradiata Roberts, 1982",EXACT,99,2358826,
Hypergastromyzon eubranchus,22968,Teleostei,Cypriniformes,Gastromyzontidae,"Hypergastromyzon eubranchus Roberts, 1991",EXACT,99,2358818,
Katibasia insidiosa,62110,Teleostei,Cypriniformes,Gastromyzontidae,"Katibasia insidiosa Kottelat, 2004",EXACT,99,2358754,
Neogastromyzon chini,63177,Teleostei,Cypriniformes,Gastromyzontidae,"Neogastromyzon chini Tan, 2006",EXACT,99,2358695,
Neogastromyzon crassiobex,63176,Teleostei,Cypriniformes,Gastromyzontidae,"Neogastromyzon crassiobex Tan, 2006",EXACT,99,2358696,
Neogastromyzon nieuwenhuisii,22984,Teleostei,Cypriniformes,Gastromyzontidae,"Neogastromyzon nieuwenhuisii Popta, 1905",EXACT,99,2358697,
Neogastromyzon pauciradiatus,22987,Teleostei,Cypriniformes,Gastromyzontidae,"Neogastromyzon pauciradiatus (Inger & Chin, 1961)",EXACT,99,2358701,
Parhomaloptera microstoma,22989,Teleostei,Cypriniformes,Gastromyzontidae,"Parhomaloptera microstoma (Boulenger, 1899)",EXACT,99,2357542,
Protomyzon aphelocheilus,22990,Teleostei,Cypriniformes,Gastromyzontidae,"Protomyzon aphelocheilus Inger & Chin, 1962",EXACT,99,2358510,
Protomyzon borneensis,22991,Teleostei,Cypriniformes,Gastromyzontidae,"Protomyzon borneensis Hora & Jayaram, 1952",EXACT,99,2358509,
Protomyzon griswoldi,22995,Teleostei,Cypriniformes,Gastromyzontidae,"Protomyzon griswoldi (Hora & Jayaram, 1952)",EXACT,99,2358507,
Protomyzon whiteheadi,22996,Teleostei,Cypriniformes,Gastromyzontidae,"Protomyzon whiteheadi (Vaillant, 1894)",EXACT,99,2358505,
Gempylus serpens,1041,Teleostei,Scombriformes,Gempylidae,"Gempylus serpens Cuvier, 1829",EXACT,99,2397775,
Neoepinnula orientalis,3906,Teleostei,Scombriformes,Gempylidae,"Neoepinnula orientalis (Gilchrist & von Bonde, 1924)",EXACT,99,2397765,
Rexea bengalensis,8486,Teleostei,Scombriformes,Gempylidae,"Rexea bengalensis (Alcock, 1894)",EXACT,99,2397843,
Rexea prometheoides,7697,Teleostei,Scombriformes,Gempylidae,"Rexea prometheoides (Bleeker, 1856)",EXACT,99,2397833,
Thyrsitoides marleyi,7698,Teleostei,Scombriformes,Gempylidae,"Thyrsitoides marleyi Fowler, 1929",EXACT,99,2397823,
Gerres erythrourus,5800,Teleostei,Eupercaria/misc,Gerreidae,"Gerres erythrourus (Bloch, 1791)",EXACT,99,2369375,
Gerres filamentosus,4463,Teleostei,Eupercaria/misc,Gerreidae,"Gerres filamentosus Cuvier, 1829",EXACT,99,2369436,
Gerres longirostris,7699,Teleostei,Eupercaria/misc,Gerreidae,"Gerres longirostris (Lacepède, 1801)",EXACT,99,9596396,
Gerres oblongus,5801,Teleostei,Eupercaria/misc,Gerreidae,"Gerres oblongus Cuvier, 1830",EXACT,99,2369411,
Gerres oyena,5996,Teleostei,Eupercaria/misc,Gerreidae,"Gerres oyena (Forsskål, 1775)",EXACT,99,2369396,
Gerres setifer,13425,Teleostei,Eupercaria/misc,Gerreidae,"Gerres setifer (Hamilton, 1822)",EXACT,99,2369437,
Gerres silaceus,59247,Teleostei,Eupercaria/misc,Gerreidae,"Gerres silaceus Iwatsuki, Kimura & Yoshino, 2001",EXACT,99,2369447,
Pentaprion longimanus,4448,Teleostei,Eupercaria/misc,Gerreidae,"Pentaprion longimanus (Cantor, 1849)",EXACT,99,2369497,
Nebrius ferrugineus,5895,Elasmobranchii,Orectolobiformes,Ginglymostomatidae,"Nebrius ferrugineus (Lesson, 1831)",EXACT,99,2417496,
Glaucosoma hebraicum,14956,Teleostei,Acropomatiformes,Glaucosomatidae,"Glaucosoma hebraicum Richardson, 1845",EXACT,99,2374651,
Glaucostegus obtusus,12576,Elasmobranchii,Rhinopristiformes,Glaucostegidae,"Glaucostegus obtusus (Müller & Henle, 1841)",EXACT,99,9341842,
Glaucostegus thouin,12578,Elasmobranchii,Rhinopristiformes,Glaucostegidae,Glaucostegus thouin,EXACT,99,7193836,
Glaucostegus typus,12577,Elasmobranchii,Rhinopristiformes,Glaucostegidae,Glaucostegus typus,EXACT,99,2418924,
Flabellicauda alleni,70309,Teleostei,Gobiesociformes,Gobiesocidae,"Flabellicauda alleni Fujiwara, Conway & Motomura, 2021",EXACT,99,12189056,
Acentrogobius cyanomos,25062,Teleostei,Gobiiformes,Gobiidae,"Acentrogobius cyanomos (Bleeker, 1849)",EXACT,99,2376418,
Acentrogobius moloanus,23582,Teleostei,Gobiiformes,Gobiidae,"Acentrogobius moloanus (Herre, 1927)",EXACT,99,2375811,
Amblyeleotris diagonalis,13152,Teleostei,Gobiiformes,Gobiidae,"Amblyeleotris diagonalis Polunin & Lubbock, 1979",EXACT,99,2378809,
Amblyeleotris guttata,6671,Teleostei,Gobiiformes,Gobiidae,"Amblyeleotris guttata (Fowler, 1938)",EXACT,99,2378829,
Amblyeleotris latifasciata,47046,Teleostei,Gobiiformes,Gobiidae,"Amblyeleotris latifasciata Polunin & Lubbock, 1979",EXACT,99,2378800,
Amblyeleotris randalli,7232,Teleostei,Gobiiformes,Gobiidae,"Amblyeleotris randalli Hoese & Steene, 1978",EXACT,99,2378837,
Amblyeleotris rubrimarginata,61007,Teleostei,Gobiiformes,Gobiidae,"Amblyeleotris rubrimarginata Mohlmann & Randall, 2002",EXACT,99,2378856,
Amblygobius stethophthalmus,62722,Teleostei,Gobiiformes,Gobiidae,"Amblygobius stethophthalmus (Bleeker, 1851)",EXACT,99,2378295,
Amblyotrypauchen arctocephalus,59255,Teleostei,Gobiiformes,Gobiidae,"Amblyotrypauchen arctocephalus (Alcock, 1890)",EXACT,99,2378169,
Asterropteryx bipunctata,58617,Teleostei,Gobiiformes,Gobiidae,"Asterropteryx bipunctata Allen & Munday, 1995",EXACT,99,2378135,
Asterropteryx striata,58618,Teleostei,Gobiiformes,Gobiidae,"Asterropteryx striata Allen & Munday, 1995",EXACT,99,2378141,
Aulopareia caerulostellata,71724,Teleostei,Gobiiformes,Gobiidae,"Aulopareia Smith, 1945",HIGHERRANK,94,2378367,
Bathygobius fuscus,7201,Teleostei,Gobiiformes,Gobiidae,"Bathygobius fuscus (Rüppell, 1830)",EXACT,99,2377024,
Brachygobius aggregatus,11802,Teleostei,Gobiiformes,Gobiidae,"Brachygobius aggregatus Herre, 1940",EXACT,99,2377143,
Brachygobius doriae,25066,Teleostei,Gobiiformes,Gobiidae,"Brachygobius doriae (Günther, 1868)",EXACT,99,2377140,
Brachygobius kabiliensis,25067,Teleostei,Gobiiformes,Gobiidae,"Brachygobius kabiliensis Inger, 1958",EXACT,99,2377132,
Brachygobius nunus,25235,Teleostei,Gobiiformes,Gobiidae,"Brachygobius nunus (Hamilton, 1822)",EXACT,99,2377144,
Brachygobius xanthomelas,25069,Teleostei,Gobiiformes,Gobiidae,"Brachygobius xanthomelas Herre, 1937",EXACT,99,2377148,
Bryaninops natans,7205,Teleostei,Gobiiformes,Gobiidae,"Bryaninops natans Larson, 1985",EXACT,99,2375632,
Bryaninops tigris,7282,Teleostei,Gobiiformes,Gobiidae,"Bryaninops tigris Larson, 1985",EXACT,99,2375625,
Bryaninops yongei,7251,Teleostei,Gobiiformes,Gobiidae,"Bryaninops yongei (Davis & Cohen, 1969)",EXACT,99,2375637,
Cabillus lacertops,23692,Teleostei,Gobiiformes,Gobiidae,"Cabillus lacertops Smith, 1959",EXACT,99,2378764,
Callogobius clitellus,27559,Teleostei,Gobiiformes,Gobiidae,"Callogobius clitellus McKinney & Lachner, 1978",EXACT,99,2379351,
Cryptocentrus leptocephalus,25799,Teleostei,Gobiiformes,Gobiidae,"Cryptocentrus leptocephalus Bleeker, 1876",EXACT,99,5209071,
Cryptocentrus nigrocellatus,23637,Teleostei,Gobiiformes,Gobiidae,"Cryptocentrus nigrocellatus (Yanagisawa, 1978)",EXACT,99,5209066,
Cryptocentrus pavoninoides,59242,Teleostei,Gobiiformes,Gobiidae,"Cryptocentrus pavoninoides (Bleeker, 1849)",EXACT,99,5209063,
Cryptocentrus sericus,67818,Teleostei,Gobiiformes,Gobiidae,"Cryptocentrus sericus Herre, 1932",EXACT,99,8384404,
Ctenogobiops aurocingulus,7237,Teleostei,Gobiiformes,Gobiidae,"Ctenogobiops aurocingulus (Herre, 1935)",EXACT,99,2379159,
Discordipinna filamentosa,67394,Teleostei,Gobiiformes,Gobiidae,"Discordipinna filamentosa Chen, Suzuki & Shao, 2012",EXACT,99,8334731,
Discordipinna griessingeri,7212,Teleostei,Gobiiformes,Gobiidae,"Discordipinna griessingeri Hoese & Fourmanoir, 1978",EXACT,99,2378725,
Discordipinna vibrissa,71547,Teleostei,Gobiiformes,Gobiidae,"Discordipinna Hoese & Fourmanoir, 1978",HIGHERRANK,94,2378724,
Dotsugobius bleekeri,27566,Teleostei,Gobiiformes,Gobiidae,"Dotsugobius Shibukawa, Suzuki & Senou, 2014",HIGHERRANK,92,10476870,
Eugnathogobius ganuensis,71491,Teleostei,Gobiiformes,Gobiidae,"Eugnathogobius Smith, 1931",HIGHERRANK,94,2377529,
Eugnathogobius kabilia,25079,Teleostei,Gobiiformes,Gobiidae,"Eugnathogobius kabilia (Herre, 1940)",EXACT,99,5962108,
Eugnathogobius siamensis,26857,Teleostei,Gobiiformes,Gobiidae,"Eugnathogobius siamensis (Fowler, 1934)",EXACT,99,2377549,
Eviota atriventris,66457,Teleostei,Gobiiformes,Gobiidae,"Eviota atriventris Greenfield & Suzuki, 2012",EXACT,99,7193152,
Eviota bifasciata,7213,Teleostei,Gobiiformes,Gobiidae,"Eviota bifasciata Lachner & Karnella, 1980",EXACT,99,2376162,
Eviota pellucida,7269,Teleostei,Gobiiformes,Gobiidae,"Eviota pellucida Larson, 1976",EXACT,99,2376201,
Eviota prasites,7271,Teleostei,Gobiiformes,Gobiidae,"Eviota prasites Jordan & Seale, 1906",EXACT,99,2376195,
Eviota spilota,7638,Teleostei,Gobiiformes,Gobiidae,"Eviota spilota Lachner & Karnella, 1980",EXACT,99,2376148,
Exyrias puntang,377,Teleostei,Gobiiformes,Gobiidae,"Exyrias puntang (Bleeker, 1851)",EXACT,99,2375825,
Fusigobius signipinnis,7513,Teleostei,Gobiiformes,Gobiidae,"Fusigobius signipinnis Hoese & Obika, 1988",EXACT,99,2377762,
Glossogobius aureus,8250,Teleostei,Gobiiformes,Gobiidae,"Glossogobius aureus Akihito & Meguro, 1975",EXACT,99,2379425,
Glossogobius celebius,22501,Teleostei,Gobiiformes,Gobiidae,"Glossogobius celebius (Valenciennes, 1837)",EXACT,99,2379433,
Glossogobius circumspectus,25074,Teleostei,Gobiiformes,Gobiidae,"Glossogobius circumspectus (Macleay, 1883)",EXACT,99,2379427,
Glossogobius giuris,4833,Teleostei,Gobiiformes,Gobiidae,"Glossogobius giuris (Hamilton, 1822)",EXACT,99,2378087,
Gnatholepis yoshinoi,65197,Teleostei,Gobiiformes,Gobiidae,"Gnatholepis yoshinoi Suzuki & Randall, 2009",EXACT,99,2378716,
Gobiodon okinawae,7217,Teleostei,Gobiiformes,Gobiidae,"Gobiodon okinawae Sawada, Arai & Abe, 1972",EXACT,99,5208802,
Gobiodon quinquestrigatus,22462,Teleostei,Gobiiformes,Gobiidae,"Gobiodon quinquestrigatus (Valenciennes, 1837)",EXACT,99,5208814,
Gobiopsis quinquecincta,23663,Teleostei,Gobiiformes,Gobiidae,"Gobiopsis quinquecincta (Smith, 1931)",EXACT,99,2377189,
Gobiopterus chuno,25076,Teleostei,Gobiiformes,Gobiidae,"Gobiopterus chuno (Hamilton, 1822)",EXACT,99,2377305,
Grallenia lipi,63714,Teleostei,Gobiiformes,Gobiidae,"Grallenia lipi Shibukawa & Iwata, 2007",EXACT,99,2377851,
Grallenia rubrilineata,68356,Teleostei,Gobiiformes,Gobiidae,"Grallenia rubrilineata Allen & Erdmann, 2017",EXACT,99,9567622,
Hemigobius hoevenii,25078,Teleostei,Gobiiformes,Gobiidae,"Hemigobius hoevenii (Bleeker, 1851)",EXACT,99,2378191,
Istigobius diadema,25201,Teleostei,Gobiiformes,Gobiidae,"Istigobius diadema (Steindachner, 1876)",EXACT,99,2376235,
Istigobius ornatus,4322,Teleostei,Gobiiformes,Gobiidae,"Istigobius ornatus (Rüppell, 1830)",EXACT,99,2376240,
Koumansetta hectori,7242,Teleostei,Gobiiformes,Gobiidae,"Koumansetta hectori (Smith, 1957)",EXACT,99,4353598,
Mugilogobius mertoni,27416,Teleostei,Gobiiformes,Gobiidae,"Mugilogobius mertoni (Weber, 1911)",EXACT,99,2376879,
Mugilogobius rambaiae,27417,Teleostei,Gobiiformes,Gobiidae,"Mugilogobius rambaiae (Smith, 1945)",EXACT,99,2376853,
Mugilogobius tigrinus,59900,Teleostei,Gobiiformes,Gobiidae,"Mugilogobius tigrinus Larson, 2001",EXACT,99,2376882,
Oxyurichthys auchenolepis,59250,Teleostei,Gobiiformes,Gobiidae,"Oxyurichthys auchenolepis Bleeker, 1876",EXACT,99,2377999,
Oxyurichthys ophthalmonema,10298,Teleostei,Gobiiformes,Gobiidae,"Oxyurichthys ophthalmonema (Bleeker, 1856)",EXACT,99,2377994,
Oxyurichthys visayanus,8267,Teleostei,Gobiiformes,Gobiidae,"Oxyurichthys visayanus Herre, 1927",EXACT,99,2378022,
Palutrus scapulopunctatus,8408,Teleostei,Gobiiformes,Gobiidae,"Palutrus scapulopunctatus (de Beaufort, 1912)",EXACT,99,2377708,
Pandaka pygmaea,5460,Teleostei,Gobiiformes,Gobiidae,"Pandaka pygmaea Herre, 1927",EXACT,99,2377974,
Paragobiodon melanosoma,22489,Teleostei,Gobiiformes,Gobiidae,"Paragobiodon melanosomus (Bleeker, 1853)",FUZZY,95,2378098,
Paragobiodon xanthosoma,7220,Teleostei,Gobiiformes,Gobiidae,"Paragobiodon xanthosoma (Bleeker, 1853)",EXACT,99,2378101,
Paratrypauchen microcephalus,8214,Teleostei,Gobiiformes,Gobiidae,"Paratrypauchen microcephalus (Bleeker, 1860)",EXACT,99,2375464,
Parawaous megacephalus,25065,Teleostei,Gobiiformes,Gobiidae,"Parawaous megacephalus (Fowler, 1905)",EXACT,99,2378054,
Phyllogobius platycephalops,61315,Teleostei,Gobiiformes,Gobiidae,"Phyllogobius platycephalops (Smith, 1964)",EXACT,99,2378954,
Pleurosicya elongata,11618,Teleostei,Gobiiformes,Gobiidae,"Pleurosicya elongata Larson, 1990",EXACT,99,2375643,
Pleurosicya labiata,59437,Teleostei,Gobiiformes,Gobiidae,"Pleurosicya labiata (Weber, 1913)",EXACT,99,2375654,
Pleurosicya micheli,25509,Teleostei,Gobiiformes,Gobiidae,"Pleurosicya micheli Fourmanoir, 1971",EXACT,99,2375649,
Priolepis nocturna,25525,Teleostei,Gobiiformes,Gobiidae,"Priolepis nocturna (Smith, 1957)",EXACT,99,2378486,
Priolepis pallidicincta,56842,Teleostei,Gobiiformes,Gobiidae,"Priolepis pallidicincta Winterbottom & Burridge, 1993",EXACT,99,2378451,
Psammogobius biocellatus,9946,Teleostei,Gobiiformes,Gobiidae,"Psammogobius biocellatus (Valenciennes, 1837)",EXACT,99,2378083,
Pseudogobiopsis festiva,64897,Teleostei,Gobiiformes,Gobiidae,"Pseudogobiopsis festivus Larson, 2009",FUZZY,96,2377732,
Pseudogobiopsis oligactis,25089,Teleostei,Gobiiformes,Gobiidae,"Pseudogobiopsis oligactis (Bleeker, 1875)",EXACT,99,2377548,
Pseudogobiopsis paludosa,61419,Teleostei,Gobiiformes,Gobiidae,"Pseudogobiopsis paludosus (Herre, 1940)",FUZZY,96,5962087,
Pseudogobius avicennia,27420,Teleostei,Gobiiformes,Gobiidae,"Pseudogobius avicennia (Herre, 1940)",EXACT,99,2375909,
Pseudogobius fulvicaudus,67521,Teleostei,Gobiiformes,Gobiidae,"Pseudogobius fulvicaudus Huang, Shao & Chen, 2014",EXACT,99,7418105,
Pseudogobius melanosticta,59873,Teleostei,Gobiiformes,Gobiidae,"Pseudogobius melanostictus (Day, 1876)",FUZZY,96,2375903,
Pseudogobius poicilosoma,25093,Teleostei,Gobiiformes,Gobiidae,"Pseudogobius poicilosoma (Bleeker, 1849)",EXACT,99,2375921,
Pseudogobius verticalis,69771,Teleostei,Gobiiformes,Gobiidae,"Pseudogobius verticalis Larson & Hammer, 2021",EXACT,99,11116822,
Pseudotrypauchen multiradiatus,25124,Teleostei,Gobiiformes,Gobiidae,"Pseudotrypauchen multiradiatus Hardenberg, 1931",EXACT,99,2377524,
Redigobius balteatus,11817,Teleostei,Gobiiformes,Gobiidae,"Redigobius balteatus (Herre, 1935)",EXACT,99,2377453,
Redigobius bikolanus,11818,Teleostei,Gobiiformes,Gobiidae,"Redigobius bikolanus (Herre, 1927)",EXACT,99,2377402,
Redigobius isognathus,25098,Teleostei,Gobiiformes,Gobiidae,"Redigobius isognathus (Bleeker, 1878)",EXACT,99,2375920,
Stenogobius ingeri,25113,Teleostei,Gobiiformes,Gobiidae,"Stenogobius ingeri Watson, 1991",EXACT,99,2377228,
Stigmatogobius pleurostigma,25118,Teleostei,Gobiiformes,Gobiidae,"Stigmatogobius pleurostigma (Bleeker, 1849)",EXACT,99,2377735,
Stigmatogobius sadanundio,25119,Teleostei,Gobiiformes,Gobiidae,"Stigmatogobius sadanundio (Hamilton, 1822)",EXACT,99,2377748,
Stigmatogobius sella,25117,Teleostei,Gobiiformes,Gobiidae,"Stigmatogobius sella (Steindachner, 1881)",EXACT,99,2377740,
Stiphodon atropurpureus,51779,Teleostei,Gobiiformes,Gobiidae,"Stiphodon atropurpureus (Herre, 1927)",EXACT,99,2376130,
Stiphodon aureorostrum,63356,Teleostei,Gobiiformes,Gobiidae,"Stiphodon aureorostrum Chen & Tan, 2005",EXACT,99,2376107,
Taenioides anguillaris,25125,Teleostei,Gobiiformes,Gobiidae,"Taenioides anguillaris (Linnaeus, 1758)",EXACT,99,2378356,
Taenioides gracilis,10004,Teleostei,Gobiiformes,Gobiidae,"Taenioides gracilis (Valenciennes, 1837)",EXACT,99,2378340,
Tomiyamichthys nudus,66882,Teleostei,Gobiiformes,Gobiidae,"Tomiyamichthys nudus Allen & Erdmann, 2012",EXACT,99,8310110,
Tomiyamichthys oni,23644,Teleostei,Gobiiformes,Gobiidae,"Tomiyamichthys oni (Tomiyama, 1936)",EXACT,99,2378941,
Tomiyamichthys russus,59828,Teleostei,Gobiiformes,Gobiidae,"Tomiyamichthys russus (Cantor, 1849)",EXACT,99,2379006,
Tomiyamichthys smithi,61636,Teleostei,Gobiiformes,Gobiidae,"Tomiyamichthys smithi (Chen & Fang, 2003)",EXACT,99,2378939,
Trimma agrena,62959,Teleostei,Gobiiformes,Gobiidae,"Trimma agrena Winterbottom & Chen, 2004",EXACT,99,2378625,
Trimma hollemani,68090,Teleostei,Gobiiformes,Gobiidae,"Trimma hollemani Winterbottom, 2016",EXACT,99,9173877,
Trimma naudei,22495,Teleostei,Gobiiformes,Gobiidae,"Trimma naudei Smith, 1957",EXACT,99,2378587,
Trimma tevegae,12754,Teleostei,Gobiiformes,Gobiidae,"Trimma tevegae Cohen & Davis, 1969",EXACT,99,2378629,
Trypauchen pelaeos,63584,Teleostei,Gobiiformes,Gobiidae,"Trypauchen pelaeos Murdy, 2006",EXACT,99,2376783,
Trypauchen vagina,4897,Teleostei,Gobiiformes,Gobiidae,"Trypauchen vagina (Bloch & Schneider, 1801)",EXACT,99,2375465,
Trypauchenichthys sumatrensis,25127,Teleostei,Gobiiformes,Gobiidae,"Trypauchenichthys sumatrensis Hardenberg, 1931",EXACT,99,2375322,
Tryssogobius colini,61325,Teleostei,Gobiiformes,Gobiidae,"Tryssogobius colini Larson & Hoese, 2001",EXACT,99,2378204,
Valenciennea muralis,7226,Teleostei,Gobiiformes,Gobiidae,"Valenciennea muralis (Valenciennes, 1837)",EXACT,99,2377369,
Valenciennea randalli,12613,Teleostei,Gobiiformes,Gobiidae,"Valenciennea randalli Hoese & Larson, 1994",EXACT,99,2377361,
Valenciennea sexguttata,7227,Teleostei,Gobiiformes,Gobiidae,"Valenciennea sexguttata (Valenciennes, 1837)",EXACT,99,2377390,
Valenciennea yanoi,69085,Teleostei,Gobiiformes,Gobiidae,"Valenciennea yanoi Suzuki, Senou & Randall, 2016",EXACT,99,9058398,
Wuhanlinigobius malayensis,67295,Teleostei,Gobiiformes,Gobiidae,"Wuhanlinigobius malayensis Huang, Zeehan & Chen, 2013",EXACT,99,8086481,
Wuhanlinigobius polylepis,59237,Teleostei,Gobiiformes,Gobiidae,"Wuhanlinigobius polylepis (Wu & Ni, 1985)",EXACT,99,7422025,
Yongeichthys nebulosus,7228,Teleostei,Gobiiformes,Gobiidae,"Yongeichthys nebulosus (Forsskål, 1775)",EXACT,98,2378118,2378123
Grammistes sexlineatus,4925,Teleostei,Perciformes/Serranoidei,Grammistidae,"Grammistes sexlineatus (Thunberg, 1792)",EXACT,98,2387978,
Pogonoperca punctata,12727,Teleostei,Perciformes/Serranoidei,Grammistidae,"Pogonoperca punctata (Valenciennes, 1830)",EXACT,99,2387837,
Pseudogramma polyacanthus,7320,Teleostei,Perciformes/Serranoidei,Grammistidae,"Pseudogramma polyacantha (Bleeker, 1856)",FUZZY,96,5210089,
Gymnura japonica,11948,Elasmobranchii,Myliobatiformes,Gymnuridae,"Gymnura japonica (Temminck & Schlegel, 1850)",EXACT,99,5216230,
Gymnura poecilura,8260,Elasmobranchii,Myliobatiformes,Gymnuridae,"Gymnura poecilura (Shaw, 1804)",EXACT,99,5216217,
Gymnura zonura,12593,Elasmobranchii,Myliobatiformes,Gymnuridae,"Gymnura zonura (Bleeker, 1852)",EXACT,99,5216236,
Diagramma melanacrum,60078,Teleostei,Eupercaria/misc,Haemulidae,"Diagramma melanacrum Johnson & Randall, 2001",EXACT,99,5209592,
Diagramma pictum,4465,Teleostei,Eupercaria/misc,Haemulidae,"Diagramma pictum (Thunberg, 1792)",EXACT,99,5209594,
Plectorhinchus chrysotaenia,56810,Teleostei,Eupercaria/misc,Haemulidae,"Plectorhinchus chrysotaenia (Bleeker, 1855)",EXACT,99,2382760,
Plectorhinchus diagrammus,6628,Teleostei,Eupercaria/misc,Haemulidae,"Plectorhinchus diagrammus (Linnaeus, 1758)",EXACT,99,2382618,
Plectorhinchus gibbosus,6366,Teleostei,Eupercaria/misc,Haemulidae,"Plectorhinchus gibbosus (Lacepède, 1802)",EXACT,97,9815299,
Plectorhinchus lessonii,50052,Teleostei,Eupercaria/misc,Haemulidae,"Plectorhinchus lessonii (Cuvier, 1830)",EXACT,99,2382643,
Plectorhinchus lineatus,6940,Teleostei,Eupercaria/misc,Haemulidae,"Plectorhinchus lineatus (Linnaeus, 1758)",EXACT,99,2382650,
Plectorhinchus pica,6370,Teleostei,Eupercaria/misc,Haemulidae,"Plectorhinchus picus (Cuvier, 1828)",FUZZY,96,2382467,
Plectorhinchus pictus,8315,Teleostei,Eupercaria/misc,Haemulidae,"Plectorhinchus pictus (Tortonese, 1936)",EXACT,97,9713196,
Plectorhinchus polytaenia,8316,Teleostei,Eupercaria/misc,Haemulidae,"Plectorhinchus polytaenia (Bleeker, 1853)",EXACT,99,2382776,
Plectorhinchus vittatus,25706,Teleostei,Eupercaria/misc,Haemulidae,"Plectorhinchus vittatus (Linnaeus, 1758)",EXACT,99,2382755,
Pomadasys argenteus,399,Teleostei,Eupercaria/misc,Haemulidae,"Pomadasys argenteus (Forsskål, 1775)",EXACT,99,2382883,
Pomadasys auritus,60536,Teleostei,Eupercaria/misc,Haemulidae,"Pomadasys auritus (Cuvier, 1830)",EXACT,99,2382822,
Pomadasys commersonnii,5126,Teleostei,Eupercaria/misc,Haemulidae,"Pomadasys commersonnii (Lacepède, 1801)",EXACT,99,2382906,
Pomadasys kaakan,6006,Teleostei,Eupercaria/misc,Haemulidae,"Pomadasys kaakan (Cuvier, 1830)",EXACT,99,2382902,
Pomadasys maculatus,4447,Teleostei,Eupercaria/misc,Haemulidae,"Pomadasys maculatus (Bloch, 1793)",EXACT,99,2382925,
Pomadasys olivaceus,5518,Teleostei,Eupercaria/misc,Haemulidae,"Pomadasys olivaceus (Day, 1875)",EXACT,99,2382825,
Pomadasys unimaculatus,51125,Teleostei,Eupercaria/misc,Haemulidae,"Pomadasys unimaculatus Tian, 1982",EXACT,99,2382840,
Helostoma temminckii,500,Teleostei,Anabantiformes,Helostomatidae,"Helostoma temminckii Cuvier, 1829",EXACT,99,2392012,
Chaenogaleus macrostoma,5896,Elasmobranchii,Carcharhiniformes,Hemigaleidae,"Chaenogaleus macrostoma (Bleeker, 1852)",EXACT,99,2418756,
Hemigaleus microstoma,5897,Elasmobranchii,Carcharhiniformes,Hemigaleidae,"Hemigaleus microstoma Bleeker, 1852",EXACT,99,2418755,
Hemipristis elongata,5898,Elasmobranchii,Carcharhiniformes,Hemigaleidae,"Hemipristis elongata (Klunzinger, 1871)",EXACT,99,5215649,
Paragaleus tengi,5899,Elasmobranchii,Carcharhiniformes,Hemigaleidae,"Paragaleus tengi (Chen, 1963)",EXACT,99,2418767,
Hemiramphus archipelagicus,14303,Teleostei,Beloniformes,Hemiramphidae,"Hemiramphus archipelagicus Collette & Parin, 1978",EXACT,99,2368983,
Hemiramphus far,5404,Teleostei,Beloniformes,Hemiramphidae,"Hemiramphus far (Forsskål, 1775)",EXACT,99,2368968,
Hemiramphus lutkei,7709,Teleostei,Beloniformes,Hemiramphidae,"Hemiramphus lutkei Valenciennes, 1847",EXACT,99,2368955,
Hyporhamphus balinensis,16813,Teleostei,Beloniformes,Hemiramphidae,"Hyporhamphus balinensis (Bleeker, 1858)",EXACT,99,2368891,
Hyporhamphus dussumieri,12895,Teleostei,Beloniformes,Hemiramphidae,"Hyporhamphus dussumieri (Valenciennes, 1847)",EXACT,99,2368877,
Hyporhamphus limbatus,8313,Teleostei,Beloniformes,Hemiramphidae,"Hyporhamphus limbatus (Valenciennes, 1847)",EXACT,99,2368842,
Hyporhamphus melanopterus,16815,Teleostei,Beloniformes,Hemiramphidae,"Hyporhamphus melanopterus Collette & Parin, 1978",EXACT,99,2368931,
Hyporhamphus neglectus,16816,Teleostei,Beloniformes,Hemiramphidae,"Hyporhamphus neglectus (Bleeker, 1866)",EXACT,99,2368852,
Hyporhamphus quoyi,8262,Teleostei,Beloniformes,Hemiramphidae,"Hyporhamphus quoyi (Valenciennes, 1847)",EXACT,99,2368906,
Melapedalion breve,16879,Teleostei,Beloniformes,Hemiramphidae,"Melapedalion breve (Seale, 1910)",EXACT,99,2369057,
Oxyporhamphus convexus,16884,Teleostei,Beloniformes,Hemiramphidae,"Oxyporhamphus convexus (Weber & de Beaufort, 1922)",EXACT,98,2368727,5961088
Oxyporhamphus micropterus,12112,Teleostei,Beloniformes,Hemiramphidae,"Oxyporhamphus micropterus (Valenciennes, 1847)",EXACT,99,4286186,
Rhynchorhamphus georgii,4666,Teleostei,Beloniformes,Hemiramphidae,"Rhynchorhamphus georgii (Valenciennes, 1847)",EXACT,99,2368937,
Rhynchorhamphus naga,16892,Teleostei,Beloniformes,Hemiramphidae,"Rhynchorhamphus naga Collette, 1976",EXACT,99,2368948,
Chiloscyllium griseum,4304,Elasmobranchii,Orectolobiformes,Hemiscylliidae,"Chiloscyllium griseum Müller & Henle, 1838",EXACT,99,2417606,
Chiloscyllium hasseltii,54210,Elasmobranchii,Orectolobiformes,Hemiscylliidae,"Chiloscyllium hasseltii Bleeker, 1852",EXACT,99,2417603,
Chiloscyllium indicum,5900,Elasmobranchii,Orectolobiformes,Hemiscylliidae,"Chiloscyllium indicum (Gmelin, 1789)",EXACT,99,2417584,
Chiloscyllium plagiosum,5120,Elasmobranchii,Orectolobiformes,Hemiscylliidae,"Chiloscyllium plagiosum (Anonymous & Bennett, 1830)",EXACT,99,9495795,
Chiloscyllium punctatum,5903,Elasmobranchii,Orectolobiformes,Hemiscylliidae,"Chiloscyllium punctatum Müller & Henle, 1838",EXACT,99,2417604,
Hemiscyllium ocellatum,5906,Elasmobranchii,Orectolobiformes,Hemiscylliidae,"Hemiscyllium ocellatum (Bonnaterre, 1788)",EXACT,99,5215508,
Heterodontus zebra,746,Elasmobranchii,Heterodontiformes,Heterodontidae,"Heterodontus zebra (Gray, 1831)",EXACT,99,5215669,
Hexanchus griseus,637,Elasmobranchii,Hexanchiformes,Hexanchidae,"Hexanchus griseus (Bonnaterre, 1788)",EXACT,99,2420569,
Lophiocharon lithinostomus,47502,Teleostei,Lophiiformes,Histiophrynidae,"Lophiocharon lithinostomus (Jordan & Richardson, 1908)",EXACT,99,2414520,
Lophiocharon trisignatus,10330,Teleostei,Lophiiformes,Histiophrynidae,"Lophiocharon trisignatus (Richardson, 1844)",EXACT,99,2414524,
Myripristis adusta,6506,Teleostei,Holocentriformes,Holocentridae,"Myripristis adusta Bleeker, 1853",EXACT,99,2357018,
Myripristis berndti,4910,Teleostei,Holocentriformes,Holocentridae,"Myripristis berndti Jordan & Evermann, 1903",EXACT,99,2357002,
Myripristis botche,26201,Teleostei,Holocentriformes,Holocentridae,"Myripristis botche Cuvier, 1829",EXACT,99,2357010,
Myripristis hexagona,7305,Teleostei,Holocentriformes,Holocentridae,"Myripristis hexagona (Lacepède, 1802)",EXACT,99,2357039,
Myripristis kuntee,7306,Teleostei,Holocentriformes,Holocentridae,"Myripristis kuntee Valenciennes, 1831",EXACT,99,2356984,
Myripristis murdjan,5408,Teleostei,Holocentriformes,Holocentridae,"Myripristis murdjan (Forsskål, 1775)",EXACT,99,2356993,
Ostichthys japonicus,8265,Teleostei,Holocentriformes,Holocentridae,"Ostichthys japonicus (Cuvier, 1829)",EXACT,99,5204764,
Sargocentron cornutum,5406,Teleostei,Holocentriformes,Holocentridae,"Sargocentron cornutum (Bleeker, 1854)",EXACT,99,2356794,
Sargocentron microstoma,5841,Teleostei,Holocentriformes,Holocentridae,"Sargocentron microstoma (Günther, 1859)",EXACT,99,2356812,
Sargocentron rubrum,6625,Teleostei,Holocentriformes,Holocentridae,"Sargocentron rubrum (Forsskål, 1775)",EXACT,99,2356802,
Sargocentron spiniferum,6507,Teleostei,Holocentriformes,Holocentridae,"Sargocentron spiniferum (Forsskål, 1775)",EXACT,99,2356873,
Sargocentron tiere,4908,Teleostei,Holocentriformes,Holocentridae,"Sargocentron tiere (Cuvier, 1829)",EXACT,99,2356760,
Sargocentron violaceum,4909,Teleostei,Holocentriformes,Holocentridae,"Sargocentron violaceum (Bleeker, 1853)",EXACT,99,2356744,
Hoplichthys gilberti,8261,Teleostei,Perciformes/Scorpaenoidei,Hoplichthyidae,"Hoplichthys gilberti Jordan & Richardson, 1908",EXACT,99,2335088,
Indostomus paradoxus,4321,Teleostei,Synbranchiformes,Indostomidae,"Indostomus paradoxus Prashad & Mukerji, 1929",EXACT,99,2356564,
Istiompax indica,217,Teleostei,Carangiformes,Istiophoridae,"Istiompax indica (Cuvier, 1832)",EXACT,99,4285896,
Istiophorus platypterus,77,Teleostei,Carangiformes,Istiophoridae,"Istiophorus platypterus (Shaw, 1792)",EXACT,99,5211984,
Kajikia audax,223,Teleostei,Carangiformes,Istiophoridae,"Kajikia audax (Philippi, 1887)",EXACT,99,2397938,
Makaira mazara,218,Teleostei,Carangiformes,Istiophoridae,"Makaira mazara (Jordan & Snyder, 1901)",EXACT,99,2397867,
Kyphosus cinerascens,5805,Teleostei,Centrarchiformes,Kyphosidae,"Kyphosus cinerascens (Forsskål, 1775)",EXACT,99,2381309,
Kyphosus vaigiensis,5806,Teleostei,Centrarchiformes,Kyphosidae,"Kyphosus vaigiensis (Quoy & Gaimard, 1825)",EXACT,99,2381337,
Anampses geographicus,4891,Teleostei,Eupercaria/misc,Labridae,"Anampses geographicus Valenciennes, 1840",EXACT,99,2383474,
Bodianus bilunulatus,6580,Teleostei,Eupercaria/misc,Labridae,"Bodianus bilunulatus (Lacepède, 1801)",EXACT,99,5209697,
Bodianus dictynna,64242,Teleostei,Eupercaria/misc,Labridae,"Bodianus dictynna Gomon, 2006",EXACT,99,5209723,
Bodianus loxozonus,12744,Teleostei,Eupercaria/misc,Labridae,"Bodianus loxozonus (Snyder, 1908)",EXACT,99,5209683,
Bodianus macrourus,14334,Teleostei,Eupercaria/misc,Labridae,"Bodianus macrourus (Lacepède, 1801)",EXACT,99,5209685,
Bodianus mesothorax,5501,Teleostei,Eupercaria/misc,Labridae,"Bodianus mesothorax (Bloch & Schneider, 1801)",EXACT,99,5209690,
Bolbometopon muricatum,5537,Teleostei,Eupercaria/misc,Labridae,"Bolbometopon muricatum (Valenciennes, 1840)",EXACT,99,2393443,
Calotomus spinidens,4357,Teleostei,Eupercaria/misc,Labridae,"Calotomus spinidens (Quoy & Gaimard, 1824)",EXACT,99,2393855,
Cetoscarus ocellatus,66097,Teleostei,Eupercaria/misc,Labridae,"Cetoscarus ocellatus (Valenciennes, 1840)",EXACT,99,5788034,
Cheilinus chlorourus,5598,Teleostei,Eupercaria/misc,Labridae,"Cheilinus chlorourus (Bloch, 1791)",EXACT,99,2383308,
Cheilinus fasciatus,5600,Teleostei,Eupercaria/misc,Labridae,"Cheilinus fasciatus (Bloch, 1791)",EXACT,99,2383309,
Cheilinus trilobatus,5603,Teleostei,Eupercaria/misc,Labridae,"Cheilinus trilobatus Lacepède, 1801",EXACT,99,2383305,
Cheilinus undulatus,5604,Teleostei,Eupercaria/misc,Labridae,"Cheilinus undulatus Rüppell, 1835",EXACT,99,2383313,
Cheilio inermis,5623,Teleostei,Eupercaria/misc,Labridae,"Cheilio inermis (Forsskål, 1775)",EXACT,99,2383605,
Chlorurus bowersi,5542,Teleostei,Eupercaria/misc,Labridae,"Chlorurus bowersi (Snyder, 1909)",EXACT,99,5211128,
Chlorurus enneacanthus,7910,Teleostei,Eupercaria/misc,Labridae,"Chlorurus enneacanthus (Lacepède, 1802)",EXACT,99,5211141,
Chlorurus oedema,8394,Teleostei,Eupercaria/misc,Labridae,"Chlorurus oedema (Snyder, 1909)",EXACT,99,5211135,
Chlorurus sordidus,5556,Teleostei,Eupercaria/misc,Labridae,"Chlorurus sordidus (Forsskål, 1775)",EXACT,99,5211134,
Chlorurus spilurus,66478,Teleostei,Eupercaria/misc,Labridae,"Chlorurus spilurus (Valenciennes, 1840)",EXACT,99,5788023,
Choerodon anchorago,5502,Teleostei,Eupercaria/misc,Labridae,"Choerodon anchorago (Bloch, 1791)",EXACT,99,2382966,
Choerodon oligacanthus,8406,Teleostei,Eupercaria/misc,Labridae,"Choerodon oligacanthus (Bleeker, 1851)",EXACT,99,2382960,
Choerodon robustus,6926,Teleostei,Eupercaria/misc,Labridae,"Choerodon robustus (Günther, 1862)",EXACT,99,2382957,
Choerodon schoenleinii,6433,Teleostei,Eupercaria/misc,Labridae,"Choerodon schoenleinii (Valenciennes, 1839)",EXACT,99,2382984,
Choerodon typus,8304,Teleostei,Eupercaria/misc,Labridae,Chordata,HIGHERRANK,92,44,
Choerodon zosterophorus,51738,Teleostei,Eupercaria/misc,Labridae,"Choerodon zosterophorus (Bleeker, 1868)",EXACT,99,2382979,
Cirrhilabrus cyanogularis,68701,Teleostei,Eupercaria/misc,Labridae,"Cirrhilabrus cyanogularis Tea, Frable & Gill, 2018",EXACT,99,9792093,
Cirrhilabrus flavidorsalis,46517,Teleostei,Eupercaria/misc,Labridae,"Cirrhilabrus flavidorsalis Randall & Carpenter, 1980",EXACT,99,2383863,
Cirrhilabrus lubbocki,13041,Teleostei,Eupercaria/misc,Labridae,"Cirrhilabrus lubbocki Randall & Carpenter, 1980",EXACT,99,2383858,
Cirrhilabrus melanomarginatus,7585,Teleostei,Eupercaria/misc,Labridae,"Cirrhilabrus melanomarginatus Randall & Shen, 1978",EXACT,99,2383826,
Cirrhilabrus ryukyuensis,68720,Teleostei,Eupercaria/misc,Labridae,"Cirrhilabrus ryukyuensis Ishikawa, 1904",EXACT,98,2383834,2383829
Coris dorsomacula,6657,Teleostei,Eupercaria/misc,Labridae,"Coris dorsomacula Fowler, 1908",EXACT,99,5209823,
Coris gaimard,5625,Teleostei,Eupercaria/misc,Labridae,"Coris gaimard (Quoy & Gaimard, 1824)",EXACT,99,5209802,
Coris pictoides,5107,Teleostei,Eupercaria/misc,Labridae,"Coris pictoides Randall & Kuiter, 1982",EXACT,99,5209819,
Epibulus insidiator,5606,Teleostei,Eupercaria/misc,Labridae,"Epibulus insidiator (Pallas, 1770)",EXACT,99,2383808,
Gomphosus varius,5626,Teleostei,Eupercaria/misc,Labridae,"Gomphosus varius Lacepède, 1801",EXACT,99,2383021,
Halichoeres argus,4857,Teleostei,Eupercaria/misc,Labridae,"Halichoeres argus (Bloch & Schneider, 1801)",EXACT,99,2384250,
Halichoeres binotopsis,12789,Teleostei,Eupercaria/misc,Labridae,"Halichoeres binotopsis (Bleeker, 1849)",EXACT,99,2384216,
Halichoeres chloropterus,4859,Teleostei,Eupercaria/misc,Labridae,"Halichoeres chloropterus (Bloch, 1791)",EXACT,99,2384149,
Halichoeres erdmanni,65779,Teleostei,Eupercaria/misc,Labridae,"Halichoeres erdmanni Randall & Allen, 2010",EXACT,99,5962198,
Halichoeres hilomeni,65800,Teleostei,Eupercaria/misc,Labridae,"Halichoeres hilomeni Randall & Allen, 2010",EXACT,99,5962196,
Halichoeres kneri,68982,Teleostei,Eupercaria/misc,Labridae,"Halichoeres kneri Bleeker, 1862",EXACT,98,2384198,2384107
Halichoeres marginatus,5631,Teleostei,Eupercaria/misc,Labridae,"Halichoeres marginatus Rüppell, 1835",EXACT,99,2384102,
Halichoeres miniatus,6614,Teleostei,Eupercaria/misc,Labridae,"Halichoeres miniatus (Valenciennes, 1839)",EXACT,99,2384167,
Halichoeres podostigma,4861,Teleostei,Eupercaria/misc,Labridae,"Halichoeres podostigma (Bleeker, 1854)",EXACT,99,2384084,
Halichoeres scapularis,5633,Teleostei,Eupercaria/misc,Labridae,"Halichoeres scapularis (Bennett, 1832)",EXACT,99,2384164,
Halichoeres timorensis,4860,Teleostei,Eupercaria/misc,Labridae,"Halichoeres timorensis (Bleeker, 1852)",EXACT,99,2384106,
Hemigymnus melapterus,5636,Teleostei,Eupercaria/misc,Labridae,"Hemigymnus melapterus (Bloch, 1791)",EXACT,99,2383739,
Hipposcarus longiceps,5539,Teleostei,Eupercaria/misc,Labridae,"Hipposcarus longiceps (Valenciennes, 1840)",EXACT,99,2393846,
Hologymnosus annulatus,5637,Teleostei,Eupercaria/misc,Labridae,"Hologymnosus annulatus (Lacepède, 1801)",EXACT,99,2384442,
Iniistius evides,66411,Teleostei,Eupercaria/misc,Labridae,"Iniistius evides (Jordan & Richardson, 1909)",EXACT,99,5788072,
Labroides dimidiatus,5459,Teleostei,Eupercaria/misc,Labridae,"Labroides dimidiatus (Valenciennes, 1839)",EXACT,99,2383731,
Leptojulis cyanopleura,10576,Teleostei,Eupercaria/misc,Labridae,"Leptojulis cyanopleura (Bleeker, 1853)",EXACT,99,2383947,
Leptoscarus vaigiensis,4360,Teleostei,Eupercaria/misc,Labridae,"Leptoscarus vaigiensis (Quoy & Gaimard, 1824)",EXACT,99,2393824,
Macropharyngodon meleagris,4984,Teleostei,Eupercaria/misc,Labridae,"Macropharyngodon meleagris (Valenciennes, 1839)",EXACT,99,2383673,
Novaculichthys taeniourus,5610,Teleostei,Eupercaria/misc,Labridae,"Novaculichthys taeniourus (Lacepède, 1801)",EXACT,99,2383280,
Oxycheilinus digramma,5599,Teleostei,Eupercaria/misc,Labridae,"Oxycheilinus digramma (Lacepède, 1801)",EXACT,99,2384370,
Paracheilinus angulatus,4845,Teleostei,Eupercaria/misc,Labridae,"Paracheilinus angulatus Randall & Lubbock, 1981",EXACT,99,2383906,
Paracheilinus filamentosus,4844,Teleostei,Eupercaria/misc,Labridae,"Paracheilinus filamentosus Allen, 1974",EXACT,99,2383910,
Pseudocheilinus hexataenia,5617,Teleostei,Eupercaria/misc,Labridae,"Pseudocheilinus hexataenia (Bleeker, 1857)",EXACT,99,2383693,
Pseudocoris bleekeri,59631,Teleostei,Eupercaria/misc,Labridae,"Pseudocoris bleekeri (Hubrecht, 1876)",EXACT,99,2384319,
Pseudocoris heteroptera,11620,Teleostei,Eupercaria/misc,Labridae,"Pseudocoris heteroptera (Bleeker, 1857)",EXACT,99,2384324,
Pseudodax moluccanus,5594,Teleostei,Eupercaria/misc,Labridae,"Pseudodax moluccanus (Valenciennes, 1840)",EXACT,99,2383918,
Pteragogus guttatus,5621,Teleostei,Eupercaria/misc,Labridae,"Pteragogus guttatus (Fowler & Bean, 1928)",EXACT,99,2383574,
Scarus dimidiatus,4973,Teleostei,Eupercaria/misc,Labridae,"Scarus dimidiatus Bleeker, 1859",EXACT,99,2393705,
Scarus festivus,5544,Teleostei,Eupercaria/misc,Labridae,"Scarus festivus Valenciennes, 1840",EXACT,98,2393666,
Scarus ghobban,5548,Teleostei,Eupercaria/misc,Labridae,"Scarus ghobban Forsskål, 1775",EXACT,99,2393577,
Scarus globiceps,4970,Teleostei,Eupercaria/misc,Labridae,"Scarus globiceps Valenciennes, 1840",EXACT,99,2393782,
Scarus hypselopterus,12707,Teleostei,Eupercaria/misc,Labridae,"Scarus hypselopterus Bleeker, 1853",EXACT,99,2393716,
Scarus oviceps,5551,Teleostei,Eupercaria/misc,Labridae,"Scarus oviceps Valenciennes, 1840",EXACT,99,2393627,
Scarus prasiognathos,4971,Teleostei,Eupercaria/misc,Labridae,"Scarus prasiognathos Valenciennes, 1840",EXACT,99,2393756,
Scarus quoyi,5554,Teleostei,Eupercaria/misc,Labridae,"Scarus quoyi Valenciennes, 1840",EXACT,99,2393542,
Scarus rivulatus,4969,Teleostei,Eupercaria/misc,Labridae,"Scarus rivulatus Valenciennes, 1840",EXACT,97,2390341,
Scarus rubroviolaceus,5555,Teleostei,Eupercaria/misc,Labridae,"Scarus rubroviolaceus Bleeker, 1847",EXACT,99,2393790,
Scarus schlegeli,4975,Teleostei,Eupercaria/misc,Labridae,"Scarus schlegeli (Bleeker, 1861)",EXACT,99,2393714,
Scarus spinus,4974,Teleostei,Eupercaria/misc,Labridae,"Scarus spinus (Kner, 1868)",EXACT,99,2393729,
Scarus tricolor,6438,Teleostei,Eupercaria/misc,Labridae,"Scarus tricolor Bleeker, 1847",EXACT,99,2393638,
Stethojulis bandanensis,5640,Teleostei,Eupercaria/misc,Labridae,"Stethojulis bandanensis (Bleeker, 1851)",EXACT,99,2383402,
Stethojulis interrupta,6633,Teleostei,Eupercaria/misc,Labridae,"Stethojulis interrupta (Bleeker, 1851)",EXACT,99,2383427,
Stethojulis trilineata,6622,Teleostei,Eupercaria/misc,Labridae,"Stethojulis trilineata (Bloch & Schneider, 1801)",EXACT,99,2383415,
Thalassoma amblycephalum,5642,Teleostei,Eupercaria/misc,Labridae,"Thalassoma amblycephalum (Bleeker, 1856)",EXACT,99,2384453,
Thalassoma hardwicke,5643,Teleostei,Eupercaria/misc,Labridae,"Thalassoma hardwicke (Bennett, 1830)",EXACT,99,2384460,
Thalassoma jansenii,5644,Teleostei,Eupercaria/misc,Labridae,"Thalassoma jansenii (Bleeker, 1856)",EXACT,99,2384497,
Thalassoma lunare,5645,Teleostei,Eupercaria/misc,Labridae,"Thalassoma lunare (Linnaeus, 1758)",EXACT,99,2384468,
Thalassoma lutescens,5646,Teleostei,Eupercaria/misc,Labridae,"Thalassoma lutescens (Lay & Bennett, 1839)",EXACT,99,2384092,
Thalassoma pavo,2500,Teleostei,Eupercaria/misc,Labridae,"Thalassoma pavo (Linnaeus, 1758)",EXACT,99,2384491,
Thalassoma purpureum,5647,Teleostei,Eupercaria/misc,Labridae,"Thalassoma purpureum (Forsskål, 1775)",EXACT,99,2384522,
Thalassoma quinquevittatum,5648,Teleostei,Eupercaria/misc,Labridae,"Thalassoma quinquevittatum (Lay & Bennett, 1839)",EXACT,99,2384474,
Thalassoma trilobatum,5649,Teleostei,Eupercaria/misc,Labridae,"Thalassoma trilobatum (Lacepède, 1801)",EXACT,99,2384546,
Lactarius lactarius,363,Teleostei,Carangaria/misc,Lactariidae,"Lactarius lactarius (Bloch & Schneider, 1801)",EXACT,99,5210442,
Isurus oxyrinchus,752,Elasmobranchii,Lamniformes,Lamnidae,"Isurus oxyrinchus Rafinesque, 1810",EXACT,99,5216248,
Lates calcarifer,346,Teleostei,Carangaria/misc,Latidae,"Lates calcarifer (Bloch, 1790)",EXACT,99,2393172,
Psammoperca waigiensis,8212,Teleostei,Carangaria/misc,Latidae,"Psammoperca waigiensis (Cuvier, 1828)",EXACT,99,2393194,
Branchiostegus argentatus,4594,Teleostei,Eupercaria/misc,Latilidae,"Branchiostegus argentatus (Cuvier, 1830)",EXACT,99,2389891,
Aurigequula fasciata,4452,Teleostei,Acanthuriformes,Leiognathidae,"Aurigequula fasciata (Lacepède, 1803)",EXACT,99,8031079,
Aurigequula longispinis,59023,Teleostei,Acanthuriformes,Leiognathidae,"Aurigequula longispina (Valenciennes, 1835)",FUZZY,96,10245028,
Deveximentum hanedai,24805,Teleostei,Acanthuriformes,Leiognathidae,"Deveximentum hanedai (Mochizuki & Hayashi, 1989)",EXACT,98,11326359,2396210
Deveximentum insidiator,4455,Teleostei,Acanthuriformes,Leiognathidae,"Deveximentum insidiator (Bloch, 1787)",EXACT,98,11339420,2396198
Deveximentum megalolepis,24806,Teleostei,Acanthuriformes,Leiognathidae,"Deveximentum megalolepis (Mochizuki & Hayashi, 1989)",EXACT,98,10846464,2396190
Deveximentum ruconius,4811,Teleostei,Acanthuriformes,Leiognathidae,"Deveximentum Fowler, 1904",HIGHERRANK,94,4853429,
Equulites berbis,7748,Teleostei,Acanthuriformes,Leiognathidae,"Equulites Fowler, 1904",HIGHERRANK,94,2396324,
Equulites laterofenestra,63518,Teleostei,Acanthuriformes,Leiognathidae,"Equulites laterofenestra (Sparks & Chakrabarty, 2007)",EXACT,99,2396329,
Equulites leuciscus,4453,Teleostei,Acanthuriformes,Leiognathidae,"Equulites leuciscus (Günther, 1860)",EXACT,99,2396346,
Equulites oblongus,58321,Teleostei,Acanthuriformes,Leiognathidae,"Equulites oblongus (Valenciennes, 1835)",EXACT,98,5961958,5211416
Equulites popei,4450,Teleostei,Acanthuriformes,Leiognathidae,"Equulites popei (Whitley, 1932)",EXACT,98,10821211,2396355
Eubleekeria jonesi,63865,Teleostei,Acanthuriformes,Leiognathidae,"Eubleekeria jonesi (James, 1971)",EXACT,99,2396318,
Eubleekeria splendens,4454,Teleostei,Acanthuriformes,Leiognathidae,"Eubleekeria splendens (Cuvier, 1829)",EXACT,99,2396304,
Gazza achlamys,5797,Teleostei,Acanthuriformes,Leiognathidae,"Gazza achlamys Jordan & Starks, 1917",EXACT,99,5211394,
Gazza minuta,4462,Teleostei,Acanthuriformes,Leiognathidae,"Gazza minuta (Bloch, 1795)",EXACT,99,5211384,
Gazza rhombea,59084,Teleostei,Acanthuriformes,Leiognathidae,"Gazza rhombea Kimura, Yamashita & Iwatsuki, 2000",EXACT,99,5211393,
Karalla daura,4574,Teleostei,Acanthuriformes,Leiognathidae,"Karalla daura (Cuvier, 1829)",EXACT,99,5961960,
Leiognathus equula,4451,Teleostei,Acanthuriformes,Leiognathidae,"Leiognathus equulus (Forsskål, 1775)",FUZZY,96,5211415,
Nuchequula gerreoides,4809,Teleostei,Acanthuriformes,Leiognathidae,"Nuchequula gerreoides (Bleeker, 1851)",EXACT,99,2396234,
Photopectoralis bindus,4449,Teleostei,Acanthuriformes,Leiognathidae,"Photopectoralis bindus (Valenciennes, 1835)",EXACT,99,2396182,
Leptobarbus hoevenii,4797,Teleostei,Cypriniformes,Leptobarbidae,"Leptobarbus hoevenii (Bleeker, 1851)",EXACT,99,2365645,
Leptobarbus hosii,17413,Teleostei,Cypriniformes,Leptobarbidae,"Leptobarbus hosii (Regan, 1906)",EXACT,99,2365642,
Leptobarbus melanotaenia,5438,Teleostei,Cypriniformes,Leptobarbidae,"Leptobarbus melanotaenia Boulenger, 1894",EXACT,99,2365644,
Gnathodentex aureolineatus,1832,Teleostei,Eupercaria/misc,Lethrinidae,"Gnathodentex aureolineatus (Lacepède, 1802)",EXACT,99,2374957,
Gymnocranius elongatus,8084,Teleostei,Eupercaria/misc,Lethrinidae,"Gymnocranius elongatus Senta, 1973",EXACT,99,2374996,
Gymnocranius euanus,1837,Teleostei,Eupercaria/misc,Lethrinidae,"Gymnocranius euanus (Günther, 1879)",EXACT,99,2374973,
Gymnocranius frenatus,1838,Teleostei,Eupercaria/misc,Lethrinidae,"Gymnocranius frenatus Bleeker, 1873",EXACT,99,2374999,
Gymnocranius grandoculis,1834,Teleostei,Eupercaria/misc,Lethrinidae,"Gymnocranius grandoculis (Valenciennes, 1830)",EXACT,99,2374977,
Gymnocranius griseus,1833,Teleostei,Eupercaria/misc,Lethrinidae,"Gymnocranius griseus (Temminck & Schlegel, 1843)",EXACT,99,2374861,
Gymnocranius microdon,1839,Teleostei,Eupercaria/misc,Lethrinidae,"Gymnocranius microdon (Bleeker, 1851)",EXACT,99,2375000,
Lethrinus amboinensis,1853,Teleostei,Eupercaria/misc,Lethrinidae,"Lethrinus amboinensis Bleeker, 1854",EXACT,99,2374887,
Lethrinus atkinsoni,1854,Teleostei,Eupercaria/misc,Lethrinidae,"Lethrinus atkinsoni Seale, 1910",EXACT,99,2374866,
Lethrinus erythracanthus,1862,Teleostei,Eupercaria/misc,Lethrinidae,"Lethrinus erythracanthus Valenciennes, 1830",EXACT,99,2374914,
Lethrinus erythropterus,1842,Teleostei,Eupercaria/misc,Lethrinidae,"Lethrinus erythropterus Valenciennes, 1830",EXACT,99,2374916,
Lethrinus genivittatus,1865,Teleostei,Eupercaria/misc,Lethrinidae,"Lethrinus genivittatus Valenciennes, 1830",EXACT,99,2374864,
Lethrinus harak,1851,Teleostei,Eupercaria/misc,Lethrinidae,"Lethrinus harak (Forsskål, 1775)",EXACT,99,2374898,
Lethrinus lentjan,1863,Teleostei,Eupercaria/misc,Lethrinidae,"Lethrinus lentjan (Lacepède, 1802)",EXACT,99,2374823,
Lethrinus mahsena,1843,Teleostei,Eupercaria/misc,Lethrinidae,"Lethrinus mahsena (Forsskål, 1775)",EXACT,99,2374845,
Lethrinus microdon,1845,Teleostei,Eupercaria/misc,Lethrinidae,"Lethrinus microdon Valenciennes, 1830",EXACT,99,2374870,
Lethrinus miniatus,1858,Teleostei,Eupercaria/misc,Lethrinidae,"Lethrinus miniatus (Forster, 1801)",EXACT,99,2374857,
Lethrinus nebulosus,1846,Teleostei,Eupercaria/misc,Lethrinidae,"Lethrinus nebulosus (Forsskål, 1775)",EXACT,99,2374885,
Lethrinus obsoletus,1847,Teleostei,Eupercaria/misc,Lethrinidae,"Lethrinus obsoletus (Forsskål, 1775)",EXACT,99,2374840,
Lethrinus olivaceus,1864,Teleostei,Eupercaria/misc,Lethrinidae,"Lethrinus olivaceus Valenciennes, 1830",EXACT,99,2374850,
Lethrinus ornatus,1866,Teleostei,Eupercaria/misc,Lethrinidae,"Lethrinus ornatus Valenciennes, 1830",EXACT,97,2374922,
Lethrinus reticulatus,1859,Teleostei,Eupercaria/misc,Lethrinidae,"Lethrinus reticulatus Valenciennes, 1830",EXACT,99,2374873,
Lethrinus rubrioperculatus,1848,Teleostei,Eupercaria/misc,Lethrinidae,"Lethrinus rubrioperculatus Sato, 1978",EXACT,99,2374858,
Lethrinus semicinctus,1849,Teleostei,Eupercaria/misc,Lethrinidae,"Lethrinus semicinctus Valenciennes, 1830",EXACT,99,2374875,
Lethrinus variegatus,1850,Teleostei,Eupercaria/misc,Lethrinidae,"Lethrinus variegatus Valenciennes, 1830",EXACT,99,2374876,
Lethrinus xanthochilus,1852,Teleostei,Eupercaria/misc,Lethrinidae,"Lethrinus xanthochilus Klunzinger, 1870",EXACT,99,2374879,
Monotaxis grandoculis,1869,Teleostei,Eupercaria/misc,Lethrinidae,"Monotaxis grandoculis (Forsskål, 1775)",EXACT,99,5208715,
Monotaxis heterodon,68239,Teleostei,Eupercaria/misc,Lethrinidae,"Monotaxis heterodon (Bleeker, 1854)",EXACT,99,9556328,
Wattsia mossambica,1870,Teleostei,Eupercaria/misc,Lethrinidae,"Wattsia mossambica (Smith, 1957)",EXACT,99,5208713,
Belonoperca chabanaudi,12622,Teleostei,Perciformes/Serranoidei,Liopropomatidae,"Belonoperca chabanaudi Fowler & Bean, 1930",EXACT,99,2387698,
Diploprion bifasciatus,6603,Teleostei,Perciformes/Serranoidei,Liopropomatidae,"Diploprion bifasciatum Cuvier, 1828",FUZZY,96,9567728,
Liopropoma susumi,7318,Teleostei,Perciformes/Serranoidei,Liopropomatidae,"Liopropoma susumi (Jordan & Seale, 1906)",EXACT,99,2387894,
Datnioides polota,14698,Teleostei,Acanthuriformes,Lobotidae,"Datnioides polota (Hamilton, 1822)",EXACT,99,5210840,
Lobotes surinamensis,1077,Teleostei,Acanthuriformes,Lobotidae,"Lobotes surinamensis (Bloch, 1790)",EXACT,99,2379457,
Lophiomus setigerus,7517,Teleostei,Lophiiformes,Lophiidae,"Lophiomus setigerus (Vahl, 1797)",EXACT,99,2415061,
Hypostomus plecostomus,3057,Teleostei,Siluriformes,Loricariidae,"Hypostomus plecostomus (Linnaeus, 1758)",EXACT,99,5202178,
Pterygoplichthys pardalis,25741,Teleostei,Siluriformes,Loricariidae,"Pterygoplichthys pardalis (Castelnau, 1855)",EXACT,99,2339971,
Aphareus furca,81,Teleostei,Eupercaria/misc,Lutjanidae,"Aphareus furca (Lacepède, 1801)",EXACT,99,5209911,
Aphareus rutilans,83,Teleostei,Eupercaria/misc,Lutjanidae,"Aphareus rutilans Cuvier, 1830",EXACT,99,5209907,
Aprion virescens,84,Teleostei,Eupercaria/misc,Lutjanidae,Animalia,HIGHERRANK,97,1,
Caesio caerulaurea,918,Teleostei,Eupercaria/misc,Lutjanidae,"Caesio caerulaurea Lacepède, 1801",EXACT,99,2374779,
Caesio cuning,919,Teleostei,Eupercaria/misc,Lutjanidae,"Caesio cuning (Bloch, 1791)",EXACT,99,2374789,
Caesio lunaris,920,Teleostei,Eupercaria/misc,Lutjanidae,"Caesio lunaris Cuvier, 1830",EXACT,99,2374772,
Caesio teres,923,Teleostei,Eupercaria/misc,Lutjanidae,"Caesio teres Seale, 1906",EXACT,99,2374798,
Caesio xanthonota,927,Teleostei,Eupercaria/misc,Lutjanidae,"Caesio xanthonota Bleeker, 1853",EXACT,99,2374795,
Dipterygonotus balteatus,928,Teleostei,Eupercaria/misc,Lutjanidae,"Dipterygonotus balteatus (Valenciennes, 1830)",EXACT,99,2374804,
Etelis carbunculus,87,Teleostei,Eupercaria/misc,Lutjanidae,"Etelis carbunculus Cuvier, 1828",EXACT,99,2385134,
Etelis coruscans,1385,Teleostei,Eupercaria/misc,Lutjanidae,"Etelis coruscans Valenciennes, 1862",EXACT,99,2385135,
Etelis radiosus,1392,Teleostei,Eupercaria/misc,Lutjanidae,"Etelis radiosus Anderson, 1981",EXACT,99,2385139,
Gymnocaesio gymnoptera,929,Teleostei,Eupercaria/misc,Lutjanidae,"Gymnocaesio gymnoptera (Bleeker, 1856)",EXACT,99,2374814,
Lipocheilus carnolabrum,1394,Teleostei,Eupercaria/misc,Lutjanidae,"Lipocheilus carnolabrum (Chan, 1970)",EXACT,99,2385250,
Lutjanus argentimaculatus,1407,Teleostei,Eupercaria/misc,Lutjanidae,"Lutjanus argentimaculatus (Forsskål, 1775)",EXACT,99,2385069,
Lutjanus bengalensis,1409,Teleostei,Eupercaria/misc,Lutjanidae,"Lutjanus bengalensis (Bloch, 1790)",EXACT,99,2384951,
Lutjanus biguttatus,1410,Teleostei,Eupercaria/misc,Lutjanidae,"Lutjanus biguttatus (Valenciennes, 1830)",EXACT,99,2384905,
Lutjanus bohar,1417,Teleostei,Eupercaria/misc,Lutjanidae,"Lutjanus bohar (Forsskål, 1775)",EXACT,99,2384758,
Lutjanus boutton,1418,Teleostei,Eupercaria/misc,Lutjanidae,"Lutjanus boutton (Lacepède, 1802)",EXACT,99,2384967,
Lutjanus carponotatus,1424,Teleostei,Eupercaria/misc,Lutjanidae,"Lutjanus carponotatus (Richardson, 1842)",EXACT,99,2384805,
Lutjanus decussatus,1428,Teleostei,Eupercaria/misc,Lutjanidae,"Lutjanus decussatus (Cuvier, 1828)",EXACT,99,2384996,
Lutjanus ehrenbergii,793,Teleostei,Eupercaria/misc,Lutjanidae,"Lutjanus ehrenbergii (Peters, 1869)",EXACT,99,2385008,
Lutjanus erythropterus,1406,Teleostei,Eupercaria/misc,Lutjanidae,"Lutjanus erythropterus Bloch, 1790",EXACT,99,2384787,
Lutjanus fulviflamma,261,Teleostei,Eupercaria/misc,Lutjanidae,"Lutjanus fulviflamma (Forsskål, 1775)",EXACT,99,2384777,
Lutjanus fulvus,262,Teleostei,Eupercaria/misc,Lutjanidae,"Lutjanus fulvus (Forster, 1801)",EXACT,99,2385096,
Lutjanus gibbus,265,Teleostei,Eupercaria/misc,Lutjanidae,"Lutjanus gibbus (Forsskål, 1775)",EXACT,99,2385035,
Lutjanus goldiei,1441,Teleostei,Eupercaria/misc,Lutjanidae,"Lutjanus goldiei (Macleay, 1882)",EXACT,99,2384832,
Lutjanus johnii,264,Teleostei,Eupercaria/misc,Lutjanidae,"Lutjanus johnii (Bloch, 1792)",EXACT,99,2384936,
Lutjanus kasmira,156,Teleostei,Eupercaria/misc,Lutjanidae,"Lutjanus kasmira (Forsskål, 1775)",EXACT,99,2385129,
Lutjanus lemniscatus,157,Teleostei,Eupercaria/misc,Lutjanidae,"Lutjanus lemniscatus (Valenciennes, 1828)",EXACT,99,2384869,
Lutjanus lunulatus,158,Teleostei,Eupercaria/misc,Lutjanidae,"Lutjanus lunulatus (Park, 1797)",EXACT,99,2384917,
Lutjanus lutjanus,159,Teleostei,Eupercaria/misc,Lutjanidae,"Lutjanus lutjanus Bloch, 1790",EXACT,99,2384741,
Lutjanus madras,160,Teleostei,Eupercaria/misc,Lutjanidae,"Lutjanus madras (Valenciennes, 1831)",EXACT,99,2384965,
Lutjanus malabaricus,162,Teleostei,Eupercaria/misc,Lutjanidae,"Lutjanus malabaricus (Bloch & Schneider, 1801)",EXACT,99,2384789,
Lutjanus maxweberi,164,Teleostei,Eupercaria/misc,Lutjanidae,"Lutjanus maxweberi Popta, 1921",EXACT,99,2384852,
Lutjanus monostigma,166,Teleostei,Eupercaria/misc,Lutjanidae,"Lutjanus monostigma (Cuvier, 1828)",EXACT,99,2385027,
Lutjanus notatus,168,Teleostei,Eupercaria/misc,Lutjanidae,"Lutjanus notatus (Cuvier, 1828)",EXACT,99,2384968,
Lutjanus quinquelineatus,172,Teleostei,Eupercaria/misc,Lutjanidae,"Lutjanus quinquelineatus (Bloch, 1790)",EXACT,99,2384881,
Lutjanus rivulatus,173,Teleostei,Eupercaria/misc,Lutjanidae,"Lutjanus rivulatus (Cuvier, 1828)",EXACT,99,2384813,
Lutjanus russellii,176,Teleostei,Eupercaria/misc,Lutjanidae,"Lutjanus russellii (Bleeker, 1849)",EXACT,99,2385118,
Lutjanus sanguineus,177,Teleostei,Eupercaria/misc,Lutjanidae,"Lutjanus sanguineus (Cuvier, 1828)",EXACT,99,2384831,
Lutjanus sebae,178,Teleostei,Eupercaria/misc,Lutjanidae,"Lutjanus sebae (Cuvier, 1816)",EXACT,99,2384899,
Lutjanus vitta,184,Teleostei,Eupercaria/misc,Lutjanidae,"Lutjanus vitta (Quoy & Gaimard, 1824)",EXACT,99,2384771,
Lutjanus xanthopinnis,68664,Teleostei,Eupercaria/misc,Lutjanidae,"Lutjanus xanthopinnis Iwatsuki, Tanaka & Allen, 2015",EXACT,99,8991695,
Macolor macularis,186,Teleostei,Eupercaria/misc,Lutjanidae,"Macolor macularis Fowler, 1931",EXACT,99,2385209,
Macolor niger,187,Teleostei,Eupercaria/misc,Lutjanidae,"Macolor niger (Forsskål, 1775)",EXACT,99,2385207,
Paracaesio kusakarii,191,Teleostei,Eupercaria/misc,Lutjanidae,"Paracaesio kusakarii Abe, 1960",EXACT,99,2384698,
Paracaesio sordida,192,Teleostei,Eupercaria/misc,Lutjanidae,"Paracaesio sordida Abe & Shinohara, 1962",EXACT,99,2384715,
Paracaesio xanthurus,194,Teleostei,Eupercaria/misc,Lutjanidae,"Paracaesio xanthura (Bleeker, 1869)",FUZZY,96,2384699,
Pinjalo lewisi,8430,Teleostei,Eupercaria/misc,Lutjanidae,"Pinjalo lewisi Randall, Allen & Anderson, 1987",EXACT,99,2385246,
Pinjalo pinjalo,196,Teleostei,Eupercaria/misc,Lutjanidae,"Pinjalo pinjalo (Bleeker, 1850)",EXACT,99,2385238,
Pristipomoides filamentosus,201,Teleostei,Eupercaria/misc,Lutjanidae,"Pristipomoides filamentosus (Valenciennes, 1830)",EXACT,99,2385153,
Pristipomoides multidens,208,Teleostei,Eupercaria/misc,Lutjanidae,"Pristipomoides multidens (Day, 1871)",EXACT,99,2385170,
Pristipomoides sieboldii,209,Teleostei,Eupercaria/misc,Lutjanidae,"Pristipomoides sieboldii (Bleeker, 1855)",EXACT,99,2385181,
Pristipomoides typus,210,Teleostei,Eupercaria/misc,Lutjanidae,"Pristipomoides typus Bleeker, 1852",EXACT,99,2385162,
Pristipomoides zonatus,211,Teleostei,Eupercaria/misc,Lutjanidae,"Pristipomoides zonatus (Valenciennes, 1830)",EXACT,99,2385192,
Pterocaesio chrysozona,932,Teleostei,Eupercaria/misc,Lutjanidae,"Pterocaesio chrysozona (Cuvier, 1830)",EXACT,99,2374755,
Pterocaesio digramma,933,Teleostei,Eupercaria/misc,Lutjanidae,"Pterocaesio digramma (Bleeker, 1864)",EXACT,99,2374768,
Pterocaesio marri,935,Teleostei,Eupercaria/misc,Lutjanidae,"Pterocaesio marri Schultz, 1953",EXACT,99,2374765,
Pterocaesio pisang,936,Teleostei,Eupercaria/misc,Lutjanidae,"Pterocaesio pisang (Bleeker, 1853)",EXACT,99,2374738,
Pterocaesio randalli,937,Teleostei,Eupercaria/misc,Lutjanidae,"Pterocaesio randalli Carpenter, 1987",EXACT,99,2374741,
Pterocaesio tessellata,938,Teleostei,Eupercaria/misc,Lutjanidae,"Pterocaesio tessellata Carpenter, 1987",EXACT,99,2374749,
Pterocaesio tile,939,Teleostei,Eupercaria/misc,Lutjanidae,"Pterocaesio tile (Cuvier, 1830)",EXACT,99,2374759,
Pterocaesio trilineata,1886,Teleostei,Eupercaria/misc,Lutjanidae,"Pterocaesio trilineata Carpenter, 1987",EXACT,99,2374744,
Symphorichthys spilurus,214,Teleostei,Eupercaria/misc,Lutjanidae,"Symphorichthys spilurus (Günther, 1874)",EXACT,99,2384695,
Symphorus nematophorus,215,Teleostei,Eupercaria/misc,Lutjanidae,"Symphorus nematophorus (Bleeker, 1860)",EXACT,99,2385261,
Coelorinchus commutabilis,52159,Teleostei,Gadiformes,Macrouridae,"Coelorinchus commutabilis Smith & Radcliffe, 1912",EXACT,99,2416364,
Malacocephalus laevis,4989,Teleostei,Gadiformes,Macrouridae,"Malacocephalus laevis (Lowe, 1843)",EXACT,99,5215092,
Nezumia evides,58862,Teleostei,Gadiformes,Macrouridae,"Nezumia evides (Gilbert & Hubbs, 1920)",EXACT,99,2416885,
Nezumia infranudis,52382,Teleostei,Gadiformes,Macrouridae,"Nezumia infranudis (Gilbert & Hubbs, 1920)",EXACT,99,2416917,
Ventrifossa petersonii,8694,Teleostei,Gadiformes,Macrouridae,"Ventrifossa petersonii (Alcock, 1891)",EXACT,99,2417010,
Macrognathus aculeatus,5152,Teleostei,Synbranchiformes,Mastacembelidae,"Macrognathus aculeatus (Bloch, 1786)",EXACT,99,5204062,
Macrognathus circumcinctus,55327,Teleostei,Synbranchiformes,Mastacembelidae,"Macrognathus circumcinctus (Hora, 1924)",EXACT,99,5204067,
Macrognathus keithi,25156,Teleostei,Synbranchiformes,Mastacembelidae,"Macrognathus keithi (Herre, 1940)",EXACT,99,5204065,
Macrognathus maculatus,25157,Teleostei,Synbranchiformes,Mastacembelidae,"Macrognathus maculatus (Cuvier, 1832)",EXACT,99,5204053,
Mastacembelus armatus,10140,Teleostei,Synbranchiformes,Mastacembelidae,"Mastacembelus armatus (Lacepède, 1800)",EXACT,99,2351784,
Mastacembelus erythrotaenia,12026,Teleostei,Synbranchiformes,Mastacembelidae,"Mastacembelus erythrotaenia Bleeker, 1850",EXACT,99,2351804,
Mastacembelus notophthalmus,25158,Teleostei,Synbranchiformes,Mastacembelidae,"Mastacembelus notophthalmus Roberts, 1989",EXACT,99,2351732,
Mastacembelus unicolor,25160,Teleostei,Synbranchiformes,Mastacembelidae,"Mastacembelus unicolor Cuvier, 1832",EXACT,98,9413706,
Megalops cyprinoides,227,Teleostei,Elopiformes,Megalopidae,"Megalops cyprinoides (Broussonet, 1782)",EXACT,99,5203127,
Mene maculata,390,Teleostei,Carangaria/misc,Menidae,"Mene maculata (Bloch & Schneider, 1801)",EXACT,99,2391421,
Parioglossus raoi,15881,Teleostei,Gobiiformes,Microdesmidae,"Parioglossus raoi (Herre, 1939)",EXACT,99,2385781,
Ptereleotris microlepis,4381,Teleostei,Gobiiformes,Microdesmidae,"Ptereleotris microlepis (Bleeker, 1856)",EXACT,99,2385801,
Mobula eregoodoo,25622,Elasmobranchii,Myliobatiformes,Mobulidae,"Mobula eregoodoo (Bleeker, 1859)",EXACT,97,2419209,
Mobula kuhlii,27177,Elasmobranchii,Myliobatiformes,Mobulidae,"Mobula kuhlii (Müller & Henle, 1841)",EXACT,98,2419221,
Mobula mobular,7618,Elasmobranchii,Myliobatiformes,Mobulidae,"Mobula mobular (Bonnaterre, 1788)",EXACT,99,2419188,
Masturus lanceolatus,10207,Teleostei,Tetraodontiformes,Molidae,"Masturus lanceolatus (Liénard, 1840)",EXACT,99,2407925,
Mola mola,1732,Teleostei,Tetraodontiformes,Molidae,"Mola mola (Linnaeus, 1758)",EXACT,99,5213725,
Acreichthys tomentosus,7849,Teleostei,Tetraodontiformes,Monacanthidae,"Acreichthys tomentosus (Linnaeus, 1758)",EXACT,99,2406930,
Aluterus monoceros,4274,Teleostei,Tetraodontiformes,Monacanthidae,"Aluterus monoceros (Linnaeus, 1758)",EXACT,99,2406708,
Aluterus scriptus,4275,Teleostei,Tetraodontiformes,Monacanthidae,"Aluterus scriptus (Osbeck, 1765)",EXACT,99,2406721,
Anacanthus barbatus,8178,Teleostei,Tetraodontiformes,Monacanthidae,"Anacanthus barbatus Gray, 1830",EXACT,99,5213465,
Chaetodermis penicilligerus,7975,Teleostei,Tetraodontiformes,Monacanthidae,"Chaetodermis penicilligerus (Cuvier, 1816)",EXACT,99,2406690,
Monacanthus chinensis,7976,Teleostei,Tetraodontiformes,Monacanthidae,"Monacanthus chinensis (Osbeck, 1765)",EXACT,99,2406878,
Paramonacanthus choirocephalus,26659,Teleostei,Tetraodontiformes,Monacanthidae,"Paramonacanthus choirocephalus (Bleeker, 1851)",EXACT,99,5213418,
Paramonacanthus japonicus,7977,Teleostei,Tetraodontiformes,Monacanthidae,"Paramonacanthus japonicus (Tilesius, 1809)",EXACT,99,5213424,
Paramonacanthus sulcatus,54598,Teleostei,Tetraodontiformes,Monacanthidae,"Paramonacanthus sulcatus (Hollard, 1854)",EXACT,99,5213432,
Pervagor nigrolineatus,4371,Teleostei,Tetraodontiformes,Monacanthidae,"Pervagor nigrolineatus (Herre, 1927)",EXACT,99,2406806,
Pseudomonacanthus macrurus,10598,Teleostei,Tetraodontiformes,Monacanthidae,"Pseudomonacanthus macrurus (Bleeker, 1856)",EXACT,99,2407022,
Rudarius excelsus,7988,Teleostei,Tetraodontiformes,Monacanthidae,"Rudarius excelsus Hutchins, 1977",EXACT,99,2407031,
Rudarius minutus,7989,Teleostei,Tetraodontiformes,Monacanthidae,"Rudarius minutus Tyler, 1970",EXACT,99,2407034,
Thamnaconus modestus,6611,Teleostei,Tetraodontiformes,Monacanthidae,"Thamnaconus modestus (Günther, 1877)",EXACT,99,2406652,
Thamnaconus tessellatus,8302,Teleostei,Tetraodontiformes,Monacanthidae,"Thamnaconus tessellatus (Günther, 1880)",EXACT,99,2406670,
Monocentris japonica,8183,Teleostei,Trachichthyiformes,Monocentridae,"Monocentris japonica (Houttuyn, 1782)",EXACT,99,2356699,
Monodactylus argenteus,5807,Teleostei,Eupercaria/misc,Monodactylidae,"Monodactylus argenteus (Linnaeus, 1758)",EXACT,99,5211117,
Ellochelon vaigiensis,5656,Teleostei,Mugiliformes,Mugilidae,"Ellochelon vaigiensis (Quoy & Gaimard, 1825)",EXACT,99,2400831,
Moolgarda seheli,5659,Teleostei,Mugiliformes,Mugilidae,"Moolgarda seheli (Forsskål, 1775)",EXACT,98,2401003,9483055
Mugil cephalus,785,Teleostei,Mugiliformes,Mugilidae,"Mugil cephalus Linnaeus, 1758",EXACT,99,8189568,
Osteomugil cunnesius,4700,Teleostei,Mugiliformes,Mugilidae,"Osteomugil cunnesius (Valenciennes, 1836)",EXACT,99,9446723,
Osteomugil speigleri,8320,Teleostei,Mugiliformes,Mugilidae,"Osteomugil speigleri (Bleeker, 1858)",EXACT,98,11282482,2400988
Paramugil parmatus,15785,Teleostei,Mugiliformes,Mugilidae,"Paramugil parmatus (Cantor, 1849)",EXACT,99,2400853,
Planiliza melinoptera,5655,Teleostei,Mugiliformes,Mugilidae,"Planiliza melinopterus (Valenciennes, 1836)",FUZZY,96,9520622,
Planiliza planiceps,4820,Teleostei,Mugiliformes,Mugilidae,"Planiliza planiceps (Valenciennes, 1836)",EXACT,98,11353009,5961134
Planiliza subviridis,4819,Teleostei,Mugiliformes,Mugilidae,"Planiliza subviridis (Valenciennes, 1836)",EXACT,99,9558403,
Mulloidichthys flavolineatus,5983,Teleostei,Mulliformes,Mullidae,"Mulloidichthys flavolineatus (Lacepède, 1801)",EXACT,99,2396835,
Parupeneus barberinus,5987,Teleostei,Mulliformes,Mullidae,"Parupeneus barberinus (Lacepède, 1801)",EXACT,99,2396650,
Parupeneus crassilabris,60947,Teleostei,Mulliformes,Mullidae,"Parupeneus crassilabris (Valenciennes, 1831)",EXACT,99,2396740,
Parupeneus cyclostomus,5990,Teleostei,Mulliformes,Mullidae,"Parupeneus cyclostomus (Lacepède, 1801)",EXACT,99,2396655,
Parupeneus heptacantha,5991,Teleostei,Mulliformes,Mullidae,"Parupeneus heptacanthus (Lacepède, 1802)",FUZZY,96,2396606,
Parupeneus indicus,5992,Teleostei,Mulliformes,Mullidae,"Parupeneus indicus (Shaw, 1803)",EXACT,99,2396727,
Parupeneus pleurostigma,5994,Teleostei,Mulliformes,Mullidae,"Parupeneus pleurostigma (Bennett, 1831)",EXACT,99,2396678,
Upeneus guttatus,62425,Teleostei,Mulliformes,Mullidae,"Upeneus guttatus (Day, 1868)",EXACT,99,2396781,
Upeneus japonicus,7879,Teleostei,Mulliformes,Mullidae,"Upeneus japonicus (Houttuyn, 1782)",EXACT,99,2396802,
Upeneus moluccensis,4444,Teleostei,Mulliformes,Mullidae,"Upeneus moluccensis (Bleeker, 1855)",EXACT,99,2396768,
Upeneus sulphureus,4445,Teleostei,Mulliformes,Mullidae,"Upeneus sulphureus Cuvier, 1829",EXACT,99,2396798,
Upeneus sundaicus,6643,Teleostei,Mulliformes,Mullidae,"Upeneus sundaicus (Bleeker, 1855)",EXACT,99,2396787,
Upeneus taeniopterus,5995,Teleostei,Mulliformes,Mullidae,"Upeneus taeniopterus Cuvier, 1829",EXACT,99,2396795,
Upeneus tragula,5443,Teleostei,Mulliformes,Mullidae,"Upeneus tragula Richardson, 1846",EXACT,99,2396757,
Upeneus vittatus,4821,Teleostei,Mulliformes,Mullidae,"Upeneus vittatus (Forsskål, 1775)",EXACT,99,2396762,
Congresox talabon,11701,Teleostei,Anguilliformes,Muraenesocidae,"Congresox talabon (Cuvier, 1829)",EXACT,99,2405393,
Muraenesox bagio,5514,Teleostei,Anguilliformes,Muraenesocidae,"Muraenesox bagio (Hamilton, 1822)",EXACT,99,2405368,
Muraenesox cinereus,298,Teleostei,Anguilliformes,Muraenesocidae,"Muraenesox cinereus (Forsskål, 1775)",EXACT,99,2405369,
Echidna nebulosa,5388,Teleostei,Anguilliformes,Muraenidae,"Echidna nebulosa (Ahl, 1789)",EXACT,99,5213106,
Gymnothorax favagineus,5391,Teleostei,Anguilliformes,Muraenidae,"Gymnothorax favagineus Bloch & Schneider, 1801",EXACT,99,2404048,
Gymnothorax fimbriatus,6495,Teleostei,Anguilliformes,Muraenidae,"Gymnothorax fimbriatus (Bennett, 1832)",EXACT,99,2403892,
Gymnothorax herrei,7491,Teleostei,Anguilliformes,Muraenidae,"Gymnothorax herrei Beebe & Tee-Van, 1933",EXACT,99,2403945,
Gymnothorax isingteena,58603,Teleostei,Anguilliformes,Muraenidae,"Gymnothorax isingteena (Richardson, 1845)",EXACT,98,2403959,
Gymnothorax javanicus,6380,Teleostei,Anguilliformes,Muraenidae,"Gymnothorax javanicus (Bleeker, 1859)",EXACT,99,2403808,
Gymnothorax monochrous,7285,Teleostei,Anguilliformes,Muraenidae,"Gymnothorax monochrous (Bleeker, 1856)",EXACT,99,2403841,
Gymnothorax pictus,6395,Teleostei,Anguilliformes,Muraenidae,"Gymnothorax pictus (Ahl, 1789)",EXACT,99,2403789,
Gymnothorax polyuranodon,17227,Teleostei,Anguilliformes,Muraenidae,"Gymnothorax polyuranodon (Bleeker, 1854)",EXACT,99,2403918,
Gymnothorax punctatofasciatus,27341,Teleostei,Anguilliformes,Muraenidae,"Gymnothorax punctatofasciatus Bleeker, 1863",EXACT,99,2403765,
Gymnothorax thyrsoideus,8252,Teleostei,Anguilliformes,Muraenidae,"Gymnothorax thyrsoideus (Richardson, 1845)",EXACT,99,2403908,
Gymnothorax tile,17266,Teleostei,Anguilliformes,Muraenidae,"Gymnothorax tile (Hamilton, 1822)",EXACT,99,2403936,
Gymnothorax undulatus,4905,Teleostei,Anguilliformes,Muraenidae,"Gymnothorax undulatus (Lacepède, 1803)",EXACT,99,2403755,
Strophidon dorsalis,58586,Teleostei,Anguilliformes,Muraenidae,"Strophidon dorsalis (Seale, 1917)",EXACT,98,8683359,2403968
Diaphus dahlgreni,59136,Teleostei,Myctophiformes,Myctophidae,"Diaphus dahlgreni Fowler, 1934",EXACT,99,2406314,
Aetomylaeus maculatus,12594,Elasmobranchii,Myliobatiformes,Myliobatidae,"Aetomylaeus maculatus (Gray, 1834)",EXACT,99,2419269,
Aetomylaeus milvus,12597,Elasmobranchii,Myliobatiformes,Myliobatidae,"Aetomylaeus milvus (Müller & Henle, 1841)",EXACT,98,2419264,
Aetomylaeus nichofii,10120,Elasmobranchii,Myliobatiformes,Myliobatidae,"Aetomylaeus nichofii (Bloch & Schneider, 1801)",EXACT,99,2419258,
Aetomylaeus vespertilio,12599,Elasmobranchii,Myliobatiformes,Myliobatidae,"Aetomylaeus vespertilio (Bleeker, 1852)",EXACT,99,2419252,
Nandus nandus,10260,Teleostei,Anabantiformes,Nandidae,"Nandus nandus (Hamilton, 1822)",EXACT,99,2399366,
Nandus nebulosus,12368,Teleostei,Anabantiformes,Nandidae,"Nandus nebulosus (Gray, 1835)",EXACT,99,2399363,
Nandus prolixus,62886,Teleostei,Anabantiformes,Nandidae,"Nandus prolixus Chakrabarty, Oldfield & Ng, 2006",EXACT,99,2399360,
Narcine brunnea,15444,Elasmobranchii,Torpediniformes,Narcinidae,"Narcine brunnea Annandale, 1909",EXACT,99,2417766,
Narcine maculata,53950,Elasmobranchii,Torpediniformes,Narcinidae,"Narcine maculata (Shaw, 1804)",EXACT,99,2417760,
Narcine timlei,8206,Elasmobranchii,Torpediniformes,Narcinidae,"Narcine timlei (Bloch & Schneider, 1801)",EXACT,99,2417758,
Narke dipterygia,13689,Elasmobranchii,Torpediniformes,Narkidae,"Narke dipterygia (Bloch & Schneider, 1801)",EXACT,99,2419760,
Temera hardwickii,8400,Elasmobranchii,Torpediniformes,Narkidae,"Temera hardwickii Gray, 1831",EXACT,99,2419766,
Nemacheilus elegantissimus,27464,Teleostei,Cypriniformes,Nemacheilidae,"Nemacheilus elegantissimus Chin & Samat, 1992",EXACT,99,5205270,
Nemacheilus kapuasensis,22974,Teleostei,Cypriniformes,Nemacheilidae,"Nemacheilus kapuasensis Kottelat, 1984",EXACT,99,5205263,
Nemacheilus longipectoralis,22978,Teleostei,Cypriniformes,Nemacheilidae,"Nemacheilus longipectoralis Popta, 1905",EXACT,99,5205318,
Nemacheilus masyae,12268,Teleostei,Cypriniformes,Nemacheilidae,"Nemacheilus masyae Smith, 1933",EXACT,99,5205231,
Nemacheilus olivaceus,5428,Teleostei,Cypriniformes,Nemacheilidae,"Nemacheilus olivaceus Boulenger, 1894",EXACT,99,5205246,
Nemacheilus paucimaculatus,66268,Teleostei,Cypriniformes,Nemacheilidae,"Nemacheilus paucimaculatus Bohlen & Ŝlechtová, 2011",EXACT,99,7193542,
Nemacheilus saravacensis,22981,Teleostei,Cypriniformes,Nemacheilidae,"Nemacheilus saravacensis Boulenger, 1894",EXACT,99,5205295,
Nemacheilus selangoricus,12270,Teleostei,Cypriniformes,Nemacheilidae,"Nemacheilus selangoricus Duncker, 1904",EXACT,99,5205324,
Nemacheilus spiniferus,22982,Teleostei,Cypriniformes,Nemacheilidae,"Nemacheilus spiniferus Kottelat, 1984",EXACT,99,5205275,
Paracanthocobitis phuketensis,68820,Teleostei,Cypriniformes,Nemacheilidae,"Paracanthocobitis phuketensis (Klausewitz, 1957)",EXACT,99,9535329,
Schistura balteata,26884,Teleostei,Cypriniformes,Nemacheilidae,"Schistura balteata (Rendahl, 1948)",EXACT,99,5204974,
Schistura desmotes,26888,Teleostei,Cypriniformes,Nemacheilidae,"Schistura desmotes (Fowler, 1934)",EXACT,99,5205166,
Speonectes tiomanensis,6167,Teleostei,Cypriniformes,Nemacheilidae,"Speonectes tiomanensis (Kottelat, 1990)",EXACT,99,7551337,
Sundoreonectes sabanus,56161,Teleostei,Cypriniformes,Nemacheilidae,"Sundoreonectes sabanus (Chin, 1990)",EXACT,99,2358135,
Tuberoschistura baenzigeri,56162,Teleostei,Cypriniformes,Nemacheilidae,"Tuberoschistura baenzigeri (Kottelat, 1983)",EXACT,99,2358119,
Nemipterus aurora,15162,Teleostei,Eupercaria/misc,Nemipteridae,"Nemipterus aurora Russell, 1993",EXACT,99,2379972,
Nemipterus balinensoides,5847,Teleostei,Eupercaria/misc,Nemipteridae,"Nemipterus balinensoides (Popta, 1918)",EXACT,99,2379989,
Nemipterus bathybius,4564,Teleostei,Eupercaria/misc,Nemipteridae,"Nemipterus bathybius Snyder, 1911",EXACT,99,2380063,
Nemipterus bipunctatus,5851,Teleostei,Eupercaria/misc,Nemipteridae,"Nemipterus bipunctatus (Valenciennes, 1830)",EXACT,99,2380036,
Nemipterus furcosus,5843,Teleostei,Eupercaria/misc,Nemipteridae,"Nemipterus furcosus (Valenciennes, 1830)",EXACT,99,2380012,
Nemipterus hexodon,4565,Teleostei,Eupercaria/misc,Nemipteridae,"Nemipterus hexodon (Quoy & Gaimard, 1824)",EXACT,99,2379975,
Nemipterus isacanthus,5850,Teleostei,Eupercaria/misc,Nemipteridae,"Nemipterus isacanthus (Bleeker, 1873)",EXACT,99,2379955,
Nemipterus japonicus,4559,Teleostei,Eupercaria/misc,Nemipteridae,"Nemipterus japonicus (Bloch, 1791)",EXACT,99,2380041,
Nemipterus marginatus,4566,Teleostei,Eupercaria/misc,Nemipteridae,"Nemipterus marginatus (Valenciennes, 1830)",EXACT,99,2379946,
Nemipterus nematophorus,4558,Teleostei,Eupercaria/misc,Nemipteridae,"Nemipterus nematophorus (Bleeker, 1854)",EXACT,99,2379966,
Nemipterus nematopus,5415,Teleostei,Eupercaria/misc,Nemipteridae,"Nemipterus nematopus (Bleeker, 1851)",EXACT,99,2379982,
Nemipterus nemurus,4568,Teleostei,Eupercaria/misc,Nemipteridae,"Nemipterus nemurus (Bleeker, 1857)",EXACT,99,2379948,
Nemipterus peronii,4554,Teleostei,Eupercaria/misc,Nemipteridae,"Nemipterus peronii (Valenciennes, 1830)",EXACT,99,2379994,
Nemipterus tambuloides,5844,Teleostei,Eupercaria/misc,Nemipteridae,"Nemipterus tambuloides (Bleeker, 1853)",EXACT,99,2379991,
Nemipterus thosaporni,5414,Teleostei,Eupercaria/misc,Nemipteridae,"Nemipterus thosaporni Russell, 1991",EXACT,99,2380008,
Nemipterus virgatus,396,Teleostei,Eupercaria/misc,Nemipteridae,"Nemipterus virgatus (Houttuyn, 1782)",EXACT,99,2380054,
Nemipterus zysron,5855,Teleostei,Eupercaria/misc,Nemipteridae,"Nemipterus zysron (Bleeker, 1856)",EXACT,99,2379958,
Parascolopsis aspinosa,5856,Teleostei,Eupercaria/misc,Nemipteridae,"Parascolopsis aspinosa (Rao & Rao, 1981)",EXACT,99,2380155,
Parascolopsis inermis,5860,Teleostei,Eupercaria/misc,Nemipteridae,"Parascolopsis inermis (Temminck & Schlegel, 1843)",EXACT,99,2380159,
Parascolopsis melanophrys,47216,Teleostei,Eupercaria/misc,Nemipteridae,"Parascolopsis melanophrys Russell & Chin, 1996",EXACT,99,2380147,
Parascolopsis tosensis,5864,Teleostei,Eupercaria/misc,Nemipteridae,"Parascolopsis tosensis (Kamohara, 1938)",EXACT,99,2380168,
Pentapodus aureofasciatus,60801,Teleostei,Eupercaria/misc,Nemipteridae,"Pentapodus aureofasciatus Russell, 2001",EXACT,99,2379934,
Pentapodus bifasciatus,5865,Teleostei,Eupercaria/misc,Nemipteridae,"Pentapodus bifasciatus (Bleeker, 1848)",EXACT,99,2379920,
Pentapodus caninus,5867,Teleostei,Eupercaria/misc,Nemipteridae,"Pentapodus caninus (Cuvier, 1830)",EXACT,99,2379907,
Pentapodus emeryii,5868,Teleostei,Eupercaria/misc,Nemipteridae,"Pentapodus emeryii (Richardson, 1843)",EXACT,99,2379916,
Pentapodus nagasakiensis,5869,Teleostei,Eupercaria/misc,Nemipteridae,"Pentapodus nagasakiensis (Tanaka, 1915)",EXACT,99,2379938,
Pentapodus setosus,5872,Teleostei,Eupercaria/misc,Nemipteridae,"Pentapodus setosus (Valenciennes, 1830)",EXACT,99,2379924,
Pentapodus trivittatus,5873,Teleostei,Eupercaria/misc,Nemipteridae,"Pentapodus trivittatus (Bloch, 1791)",EXACT,99,2379901,
Scolopsis affinis,5890,Teleostei,Eupercaria/misc,Nemipteridae,"Scolopsis affinis Peters, 1877",EXACT,99,2380072,
Scolopsis aurata,5884,Teleostei,Eupercaria/misc,Nemipteridae,"Scolopsis aurata (Park, 1797)",EXACT,99,2380141,
Scolopsis bilineata,5885,Teleostei,Eupercaria/misc,Nemipteridae,"Scolopsis bilineata (Bloch, 1793)",EXACT,99,2380123,
Scolopsis ciliata,5876,Teleostei,Eupercaria/misc,Nemipteridae,"Scolopsis ciliata (Lacepède, 1802)",EXACT,99,2380134,
Scolopsis japonica,70505,Teleostei,Eupercaria/misc,Nemipteridae,"Scolopsis japonica (Bloch, 1793)",EXACT,98,12152968,2380093
Scolopsis lineata,5877,Teleostei,Eupercaria/misc,Nemipteridae,"Scolopsis lineata Quoy & Gaimard, 1824",EXACT,99,2380075,
Scolopsis margaritifera,5878,Teleostei,Eupercaria/misc,Nemipteridae,"Scolopsis margaritifera (Cuvier, 1830)",EXACT,99,2380116,
Scolopsis monogramma,5879,Teleostei,Eupercaria/misc,Nemipteridae,"Scolopsis monogramma (Cuvier, 1830)",EXACT,99,2380089,
Scolopsis taenioptera,5875,Teleostei,Eupercaria/misc,Nemipteridae,"Scolopsis taenioptera (Cuvier, 1830)",EXACT,99,2380080,
Scolopsis trilineata,5881,Teleostei,Eupercaria/misc,Nemipteridae,"Scolopsis trilineata Kner, 1868",EXACT,99,2380114,
Scolopsis vosmeri,5883,Teleostei,Eupercaria/misc,Nemipteridae,"Scolopsis vosmeri (Bloch, 1792)",EXACT,99,2380093,
Scolopsis xenochrous,5882,Teleostei,Eupercaria/misc,Nemipteridae,"Scolopsis xenochrous Günther, 1872",EXACT,99,2380086,
Saurenchelys fierasfer,8292,Teleostei,Anguilliformes,Nettastomatidae,"Saurenchelys fierasfer (Jordan & Snyder, 1901)",EXACT,99,2402999,
Psenes cyanophrys,3925,Teleostei,Scombriformes,Nomeidae,"Psenes cyanophrys Valenciennes, 1833",EXACT,99,2381870,
Chitala borneensis,62903,Teleostei,Osteoglossiformes,Notopteridae,"Chitala borneensis (Bleeker, 1851)",EXACT,99,2402276,
Chitala chitala,2078,Teleostei,Osteoglossiformes,Notopteridae,"Chitala chitala (Hamilton, 1822)",EXACT,99,2402277,
Chitala lopis,8765,Teleostei,Osteoglossiformes,Notopteridae,"Chitala lopis (Bleeker, 1851)",EXACT,99,2402271,
Notopterus notopterus,7990,Teleostei,Osteoglossiformes,Notopteridae,"Notopterus notopterus (Pallas, 1769)",EXACT,99,5212862,
Halieutaea fumosa,8179,Teleostei,Lophiiformes,Ogcocephalidae,"Halieutaea fumosa Alcock, 1894",EXACT,99,2414946,
Oneirodes melanocauda,59127,Teleostei,Lophiiformes,Oneirodidae,"Oneirodes melanocauda Bertelsen, 1951",EXACT,99,2414796,
Ophichthus altipennis,53849,Teleostei,Anguilliformes,Ophichthidae,"Ophichthus altipennis (Kaup, 1856)",EXACT,99,5213145,
Ophichthus cephalozona,7291,Teleostei,Anguilliformes,Ophichthidae,"Ophichthus cephalozona Bleeker, 1864",EXACT,99,5213191,
Ophichthus grandoculis,53891,Teleostei,Anguilliformes,Ophichthidae,"Ophichthus grandoculis (Cantor, 1849)",EXACT,99,5213171,
Ophichthus rutidoderma,27038,Teleostei,Anguilliformes,Ophichthidae,"Ophichthus rutidoderma (Bleeker, 1852)",EXACT,99,5213163,
Pisodonophis cancrivorus,8054,Teleostei,Anguilliformes,Ophichthidae,"Pisodonophis cancrivorus (Richardson, 1848)",EXACT,99,2404649,
Brotula multibarbata,7297,Teleostei,Ophidiiformes,Ophidiidae,"Brotula multibarbata Temminck & Schlegel, 1846",EXACT,99,2345670,
Sirembo imberbis,8193,Teleostei,Ophidiiformes,Ophidiidae,"Sirembo imberbis (Temminck & Schlegel, 1846)",EXACT,99,2345862,
Sirembo quinquefasciatus,71723,Teleostei,Ophidiiformes,Ophidiidae,"Sirembo Bleeker, 1857",HIGHERRANK,94,2345854,
Opistognathus castelnaui,10356,Teleostei,Ovalentaria/misc,Opistognathidae,"Opistognathus castelnaui Bleeker, 1860",EXACT,99,2391832,
Opistognathus dendriticus,59041,Teleostei,Ovalentaria/misc,Opistognathidae,"Opistognathus dendriticus (Jordan & Richardson, 1908)",EXACT,99,2391780,
Opistognathus nigromarginatus,16913,Teleostei,Ovalentaria/misc,Opistognathidae,"Opistognathus nigromarginatus Rüppell, 1830",EXACT,99,2391858,
Opistognathus randalli,65634,Teleostei,Ovalentaria/misc,Opistognathidae,"Opistognathus randalli Smith-Vaniz, 2009",EXACT,99,5961791,
Oplegnathus punctatus,6538,Teleostei,Centrarchiformes,Oplegnathidae,"Oplegnathus punctatus (Temminck & Schlegel, 1844)",EXACT,99,2392235,
Orectolobus leptolineatus,65548,Elasmobranchii,Orectolobiformes,Orectolobidae,"Orectolobus leptolineatus Last, Pogonoski & White, 2010",EXACT,99,5842894,
Belontia hasselti,12032,Teleostei,Anabantiformes,Osphronemidae,"Belontia hasselti (Cuvier, 1831)",EXACT,99,2394193,
Betta akarensis,12033,Teleostei,Anabantiformes,Osphronemidae,"Betta akarensis Regan, 1910",EXACT,99,2394031,
Betta balunga,52329,Teleostei,Anabantiformes,Osphronemidae,"Betta balunga Herre, 1940",EXACT,99,2393988,
Betta bellica,12035,Teleostei,Anabantiformes,Osphronemidae,"Betta bellica Sauvage, 1884",EXACT,99,2394004,
Betta brownorum,25131,Teleostei,Anabantiformes,Osphronemidae,"Betta brownorum Witte & Schmidt, 1992",EXACT,99,2394030,
Betta chini,25856,Teleostei,Anabantiformes,Osphronemidae,"Betta chini Ng, 1993",EXACT,99,2394016,
Betta coccina,25132,Teleostei,Anabantiformes,Osphronemidae,"Betta coccina Vierke, 1979",EXACT,99,2394018,
Betta gladiator,62602,Teleostei,Anabantiformes,Osphronemidae,"Betta gladiator Tan & Ng, 2005",EXACT,99,2393997,
Betta hipposideros,27197,Teleostei,Anabantiformes,Osphronemidae,"Betta hipposideros Ng & Kottelat, 1994",EXACT,99,2394025,
Betta ibanorum,62207,Teleostei,Anabantiformes,Osphronemidae,"Betta ibanorum Tan & Ng, 2004",EXACT,99,2393995,
Betta imbellis,12038,Teleostei,Anabantiformes,Osphronemidae,"Betta imbellis Ladiges, 1975",EXACT,99,2394051,
Betta kuehnei,65156,Teleostei,Anabantiformes,Osphronemidae,"Betta kuehnei Schindler & Schmidt, 2008",EXACT,99,2393989,
Betta lehi,62601,Teleostei,Anabantiformes,Osphronemidae,"Betta lehi Tan & Ng, 2005",EXACT,99,2394023,
Betta livida,27252,Teleostei,Anabantiformes,Osphronemidae,"Betta livida Ng & Kottelat, 1992",EXACT,99,2394039,
Betta macrostoma,12039,Teleostei,Anabantiformes,Osphronemidae,"Betta macrostoma Regan, 1910",EXACT,99,2394042,
Betta nuluhon,70587,Teleostei,Anabantiformes,Osphronemidae,"Betta nuluhon Kamal, Tan & Ng, 2020",EXACT,99,11202029,
Betta ocellata,56315,Teleostei,Anabantiformes,Osphronemidae,"Betta ocellata de Beaufort, 1933",EXACT,99,2393994,
Betta omega,69879,Teleostei,Anabantiformes,Osphronemidae,"Betta omega Tan & Ahmad, 2018",EXACT,99,10703440,
Betta persephone,52394,Teleostei,Anabantiformes,Osphronemidae,"Betta persephone Schaller, 1986",EXACT,99,2394050,
Betta pi,52524,Teleostei,Anabantiformes,Osphronemidae,"Betta pi Tan, 1998",EXACT,99,2394008,
Betta picta,12040,Teleostei,Anabantiformes,Osphronemidae,"Betta picta (Valenciennes, 1846)",EXACT,99,2394035,
Betta pugnax,12042,Teleostei,Anabantiformes,Osphronemidae,"Betta pugnax (Cantor, 1849)",EXACT,99,2394033,
Betta pulchra,27259,Teleostei,Anabantiformes,Osphronemidae,"Betta pulchra Tan & Tan, 1996",EXACT,99,2394002,
Betta splendens,4768,Teleostei,Anabantiformes,Osphronemidae,"Betta splendens Regan, 1910",EXACT,99,2393998,
Betta stigmosa,62600,Teleostei,Anabantiformes,Osphronemidae,"Betta stigmosa Tan & Ng, 2005",EXACT,99,2394040,
Betta taeniata,12048,Teleostei,Anabantiformes,Osphronemidae,"Betta taeniata Regan, 1910",EXACT,99,2394036,
Betta tomi,27198,Teleostei,Anabantiformes,Osphronemidae,"Betta tomi Ng & Kottelat, 1994",EXACT,99,2394013,
Betta tussyae,52395,Teleostei,Anabantiformes,Osphronemidae,"Betta tussyae Schaller, 1985",EXACT,99,2394015,
Betta waseri,25135,Teleostei,Anabantiformes,Osphronemidae,"Betta waseri Krummenacher, 1986",EXACT,99,2393982,
Luciocephalus pulcher,4503,Teleostei,Anabantiformes,Osphronemidae,"Luciocephalus pulcher (Gray, 1830)",EXACT,99,2394150,
Macropodus opercularis,4777,Teleostei,Anabantiformes,Osphronemidae,"Macropodus opercularis (Linnaeus, 1758)",EXACT,99,5211160,
Osphronemus goramy,498,Teleostei,Anabantiformes,Osphronemidae,"Osphronemus goramy Lacepède, 1801",EXACT,99,2394154,
Osphronemus laticlavius,16572,Teleostei,Anabantiformes,Osphronemidae,"Osphronemus laticlavius Roberts, 1992",EXACT,99,2394168,
Osphronemus septemfasciatus,25130,Teleostei,Anabantiformes,Osphronemidae,"Osphronemus septemfasciatus Roberts, 1992",EXACT,99,2394166,
Parosphromenus alfredi,62568,Teleostei,Anabantiformes,Osphronemidae,"Parosphromenus alfredi Kottelat & Ng, 2005",EXACT,99,2394172,
Parosphromenus allani,25191,Teleostei,Anabantiformes,Osphronemidae,"Parosphromenus allani Brown, 1987",EXACT,99,2394175,
Parosphromenus harveyi,57461,Teleostei,Anabantiformes,Osphronemidae,"Parosphromenus harveyi Brown, 1987",EXACT,99,2394171,
Parosphromenus nagyi,15895,Teleostei,Anabantiformes,Osphronemidae,"Parosphromenus nagyi Schaller, 1985",EXACT,99,2394177,
Parosphromenus paludicola,15898,Teleostei,Anabantiformes,Osphronemidae,"Parosphromenus paludicola Tweedie, 1952",EXACT,99,2394185,
Parosphromenus rubrimontis,62572,Teleostei,Anabantiformes,Osphronemidae,"Parosphromenus rubrimontis Kottelat & Ng, 2005",EXACT,99,2394182,
Parosphromenus tweediei,62573,Teleostei,Anabantiformes,Osphronemidae,"Parosphromenus tweediei Kottelat & Ng, 2005",EXACT,99,2394174,
Pseudosphromenus cupanus,11228,Teleostei,Anabantiformes,Osphronemidae,"Pseudosphromenus cupanus (Cuvier, 1831)",EXACT,99,2394096,
Sphaerichthys osphromenoides,11235,Teleostei,Anabantiformes,Osphronemidae,"Sphaerichthys osphromenoides Canestrini, 1860",EXACT,99,2394132,
Trichopodus cantoris,66131,Teleostei,Anabantiformes,Osphronemidae,"Trichopodus cantoris (Günther, 1861)",EXACT,99,5961834,
Trichopodus leerii,4674,Teleostei,Anabantiformes,Osphronemidae,"Trichopodus leerii (Bleeker, 1852)",EXACT,99,7623402,
Trichopodus pectoralis,499,Teleostei,Anabantiformes,Osphronemidae,"Trichopodus pectoralis Regan, 1910",EXACT,99,5211177,
Trichopodus trichopterus,4675,Teleostei,Anabantiformes,Osphronemidae,"Trichopodus trichopterus (Pallas, 1770)",EXACT,99,5211169,
Trichopsis vittata,4728,Teleostei,Anabantiformes,Osphronemidae,"Trichopsis vittata (Cuvier, 1831)",EXACT,99,5211201,
Scleropages formosus,6357,Teleostei,Osteoglossiformes,Osteoglossidae,"Scleropages formosus (Müller & Schlegel, 1840)",EXACT,99,2402231,
Lactoria cornuta,6399,Teleostei,Tetraodontiformes,Ostraciidae,"Lactoria cornuta (Linnaeus, 1758)",EXACT,99,2408107,
Ostracion cubicum,6555,Teleostei,Tetraodontiformes,Ostraciidae,"Ostracion cubicus Linnaeus, 1758",FUZZY,95,5213766,
Ostracion nasus,8192,Teleostei,Tetraodontiformes,Ostraciidae,"Ostracion nasus Bloch, 1785",EXACT,98,5213777,2408143
Ostracion rhinorhynchos,8288,Teleostei,Tetraodontiformes,Ostraciidae,"Ostracion rhinorhynchos Bleeker, 1851",EXACT,99,5213779,
Tetrosomus concatenatus,8060,Teleostei,Tetraodontiformes,Ostraciidae,"Tetrosomus concatenatus (Bloch, 1785)",EXACT,99,2408172,
Tetrosomus gibbosus,8129,Teleostei,Tetraodontiformes,Ostraciidae,"Tetrosomus gibbosus (Linnaeus, 1758)",EXACT,99,2408161,
Boleophthalmus boddarti,4901,Teleostei,Gobiiformes,Oxudercidae,"Boleophthalmus boddarti (Pallas, 1770)",EXACT,99,2378432,
Oxuderces dentatus,15823,Teleostei,Gobiiformes,Oxudercidae,"Oxuderces dentatus Eydoux & Souleyet, 1850",EXACT,99,2376309,
Parapocryptes serperaster,25082,Teleostei,Gobiiformes,Oxudercidae,"Parapocryptes serperaster (Richardson, 1846)",EXACT,99,2378916,
Periophthalmodon schlosseri,8414,Teleostei,Gobiiformes,Oxudercidae,"Periophthalmodon schlosseri (Pallas, 1770)",EXACT,99,2375731,
Periophthalmus argentilineatus,7480,Teleostei,Gobiiformes,Oxudercidae,"Periophthalmus argentilineatus Valenciennes, 1837",EXACT,99,2376955,
Periophthalmus gracilis,7481,Teleostei,Gobiiformes,Oxudercidae,"Periophthalmus gracilis Eggert, 1935",EXACT,99,2376975,
Periophthalmus minutus,7485,Teleostei,Gobiiformes,Oxudercidae,"Periophthalmus minutus Eggert, 1935",EXACT,99,2376995,
Periophthalmus novemradiatus,7486,Teleostei,Gobiiformes,Oxudercidae,"Periophthalmus novemradiatus (Hamilton, 1822)",EXACT,99,2376982,
Periophthalmus variabilis,65362,Teleostei,Gobiiformes,Oxudercidae,"Periophthalmus variabilis Eggert, 1935",EXACT,99,2376986,
Pseudapocryptes borneensis,25086,Teleostei,Gobiiformes,Oxudercidae,"Pseudapocryptes borneensis (Bleeker, 1855)",EXACT,99,2377910,
Pseudapocryptes elongatus,8409,Teleostei,Gobiiformes,Oxudercidae,"Pseudapocryptes elongatus (Cuvier, 1816)",EXACT,99,9794053,
Scartelaos histophorus,7487,Teleostei,Gobiiformes,Oxudercidae,"Scartelaos histophorus (Valenciennes, 1837)",EXACT,99,2378218,
Paedocypris micromegethes,62549,Teleostei,Cypriniformes,Paedocyprididae,"Paedocypris micromegethes Kottelat, Britz, Tan & Witte, 2006",EXACT,99,2367273,
Pangasius djambal,14145,Teleostei,Siluriformes,Pangasiidae,"Pangasius djambal Bleeker, 1846",EXACT,99,5202453,
Pangasius kinabatanganensis,14177,Teleostei,Siluriformes,Pangasiidae,"Pangasius kinabatanganensis Roberts & Vidthayanon, 1991",EXACT,99,5202440,
Pangasius kunyit,55541,Teleostei,Siluriformes,Pangasiidae,"Pangasius kunyit Pouyaud, Teugels & Legendre, 1999",EXACT,99,5202448,
Pangasius nasutus,14202,Teleostei,Siluriformes,Pangasiidae,"Pangasius nasutus (Bleeker, 1863)",EXACT,99,5202450,
Pangasius pangasius,292,Teleostei,Siluriformes,Pangasiidae,"Pangasius pangasius (Hamilton, 1822)",EXACT,99,5202443,
Pangasius polyuranodon,14215,Teleostei,Siluriformes,Pangasiidae,"Pangasius polyuranodon Bleeker, 1852",EXACT,99,5202446,
Pangasius sabahensis,61583,Teleostei,Siluriformes,Pangasiidae,"Pangasius sabahensis Gustiano, Teugels & Pouyaud, 2003",EXACT,99,5202455,
Pseudolais micronemus,12001,Teleostei,Siluriformes,Pangasiidae,"Pseudolais micronemus (Bleeker, 1846)",EXACT,99,2340703,
Pseudorhombus argus,8283,Teleostei,Pleuronectiformes,Paralichthyidae,"Pseudorhombus argus Weber, 1913",EXACT,99,2408818,
Pseudorhombus arsius,1325,Teleostei,Pleuronectiformes,Paralichthyidae,"Pseudorhombus arsius (Hamilton, 1822)",EXACT,99,2408813,
Pseudorhombus cinnamoneus,4576,Teleostei,Pleuronectiformes,Paralichthyidae,"Pseudorhombus cinnamoneus (Temminck & Schlegel, 1846)",EXACT,99,2408827,
Pseudorhombus diplospilus,10973,Teleostei,Pleuronectiformes,Paralichthyidae,"Pseudorhombus diplospilus Norman, 1926",EXACT,99,2408836,
Pseudorhombus elevatus,1333,Teleostei,Pleuronectiformes,Paralichthyidae,"Pseudorhombus elevatus Ogilby, 1912",EXACT,99,2408829,
Pseudorhombus javanicus,1335,Teleostei,Pleuronectiformes,Paralichthyidae,"Pseudorhombus javanicus (Bleeker, 1853)",EXACT,99,2408849,
Pseudorhombus malayanus,1368,Teleostei,Pleuronectiformes,Paralichthyidae,"Pseudorhombus malayanus Bleeker, 1865",EXACT,99,2408811,
Pseudorhombus natalensis,1376,Teleostei,Pleuronectiformes,Paralichthyidae,"Pseudorhombus natalensis Gilchrist, 1904",EXACT,99,2408844,
Pseudorhombus neglectus,10588,Teleostei,Pleuronectiformes,Paralichthyidae,"Pseudorhombus neglectus Bleeker, 1865",EXACT,99,2408838,
Pseudorhombus pentophthalmus,8835,Teleostei,Pleuronectiformes,Paralichthyidae,"Pseudorhombus pentophthalmus Günther, 1862",EXACT,99,2408834,
Pseudorhombus quinquocellatus,8284,Teleostei,Pleuronectiformes,Paralichthyidae,"Pseudorhombus quinquocellatus Weber & de Beaufort, 1929",EXACT,99,2408852,
Pseudorhombus triocellatus,1377,Teleostei,Pleuronectiformes,Paralichthyidae,"Pseudorhombus triocellatus (Bloch & Schneider, 1801)",EXACT,99,2408832,
Cyttopsis rosea,4953,Teleostei,Zeiformes,Parazenidae,"Cyttopsis rosea (Lowe, 1843)",EXACT,99,2415284,
Pegasus volitans,4609,Teleostei,Dactylopteriformes,Pegasidae,"Pegasus volitans Linnaeus, 1758",EXACT,99,2356573,
Pempheris adusta,25447,Teleostei,Acropomatiformes,Pempheridae,"Pempheris adusta Bleeker, 1877",EXACT,99,2374385,
Pempheris molucca,8189,Teleostei,Acropomatiformes,Pempheridae,"Pempheris molucca Cuvier, 1829",EXACT,99,2374383,
Histiopterus typus,7892,Teleostei,Acropomatiformes,Pentacerotidae,"Histiopterus typus Temminck & Schlegel, 1844",EXACT,99,2375218,
Apristurus platyrhynchus,778,Elasmobranchii,Carcharhiniformes,Pentanchidae,"Apristurus platyrhynchus (Tanaka, 1909)",EXACT,99,2418427,
Galeus eastmani,806,Elasmobranchii,Carcharhiniformes,Pentanchidae,"Galeus eastmani (Jordan & Snyder, 1904)",EXACT,99,5215631,
Gargariscus prionocephalus,8249,Teleostei,Perciformes/Scorpaenoidei,Peristediidae,"Gargariscus prionocephalus (Duméril, 1869)",EXACT,99,2334953,
Satyrichthys laticeps,67039,Teleostei,Perciformes/Scorpaenoidei,Peristediidae,"Satyrichthys laticeps (Schlegel, 1852)",EXACT,99,8267815,
Satyrichthys rieffeli,8291,Teleostei,Perciformes/Scorpaenoidei,Peristediidae,"Satyrichthys rieffeli (Kaup, 1859)",EXACT,99,2335037,
Neostethus bicornis,24782,Teleostei,Atheriniformes,Phallostethidae,"Neostethus bicornis Regan, 1916",EXACT,99,2412121,
Neostethus borneensis,24784,Teleostei,Atheriniformes,Phallostethidae,"Neostethus borneensis Herre, 1939",EXACT,99,2412117,
Neostethus lankesteri,24785,Teleostei,Atheriniformes,Phallostethidae,"Neostethus lankesteri Regan, 1916",EXACT,99,2412106,
Phallostethus dunckeri,6292,Teleostei,Atheriniformes,Phallostethidae,"Phallostethus dunckeri Regan, 1913",EXACT,99,2412089,
Phallostethus lehi,26962,Teleostei,Atheriniformes,Phallostethidae,"Phallostethus lehi Parenti, 1996",EXACT,99,2412090,
Phenacostethus posthon,24786,Teleostei,Atheriniformes,Phallostethidae,"Phenacostethus posthon Roberts, 1971",EXACT,99,2412103,
Phenacostethus smithi,26790,Teleostei,Atheriniformes,Phallostethidae,"Phenacostethus smithi Myers, 1928",EXACT,99,2412104,
Phenacostethus trewavasae,24787,Teleostei,Atheriniformes,Phallostethidae,"Phenacostethus trewavasae Parenti, 1986",EXACT,99,2412102,
Pholidichthys leucotaenia,4433,Teleostei,Cichliformes,Pholidichthyidae,"Pholidichthys leucotaenia Bleeker, 1856",EXACT,99,2384690,
Parapercis alboguttata,8188,Teleostei,Perciformes/Uranoscopoidei,Pinguipedidae,"Parapercis alboguttata (Günther, 1872)",EXACT,99,5210052,
Parapercis filamentosa,8407,Teleostei,Perciformes/Uranoscopoidei,Pinguipedidae,"Parapercis filamentosa (Steindachner, 1878)",EXACT,99,5209989,
Parapercis macrophthalma,10867,Teleostei,Perciformes/Uranoscopoidei,Pinguipedidae,"Parapercis macrophthalma (Pietschmann, 1911)",EXACT,99,5210032,
Parapercis pacifica,64230,Teleostei,Perciformes/Uranoscopoidei,Pinguipedidae,"Parapercis pacifica Imamura & Yoshino, 2007",EXACT,99,5210036,
Parapercis snyderi,13522,Teleostei,Perciformes/Uranoscopoidei,Pinguipedidae,"Parapercis snyderi Jordan & Starks, 1905",EXACT,99,5209971,
Parapercis xanthozona,12668,Teleostei,Perciformes/Uranoscopoidei,Pinguipedidae,"Parapercis xanthozona (Bleeker, 1849)",EXACT,99,5210012,
Ryukyupercis gushikeni,8268,Teleostei,Perciformes/Uranoscopoidei,Pinguipedidae,"Ryukyupercis gushikeni (Yoshino, 1975)",EXACT,99,2386956,
Cociella crocodilus,7895,Teleostei,Perciformes/Scorpaenoidei,Platycephalidae,"Cociella crocodilus (Cuvier, 1829)",EXACT,97,9668865,
Cociella punctata,15197,Teleostei,Perciformes/Scorpaenoidei,Platycephalidae,"Cociella punctata (Cuvier, 1829)",EXACT,99,2335829,
Cymbacephalus beauforti,12826,Teleostei,Perciformes/Scorpaenoidei,Platycephalidae,"Cymbacephalus beauforti (Knapp, 1973)",EXACT,99,2335642,
Cymbacephalus bosschei,12564,Teleostei,Perciformes/Scorpaenoidei,Platycephalidae,"Cymbacephalus bosschei (Bleeker, 1860)",EXACT,99,2335622,
Cymbacephalus nematophthalmus,10776,Teleostei,Perciformes/Scorpaenoidei,Platycephalidae,"Cymbacephalus nematophthalmus (Günther, 1860)",EXACT,99,2335635,
Elates ransonnettii,6637,Teleostei,Perciformes/Scorpaenoidei,Platycephalidae,"Elates ransonnettii (Steindachner, 1876)",EXACT,99,2335806,
Grammoplites knappi,15208,Teleostei,Perciformes/Scorpaenoidei,Platycephalidae,"Grammoplites knappi Imamura & Amaoka, 1994",EXACT,99,2335791,
Grammoplites scaber,10309,Teleostei,Perciformes/Scorpaenoidei,Platycephalidae,"Grammoplites scaber (Linnaeus, 1758)",EXACT,99,2335784,
Inegocia japonica,10335,Teleostei,Perciformes/Scorpaenoidei,Platycephalidae,"Inegocia japonica (Cuvier, 1829)",EXACT,97,2335722,
Insidiator macracanthus,10336,Teleostei,Perciformes/Scorpaenoidei,Platycephalidae,Insidiator macracanthus,EXACT,99,11992986,
Kumococius rodericensis,8469,Teleostei,Perciformes/Scorpaenoidei,Platycephalidae,"Kumococius rodericensis (Cuvier, 1829)",EXACT,99,2335765,
Platycephalus indicus,950,Teleostei,Perciformes/Scorpaenoidei,Platycephalidae,"Platycephalus indicus (Linnaeus, 1758)",EXACT,99,5201390,
Ratabulus tuberculatus,10310,Teleostei,Perciformes/Scorpaenoidei,Platycephalidae,"Ratabulus Jordan & Hubbs, 1925",HIGHERRANK,94,2335739,
Rogadius asper,8305,Teleostei,Perciformes/Scorpaenoidei,Platycephalidae,"Rogadius asper (Cuvier, 1829)",EXACT,99,2335674,
Rogadius azizahae,71285,Teleostei,Perciformes/Scorpaenoidei,Platycephalidae,"Rogadius Jordan & Richardson, 1908",HIGHERRANK,94,2335666,
Rogadius pristiger,15225,Teleostei,Perciformes/Scorpaenoidei,Platycephalidae,"Rogadius pristiger (Cuvier, 1829)",EXACT,99,2335676,
Sorsogona nigripinna,46371,Teleostei,Perciformes/Scorpaenoidei,Platycephalidae,"Sorsogona nigripinna (Regan, 1905)",EXACT,99,2335683,
Sunagocia arenicola,12901,Teleostei,Perciformes/Scorpaenoidei,Platycephalidae,"Sunagocia arenicola (Schultz, 1966)",EXACT,99,4286424,
Sunagocia carbunculus,15241,Teleostei,Perciformes/Scorpaenoidei,Platycephalidae,"Sunagocia carbunculus (Valenciennes, 1833)",EXACT,99,4286422,
Thysanophrys chiltonae,12902,Teleostei,Perciformes/Scorpaenoidei,Platycephalidae,"Thysanophrys chiltonae Schultz, 1966",EXACT,99,2335604,
Plesiobatis daviesi,7376,Elasmobranchii,Myliobatiformes,Plesiobatidae,"Plesiobatis daviesi (Wallace, 1967)",EXACT,99,2418899,
Plesiops coeruleolineatus,8005,Teleostei,Ovalentaria/misc,Plesiopidae,"Plesiops coeruleolineatus Rüppell, 1835",EXACT,99,5210314,
Paraplotosus albilabris,12097,Teleostei,Siluriformes,Plotosidae,"Paraplotosus albilabris (Valenciennes, 1840)",EXACT,99,2341932,
Plotosus abbreviatus,61302,Teleostei,Siluriformes,Plotosidae,"Plotosus abbreviatus Boulenger, 1895",EXACT,99,2341919,
Plotosus canius,8167,Teleostei,Siluriformes,Plotosidae,"Plotosus canius Hamilton, 1822",EXACT,99,2341920,
Plotosus lineatus,4706,Teleostei,Siluriformes,Plotosidae,"Plotosus lineatus (Thunberg, 1787)",EXACT,97,7965247,
Gambusia affinis,3215,Teleostei,Cyprinodontiformes,Poeciliidae,"Gambusia affinis (Baird & Girard, 1853)",EXACT,99,2350580,
Poecilia reticulata,3228,Teleostei,Cyprinodontiformes,Poeciliidae,"Poecilia reticulata Peters, 1859",EXACT,99,2350050,
Eleutheronema tetradactylum,340,Teleostei,Carangaria/misc,Polynemidae,"Eleutheronema tetradactylum (Shaw, 1804)",EXACT,99,2393382,
Eleutheronema tridactylum,14514,Teleostei,Carangaria/misc,Polynemidae,"Eleutheronema tridactylum (Bleeker, 1849)",EXACT,99,2393380,
Filimanus heptadactyla,13530,Teleostei,Carangaria/misc,Polynemidae,"Filimanus heptadactyla (Cuvier, 1829)",EXACT,99,2393313,
Filimanus xanthonema,10616,Teleostei,Carangaria/misc,Polynemidae,"Filimanus xanthonema (Valenciennes, 1831)",EXACT,99,2393300,
Leptomelanosoma indicum,4469,Teleostei,Carangaria/misc,Polynemidae,"Leptomelanosoma indicum (Shaw, 1804)",EXACT,99,2393371,
Polydactylus luparensis,65390,Teleostei,Carangaria/misc,Polynemidae,"Polydactylus luparensis Lim, Motomura & Gambang, 2010",EXACT,99,5962001,
Polydactylus microstoma,10355,Teleostei,Carangaria/misc,Polynemidae,"Polydactylus microstomus (Bleeker, 1851)",FUZZY,96,2393291,
Polydactylus plebeius,7901,Teleostei,Carangaria/misc,Polynemidae,"Polydactylus plebeius (Broussonet, 1782)",EXACT,99,2393274,
Polydactylus sextarius,4470,Teleostei,Carangaria/misc,Polynemidae,"Polydactylus sextarius (Bloch & Schneider, 1801)",EXACT,99,2393292,
Polynemus dubius,14614,Teleostei,Carangaria/misc,Polynemidae,"Polynemus dubius Bleeker, 1853",EXACT,99,2393411,
Polynemus hornadayi,14619,Teleostei,Carangaria/misc,Polynemidae,"Polynemus hornadayi Myers, 1936",EXACT,99,2393409,
Polynemus melanochir,10617,Teleostei,Carangaria/misc,Polynemidae,"Polynemus melanochir Valenciennes, 1831",EXACT,97,2393354,
Polynemus paradiseus,8318,Teleostei,Carangaria/misc,Polynemidae,"Polynemus paradiseus Linnaeus, 1758",EXACT,97,2393403,
Centropyge bicolor,5454,Teleostei,Acanthuriformes,Pomacanthidae,"Centropyge bicolor (Bloch, 1787)",EXACT,99,2396484,
Centropyge bispinosa,5458,Teleostei,Acanthuriformes,Pomacanthidae,"Centropyge bispinosa (Günther, 1860)",EXACT,99,2396495,
Centropyge colini,8773,Teleostei,Acanthuriformes,Pomacanthidae,"Centropyge colini Smith-Vaniz & Randall, 1974",EXACT,99,2396529,
Centropyge multifasciata,5666,Teleostei,Acanthuriformes,Pomacanthidae,"Centropyge multifasciatus (Smith & Radcliffe, 1911)",FUZZY,96,2396517,2396514
Centropyge tibicen,6548,Teleostei,Acanthuriformes,Pomacanthidae,"Centropyge tibicen (Cuvier, 1831)",EXACT,99,2396505,
Centropyge vrolikii,5447,Teleostei,Acanthuriformes,Pomacanthidae,"Centropyge vrolikii (Bleeker, 1853)",EXACT,99,2396509,
Chaetodontoplus mesoleucus,5660,Teleostei,Acanthuriformes,Pomacanthidae,"Chaetodontoplus mesoleucus (Bloch, 1787)",EXACT,99,2396593,
Chaetodontoplus septentrionalis,11124,Teleostei,Acanthuriformes,Pomacanthidae,"Chaetodontoplus septentrionalis (Temminck & Schlegel, 1844)",EXACT,99,2396591,
Genicanthus lamarck,6612,Teleostei,Acanthuriformes,Pomacanthidae,"Genicanthus lamarck (Lacepède, 1802)",EXACT,99,2396466,
Genicanthus melanospilos,8710,Teleostei,Acanthuriformes,Pomacanthidae,"Genicanthus melanospilos (Bleeker, 1857)",EXACT,99,2396471,
Pomacanthus annularis,7902,Teleostei,Acanthuriformes,Pomacanthidae,"Pomacanthus annularis (Bloch, 1787)",EXACT,99,2396404,
Pomacanthus imperator,6504,Teleostei,Acanthuriformes,Pomacanthidae,"Pomacanthus imperator (Bloch, 1787)",EXACT,99,2396426,
Pomacanthus sexstriatus,6564,Teleostei,Acanthuriformes,Pomacanthidae,"Pomacanthus sexstriatus (Cuvier, 1831)",EXACT,99,2396414,
Pomacanthus xanthometopon,5662,Teleostei,Acanthuriformes,Pomacanthidae,"Pomacanthus xanthometopon (Bleeker, 1853)",EXACT,99,2396411,
Pygoplites diacanthus,6572,Teleostei,Acanthuriformes,Pomacanthidae,"Pygoplites diacanthus (Boddaert, 1772)",EXACT,99,2396596,
Abudefduf bengalensis,6517,Teleostei,Ovalentaria/misc,Pomacentridae,"Abudefduf bengalensis (Bloch, 1787)",EXACT,99,2398657,
Abudefduf lorenzi,5685,Teleostei,Ovalentaria/misc,Pomacentridae,"Abudefduf lorenzi Hensley & Allen, 1977",EXACT,99,2398679,
Abudefduf notatus,5686,Teleostei,Ovalentaria/misc,Pomacentridae,"Abudefduf notatus (Day, 1870)",EXACT,99,2398703,
Abudefduf septemfasciatus,5687,Teleostei,Ovalentaria/misc,Pomacentridae,"Abudefduf septemfasciatus (Cuvier, 1830)",EXACT,99,2398628,
Abudefduf sexfasciatus,5688,Teleostei,Ovalentaria/misc,Pomacentridae,"Abudefduf sexfasciatus (Lacepède, 1801)",EXACT,99,2398669,
Abudefduf sordidus,5689,Teleostei,Ovalentaria/misc,Pomacentridae,"Abudefduf sordidus (Forsskål, 1775)",EXACT,99,2398682,
Abudefduf vaigiensis,6630,Teleostei,Ovalentaria/misc,Pomacentridae,"Abudefduf vaigiensis (Quoy & Gaimard, 1825)",EXACT,99,2398634,
Acanthochromis polyacanthus,6655,Teleostei,Ovalentaria/misc,Pomacentridae,"Acanthochromis polyacanthus (Bleeker, 1855)",EXACT,99,5212126,
Amblyglyphidodon aureus,5690,Teleostei,Ovalentaria/misc,Pomacentridae,"Amblyglyphidodon aureus (Cuvier, 1830)",EXACT,99,2398497,
Amblyglyphidodon curacao,5477,Teleostei,Ovalentaria/misc,Pomacentridae,"Amblyglyphidodon curacao (Bloch, 1787)",EXACT,99,2398488,
Amblyglyphidodon indicus,61068,Teleostei,Ovalentaria/misc,Pomacentridae,"Amblyglyphidodon indicus Allen & Randall, 2002",EXACT,99,2398510,
Amblyglyphidodon ternatensis,5692,Teleostei,Ovalentaria/misc,Pomacentridae,"Amblyglyphidodon ternatensis (Bleeker, 1853)",EXACT,99,2398503,
Amphiprion akallopisos,8017,Teleostei,Ovalentaria/misc,Pomacentridae,"Amphiprion akallopisos Bleeker, 1853",EXACT,99,5212090,
Amphiprion biaculeatus,6632,Teleostei,Ovalentaria/misc,Pomacentridae,"Amphiprion biaculeatus (Bloch, 1790)",EXACT,98,12115864,2398709
Amphiprion clarkii,5448,Teleostei,Ovalentaria/misc,Pomacentridae,"Amphiprion clarkii (Bennett, 1830)",EXACT,99,5212081,
Amphiprion ephippium,11840,Teleostei,Ovalentaria/misc,Pomacentridae,"Amphiprion ephippium (Bloch, 1790)",EXACT,99,5212057,
Amphiprion frenatus,6522,Teleostei,Ovalentaria/misc,Pomacentridae,"Amphiprion frenatus Brevoort, 1856",EXACT,99,5212111,
Amphiprion ocellaris,6509,Teleostei,Ovalentaria/misc,Pomacentridae,"Amphiprion ocellaris Cuvier, 1830",EXACT,99,5212106,
Amphiprion perideraion,2024,Teleostei,Ovalentaria/misc,Pomacentridae,"Amphiprion perideraion Bleeker, 1855",EXACT,99,5212059,
Amphiprion polymnus,8086,Teleostei,Ovalentaria/misc,Pomacentridae,"Amphiprion polymnus (Linnaeus, 1758)",EXACT,99,5212096,
Amphiprion sandaracinos,6523,Teleostei,Ovalentaria/misc,Pomacentridae,"Amphiprion sandaracinos Allen, 1972",EXACT,99,5212089,
Cheiloprion labiatus,5684,Teleostei,Ovalentaria/misc,Pomacentridae,"Cheiloprion labiatus (Day, 1877)",EXACT,99,2398994,
Chromis atripectoralis,5450,Teleostei,Ovalentaria/misc,Pomacentridae,"Chromis atripectoralis Welander & Schultz, 1951",EXACT,99,5212173,
Chromis cinerascens,11858,Teleostei,Ovalentaria/misc,Pomacentridae,"Chromis cinerascens (Cuvier, 1830)",EXACT,99,5212152,
Chromis fumea,10842,Teleostei,Ovalentaria/misc,Pomacentridae,"Chromis fumea (Tanaka, 1917)",EXACT,99,5212203,
Chromis scotochiloptera,12431,Teleostei,Ovalentaria/misc,Pomacentridae,"Chromis scotochiloptera Fowler, 1918",EXACT,99,5212162,
Chromis viridis,5679,Teleostei,Ovalentaria/misc,Pomacentridae,"Chromis viridis (Cuvier, 1830)",EXACT,99,5212219,
Chromis weberi,5680,Teleostei,Ovalentaria/misc,Pomacentridae,"Chromis weberi Fowler & Bean, 1928",EXACT,99,5212140,
Chrysiptera chrysocephala,64823,Teleostei,Ovalentaria/misc,Pomacentridae,"Chrysiptera chrysocephala Manica, Pilcher & Oakley, 2002",EXACT,99,2399238,
Chrysiptera glauca,5696,Teleostei,Ovalentaria/misc,Pomacentridae,"Chrysiptera glauca (Cuvier, 1830)",EXACT,99,2399245,
Chrysiptera hemicyanea,6919,Teleostei,Ovalentaria/misc,Pomacentridae,"Chrysiptera hemicyanea (Weber, 1913)",EXACT,99,2399258,
Chrysiptera parasema,12448,Teleostei,Ovalentaria/misc,Pomacentridae,"Chrysiptera parasema (Fowler, 1918)",EXACT,99,2399271,
Chrysiptera rex,5699,Teleostei,Ovalentaria/misc,Pomacentridae,"Chrysiptera rex (Snyder, 1909)",EXACT,99,2399262,
Chrysiptera talboti,5700,Teleostei,Ovalentaria/misc,Pomacentridae,"Chrysiptera talboti (Allen, 1975)",EXACT,99,2399209,
Chrysiptera unimaculata,5702,Teleostei,Ovalentaria/misc,Pomacentridae,"Chrysiptera unimaculata (Cuvier, 1830)",EXACT,99,2399211,
Dascyllus trimaculatus,5112,Teleostei,Ovalentaria/misc,Pomacentridae,"Dascyllus trimaculatus (Rüppell, 1829)",EXACT,99,5212031,
Dischistodus chrysopoecilus,6553,Teleostei,Ovalentaria/misc,Pomacentridae,"Dischistodus chrysopoecilus (Schlegel & Müller, 1839)",EXACT,99,2398215,
Dischistodus fasciatus,9982,Teleostei,Ovalentaria/misc,Pomacentridae,"Dischistodus fasciatus (Cuvier, 1830)",EXACT,99,2398212,
Dischistodus melanotus,5703,Teleostei,Ovalentaria/misc,Pomacentridae,"Dischistodus melanotus (Bleeker, 1858)",EXACT,99,2398206,
Dischistodus perspicillatus,5704,Teleostei,Ovalentaria/misc,Pomacentridae,"Dischistodus perspicillatus (Cuvier, 1830)",EXACT,99,2398191,
Dischistodus prosopotaenia,6608,Teleostei,Ovalentaria/misc,Pomacentridae,"Dischistodus prosopotaenia (Bleeker, 1852)",EXACT,99,2398200,
Dischistodus pseudochrysopoecilus,8242,Teleostei,Ovalentaria/misc,Pomacentridae,"Dischistodus pseudochrysopoecilus (Allen & Robertson, 1974)",EXACT,99,2398189,
Hemiglyphidodon plagiometopon,5487,Teleostei,Ovalentaria/misc,Pomacentridae,"Hemiglyphidodon plagiometopon (Bleeker, 1852)",EXACT,99,2398183,
Neoglyphidodon thoracotaeniatus,6922,Teleostei,Ovalentaria/misc,Pomacentridae,"Neoglyphidodon thoracotaeniatus (Fowler & Bean, 1928)",EXACT,99,2398576,
Neopomacentrus anabatoides,10224,Teleostei,Ovalentaria/misc,Pomacentridae,"Neopomacentrus anabatoides (Bleeker, 1847)",EXACT,99,2398544,
Neopomacentrus cyanomos,8209,Teleostei,Ovalentaria/misc,Pomacentridae,"Neopomacentrus cyanomos (Bleeker, 1856)",EXACT,99,2398535,
Neopomacentrus filamentosus,12459,Teleostei,Ovalentaria/misc,Pomacentridae,"Neopomacentrus filamentosus (Macleay, 1882)",EXACT,99,2398562,
Neopomacentrus sororius,62948,Teleostei,Ovalentaria/misc,Pomacentridae,"Neopomacentrus sororius Randall & Allen, 2005",EXACT,99,2398561,
Plectroglyphidodon obreptus,4353,Teleostei,Ovalentaria/misc,Pomacentridae,"Plectroglyphidodon obreptus (Whitley, 1948)",EXACT,98,12015469,2398779
Pomacentrus adelus,12476,Teleostei,Ovalentaria/misc,Pomacentridae,"Pomacentrus adelus Allen, 1991",EXACT,99,2398297,
Pomacentrus brachialis,5718,Teleostei,Ovalentaria/misc,Pomacentridae,"Pomacentrus brachialis Cuvier, 1830",EXACT,99,2398325,
Pomacentrus cuneatus,12488,Teleostei,Ovalentaria/misc,Pomacentridae,"Pomacentrus cuneatus Allen, 1991",EXACT,99,2398387,
Pomacentrus geminospilus,25216,Teleostei,Ovalentaria/misc,Pomacentridae,"Pomacentrus geminospilus Allen, 1993",EXACT,99,2398355,
Pomacentrus littoralis,12493,Teleostei,Ovalentaria/misc,Pomacentridae,"Pomacentrus littoralis Cuvier, 1830",EXACT,99,9360164,
Pomacentrus moluccensis,5724,Teleostei,Ovalentaria/misc,Pomacentridae,"Pomacentrus moluccensis Bleeker, 1853",EXACT,99,2398282,
Pomacentrus opisthostigma,10277,Teleostei,Ovalentaria/misc,Pomacentridae,"Pomacentrus opisthostigma Fowler, 1918",EXACT,99,2398330,
Pomacentrus stigma,12501,Teleostei,Ovalentaria/misc,Pomacentridae,"Pomacentrus stigma Fowler & Bean, 1928",EXACT,99,2398385,
Pomacentrus taeniometopon,10280,Teleostei,Ovalentaria/misc,Pomacentridae,"Pomacentrus taeniometopon Bleeker, 1852",EXACT,99,2398276,
Pomacentrus tripunctatus,8277,Teleostei,Ovalentaria/misc,Pomacentridae,"Pomacentrus tripunctatus Cuvier, 1830",EXACT,99,2398373,
Pristotis obtusirostris,8127,Teleostei,Ovalentaria/misc,Pomacentridae,"Pristotis obtusirostris (Günther, 1862)",EXACT,99,2398914,
Pycnochromis flavipectoralis,11863,Teleostei,Ovalentaria/misc,Pomacentridae,"Pycnochromis flavipectoralis Randall, 1988",EXACT,99,11620131,
Pycnochromis lineatus,5128,Teleostei,Ovalentaria/misc,Pomacentridae,"Pycnochromis lineatus (Fowler & Bean, 1928)",EXACT,98,11505450,5212216
Pycnochromis ovatiformis,6927,Teleostei,Ovalentaria/misc,Pomacentridae,"Pycnochromis ovatiformis (Fowler, 1946)",EXACT,98,11933264,5212271
Pycnochromis retrofasciatus,5676,Teleostei,Ovalentaria/misc,Pomacentridae,"Pycnochromis retrofasciatus (Weber, 1913)",EXACT,98,11541607,5212263
Pomatomus saltatrix,364,Teleostei,Scombriformes,Pomatomidae,"Pomatomus saltatrix (Linnaeus, 1766)",EXACT,99,5208090,
Heteropriacanthus cruentatus,1150,Teleostei,Eupercaria/misc,Priacanthidae,"Heteropriacanthus cruentatus (Lacepède, 1801)",EXACT,99,2375045,
Priacanthus hamrur,5791,Teleostei,Eupercaria/misc,Priacanthidae,"Priacanthus hamrur (Forsskål, 1775)",EXACT,99,2375011,
Priacanthus macracanthus,356,Teleostei,Eupercaria/misc,Priacanthidae,"Priacanthus macracanthus Cuvier, 1829",EXACT,99,2375008,
Priacanthus tayenus,4651,Teleostei,Eupercaria/misc,Priacanthidae,"Priacanthus tayenus Richardson, 1846",EXACT,99,2375019,
Pristigenys niphonia,7905,Teleostei,Eupercaria/misc,Priacanthidae,"Pristigenys niphonia (Cuvier, 1829)",EXACT,99,2375069,
Pristigenys refulgens,67121,Teleostei,Eupercaria/misc,Priacanthidae,"Pristigenys refulgens (Valenciennes, 1862)",EXACT,99,8374283,
Anoxypristis cuspidata,8211,Elasmobranchii,Rhinopristiformes,Pristidae,"Anoxypristis cuspidata (Latham, 1794)",EXACT,99,2420848,
Pristis microdon,2546,Elasmobranchii,Rhinopristiformes,Pristidae,"Pristis microdon Latham, 1794",EXACT,99,5216285,
Pristis zijsron,7956,Elasmobranchii,Rhinopristiformes,Pristidae,"Pristis zijsron Bleeker, 1851",EXACT,99,5216288,
Ilisha elongata,1627,Teleostei,Clupeiformes,Pristigasteridae,Ilisha elongata,EXACT,99,5214625,
Ilisha filigera,1628,Teleostei,Clupeiformes,Pristigasteridae,"Ilisha filigera (Valenciennes, 1847)",EXACT,99,5214638,
Ilisha kampeni,1630,Teleostei,Clupeiformes,Pristigasteridae,"Ilisha kampeni (Weber & de Beaufort, 1913)",EXACT,99,5214622,
Ilisha macrogaster,1631,Teleostei,Clupeiformes,Pristigasteridae,"Ilisha macrogaster Bleeker, 1866",EXACT,99,5214636,
Ilisha megaloptera,1632,Teleostei,Clupeiformes,Pristigasteridae,"Ilisha megaloptera (Swainson, 1839)",EXACT,99,5214618,
Ilisha melastoma,1633,Teleostei,Clupeiformes,Pristigasteridae,"Ilisha melastoma (Bloch & Schneider, 1801)",EXACT,99,5214582,
Ilisha sirishae,1637,Teleostei,Clupeiformes,Pristigasteridae,"Ilisha sirishae Seshagiri Rao, 1975",EXACT,99,11142653,
Opisthopterus tardoore,1652,Teleostei,Clupeiformes,Pristigasteridae,"Opisthopterus tardoore (Cuvier, 1829)",EXACT,99,2412490,
Opisthopterus valenciennesi,1653,Teleostei,Clupeiformes,Pristigasteridae,"Opisthopterus valenciennesi Bleeker, 1872",EXACT,99,2412500,
Pellona ditchela,1641,Teleostei,Clupeiformes,Pristigasteridae,"Pellona ditchela Valenciennes, 1847",EXACT,99,2413564,
Raconda russeliana,1658,Teleostei,Clupeiformes,Pristigasteridae,"Raconda russeliana Gray, 1831",EXACT,99,2413510,
Pristolepis fasciata,10318,Teleostei,Anabantiformes,Pristolepididae,"Pristolepis fasciata (Bleeker, 1851)",EXACT,99,2399391,
Pristolepis grootii,12290,Teleostei,Anabantiformes,Pristolepididae,"Pristolepis grootii (Bleeker, 1852)",EXACT,99,2399397,
Psettodes erumei,513,Teleostei,Pleuronectiformes,Psettodidae,"Psettodes erumei (Bloch & Schneider, 1801)",EXACT,99,2409818,
Congrogadus subducens,4419,Teleostei,Ovalentaria/misc,Pseudochromidae,"Congrogadus subducens (Richardson, 1843)",EXACT,99,2381607,
Lubbockichthys multisquamatus,12656,Teleostei,Ovalentaria/misc,Pseudochromidae,"Lubbockichthys multisquamatus (Allen, 1987)",EXACT,99,2381805,
Manonichthys alleni,65047,Teleostei,Ovalentaria/misc,Pseudochromidae,"Manonichthys alleni Gill, 2004",EXACT,99,2381815,
Pictichromis diadema,24439,Teleostei,Ovalentaria/misc,Pseudochromidae,"Pictichromis diadema (Lubbock & Randall, 1978)",EXACT,99,2381588,
Pseudochromis bitaeniatus,12654,Teleostei,Ovalentaria/misc,Pseudochromidae,"Pseudochromis bitaeniatus (Fowler, 1931)",EXACT,99,2381678,
Pseudochromis cyanotaenia,14279,Teleostei,Ovalentaria/misc,Pseudochromidae,"Pseudochromis cyanotaenia Bleeker, 1857",EXACT,99,2381662,
Pseudochromis fowleri,59005,Teleostei,Ovalentaria/misc,Pseudochromidae,"Pseudochromis fowleri Herre, 1934",EXACT,99,2381680,
Pseudochromis perspicillatus,24444,Teleostei,Ovalentaria/misc,Pseudochromidae,"Pseudochromis perspicillatus Günther, 1862",EXACT,99,2381695,
Pseudoplesiops typus,7463,Teleostei,Ovalentaria/misc,Pseudochromidae,"Pseudoplesiops typus Bleeker, 1858",EXACT,99,5209546,
Rachycentron canadum,3542,Teleostei,Carangiformes,Rachycentridae,"Rachycentron canadum (Linnaeus, 1766)",EXACT,99,2391729,
Okamejei hollandi,4585,Elasmobranchii,Rajiformes,Rajidae,"Okamejei hollandi (Jordan & Richardson, 1909)",EXACT,99,2420104,
Rhincodon typus,2081,Elasmobranchii,Orectolobiformes,Rhincodontidae,"Rhincodon typus Smith, 1828",EXACT,99,2417522,
Rhina ancylostomus,8729,Elasmobranchii,Rhinopristiformes,Rhinidae,"Rhina ancylostoma Bloch & Schneider, 1801",FUZZY,95,5963013,
Rhynchobatus australiae,15380,Elasmobranchii,Rhinopristiformes,Rhinidae,"Rhynchobatus australiae Whitley, 1939",EXACT,99,2418942,
Rhynchobatus djiddensis,5503,Elasmobranchii,Rhinopristiformes,Rhinidae,"Rhynchobatus djiddensis (Forsskål, 1775)",EXACT,99,2418935,
Rhynchobatus laevis,57375,Elasmobranchii,Rhinopristiformes,Rhinidae,"Rhynchobatus laevis (Bloch & Schneider, 1801)",EXACT,99,2418939,
Rhynchobatus springeri,65550,Elasmobranchii,Rhinopristiformes,Rhinidae,"Rhynchobatus springeri Compagno & Last, 2010",EXACT,99,5963020,
Rhinobatos borneensis,68221,Elasmobranchii,Rhinopristiformes,Rhinobatidae,"Rhinobatos borneensis Last, Séret & Naylor, 2016",EXACT,99,8573069,
Rhinobatos thouiniana,62788,Elasmobranchii,Rhinopristiformes,Rhinobatidae,"Rhinobatos thouiniana (Shaw, 1804)",EXACT,99,2419036,
Rhinoptera javanica,7971,Elasmobranchii,Myliobatiformes,Rhinopteridae,"Rhinoptera javanica Müller & Henle, 1841",EXACT,99,5215779,
Rhinoptera jayakari,27176,Elasmobranchii,Myliobatiformes,Rhinopteridae,"Rhinoptera jayakari Boulenger, 1895",EXACT,99,5215776,
Oncorhynchus mykiss,239,Teleostei,Salmoniformes,Salmonidae,"Oncorhynchus mykiss (Walbaum, 1792)",EXACT,99,5204019,
Samaris cristatus,8290,Teleostei,Pleuronectiformes,Samaridae,"Samaris cristatus Gray, 1831",EXACT,99,2408990,
Scatophagus argus,4698,Teleostei,Acanthuriformes,Scatophagidae,"Scatophagus argus (Linnaeus, 1766)",EXACT,99,2394736,
Aspericorvina jubata,11984,Teleostei,Eupercaria/misc,Sciaenidae,"Aspericorvina jubata (Bleeker, 1855)",EXACT,99,2400070,
Atrobucca kyushini,15219,Teleostei,Eupercaria/misc,Sciaenidae,"Atrobucca kyushini Sasaki & Kailola, 1988",EXACT,99,2400385,
Bahaba polykladiskos,15220,Teleostei,Eupercaria/misc,Sciaenidae,"Bahaba polykladiskos (Bleeker, 1852)",EXACT,99,2400281,
Boesemania microlepis,15224,Teleostei,Eupercaria/misc,Sciaenidae,"Boesemania microlepis (Bleeker, 1858)",EXACT,99,2400374,
Chrysochir aurea,8308,Teleostei,Eupercaria/misc,Sciaenidae,"Chrysochir aureus (Richardson, 1846)",FUZZY,96,2400344,
Daysciaena albida,12049,Teleostei,Eupercaria/misc,Sciaenidae,"Daysciaena albida (Cuvier, 1830)",EXACT,99,2399705,
Dendrophysa russelii,4560,Teleostei,Eupercaria/misc,Sciaenidae,"Dendrophysa russelii (Cuvier, 1829)",EXACT,99,2399565,
Johnius amblycephalus,7785,Teleostei,Eupercaria/misc,Sciaenidae,"Johnius amblycephalus (Bleeker, 1855)",EXACT,99,2399453,
Johnius belangerii,5520,Teleostei,Eupercaria/misc,Sciaenidae,"Johnius belangerii (Cuvier, 1830)",EXACT,99,2399528,
Johnius borneensis,15263,Teleostei,Eupercaria/misc,Sciaenidae,"Johnius borneensis (Bleeker, 1851)",EXACT,99,2399466,
Johnius cantori,15916,Teleostei,Eupercaria/misc,Sciaenidae,"Johnius cantori Bleeker, 1874",EXACT,99,2399437,
Johnius carouna,15236,Teleostei,Eupercaria/misc,Sciaenidae,"Johnius carouna (Cuvier, 1830)",EXACT,99,2399527,
Johnius carutta,4647,Teleostei,Eupercaria/misc,Sciaenidae,"Johnius carutta Bloch, 1793",EXACT,99,2399447,
Johnius coitor,10544,Teleostei,Eupercaria/misc,Sciaenidae,"Johnius coitor (Hamilton, 1822)",EXACT,99,2399520,
Johnius dussumieri,6530,Teleostei,Eupercaria/misc,Sciaenidae,"Johnius dussumieri (Cuvier, 1830)",EXACT,97,2399465,
Johnius heterolepis,15244,Teleostei,Eupercaria/misc,Sciaenidae,"Johnius heterolepis Bleeker, 1873",EXACT,99,2399438,
Johnius macropterus,10348,Teleostei,Eupercaria/misc,Sciaenidae,"Johnius macropterus (Bleeker, 1853)",EXACT,99,2399458,
Johnius macrorhynus,15249,Teleostei,Eupercaria/misc,Sciaenidae,"Johnius macrorhynus (Lal Mohan, 1976)",EXACT,99,2399448,
Johnius plagiostoma,15448,Teleostei,Eupercaria/misc,Sciaenidae,"Johnius plagiostoma (Bleeker, 1849)",EXACT,99,2399544,
Johnius sasakii,70777,Teleostei,Eupercaria/misc,Sciaenidae,"Johnius sasakii Hanafi, Chen, Seah, Chang, Liu & Chao, 2022",EXACT,99,11666317,
Johnius trachycephalus,12051,Teleostei,Eupercaria/misc,Sciaenidae,"Johnius trachycephalus (Bleeker, 1851)",EXACT,99,2399518,
Johnius weberi,15259,Teleostei,Eupercaria/misc,Sciaenidae,"Johnius weberi Hardenberg, 1936",EXACT,99,2399449,
Larimichthys polyactis,416,Teleostei,Eupercaria/misc,Sciaenidae,"Larimichthys polyactis (Bleeker, 1877)",EXACT,99,2400171,
Nibea maculata,11003,Teleostei,Eupercaria/misc,Sciaenidae,"Nibea maculata (Bloch & Schneider, 1801)",EXACT,99,2399795,
Nibea soldado,8309,Teleostei,Eupercaria/misc,Sciaenidae,"Nibea soldado (Lacepède, 1802)",EXACT,99,2399488,
Otolithes ruber,4824,Teleostei,Eupercaria/misc,Sciaenidae,"Otolithes ruber (Bloch & Schneider, 1801)",EXACT,99,2400242,
Otolithoides biauritus,4570,Teleostei,Eupercaria/misc,Sciaenidae,"Otolithoides biauritus (Cantor, 1849)",EXACT,99,2399890,
Otolithoides pama,12056,Teleostei,Eupercaria/misc,Sciaenidae,"Otolithoides pama (Hamilton, 1822)",EXACT,99,2399885,
Panna microdon,8310,Teleostei,Eupercaria/misc,Sciaenidae,"Panna microdon (Bleeker, 1849)",EXACT,99,2399719,
Panna perarmata,15459,Teleostei,Eupercaria/misc,Sciaenidae,"Panna perarmatus (Chabanaud, 1926)",FUZZY,96,2399713,
Paranibea semiluctuosa,8311,Teleostei,Eupercaria/misc,Sciaenidae,"Paranibea semiluctuosa (Cuvier, 1830)",EXACT,99,2399744,
Pennahia aneus,13664,Teleostei,Eupercaria/misc,Sciaenidae,"Pennahia anea (Bloch, 1793)",FUZZY,96,2400227,
Pennahia argentata,434,Teleostei,Eupercaria/misc,Sciaenidae,"Pennahia argentata (Houttuyn, 1782)",EXACT,99,2400253,
Pennahia macrocephalus,8321,Teleostei,Eupercaria/misc,Sciaenidae,"Pennahia macrocephalus (Tang, 1937)",EXACT,99,2400246,
Protonibea diacanthus,4571,Teleostei,Eupercaria/misc,Sciaenidae,"Protonibea diacanthus (Lacepède, 1802)",EXACT,99,2400328,
Pseudolarimichthys terengganui,70157,Teleostei,Eupercaria/misc,Sciaenidae,"Pseudolarimichthys terengganui (Seah, Hanafi, Mazlan & Chao, 2015)",EXACT,99,10897668,
Pterotolithus lateoides,8391,Teleostei,Eupercaria/misc,Sciaenidae,"Pterotolithus lateoides (Bleeker, 1849)",EXACT,99,2400309,
Pterotolithus maculatus,8393,Teleostei,Eupercaria/misc,Sciaenidae,"Pterotolithus maculatus (Cuvier, 1830)",EXACT,99,2400303,
Sonorolux fluminis,15479,Teleostei,Eupercaria/misc,Sciaenidae,"Sonorolux fluminis Trewavas, 1977",EXACT,99,2400166,
Acanthocybium solandri,89,Teleostei,Scombriformes,Scombridae,"Acanthocybium solandri (Cuvier, 1832)",EXACT,99,2374069,
Auxis rochei,93,Teleostei,Scombriformes,Scombridae,"Auxis rochei (Risso, 1810)",EXACT,99,4286088,
Auxis thazard,94,Teleostei,Scombriformes,Scombridae,"Auxis thazard (Lacepède, 1800)",EXACT,99,4286082,
Euthynnus affinis,96,Teleostei,Scombriformes,Scombridae,"Euthynnus affinis (Cantor, 1849)",EXACT,99,5208561,
Grammatorcynus bilineatus,104,Teleostei,Scombriformes,Scombridae,"Grammatorcynus bilineatus (Rüppell, 1836)",EXACT,99,5208588,
Katsuwonus pelamis,107,Teleostei,Scombriformes,Scombridae,"Katsuwonus pelamis (Linnaeus, 1758)",EXACT,99,2374191,
Rastrelliger brachysoma,109,Teleostei,Scombriformes,Scombridae,"Rastrelliger brachysoma (Bleeker, 1851)",EXACT,99,2374336,
Rastrelliger faughni,110,Teleostei,Scombriformes,Scombridae,"Rastrelliger faughni Matsui, 1967",EXACT,99,2374337,
Rastrelliger kanagurta,111,Teleostei,Scombriformes,Scombridae,"Rastrelliger kanagurta (Cuvier, 1816)",EXACT,99,2374317,
Sarda orientalis,114,Teleostei,Scombriformes,Scombridae,"Sarda orientalis (Temminck & Schlegel, 1844)",EXACT,99,5208602,
Scomber australasicus,116,Teleostei,Scombriformes,Scombridae,"Scomber australasicus Cuvier, 1832",EXACT,99,2374156,
Scomberomorus commerson,121,Teleostei,Scombriformes,Scombridae,"Scomberomorus commerson (Lacepède, 1800)",EXACT,99,2374255,
Scomberomorus guttatus,123,Teleostei,Scombriformes,Scombridae,"Scomberomorus guttatus (Bloch & Schneider, 1801)",EXACT,99,2374233,
Scomberomorus koreanus,124,Teleostei,Scombriformes,Scombridae,"Scomberomorus koreanus (Kishinouye, 1915)",EXACT,99,2374292,
Scomberomorus lineolatus,125,Teleostei,Scombriformes,Scombridae,"Scomberomorus lineolatus (Cuvier, 1829)",EXACT,99,2374246,
Thunnus alalunga,142,Teleostei,Scombriformes,Scombridae,"Thunnus alalunga (Bonnaterre, 1788)",EXACT,97,9694948,
Thunnus albacares,143,Teleostei,Scombriformes,Scombridae,"Thunnus albacares (Bonnaterre, 1788)",EXACT,99,2374013,
Thunnus obesus,146,Teleostei,Scombriformes,Scombridae,"Thunnus obesus (Lowe, 1839)",EXACT,99,2373996,
Thunnus tonggol,148,Teleostei,Scombriformes,Scombridae,"Thunnus tonggol (Bleeker, 1851)",EXACT,99,2373933,
Brachypterois serrulata,9203,Teleostei,Perciformes/Scorpaenoidei,Scorpaenidae,"Brachypterois serrulata (Richardson, 1846)",EXACT,99,5201227,
Dendrochirus zebra,5828,Teleostei,Perciformes/Scorpaenoidei,Scorpaenidae,"Dendrochirus zebra (Cuvier, 1829)",EXACT,99,2334538,
Nemapterois biocellatus,5827,Teleostei,Perciformes/Scorpaenoidei,Scorpaenidae,"Nemapterois biocellata Fowler, 1938",FUZZY,96,2334547,2334545
Neochirus bella,8241,Teleostei,Perciformes/Scorpaenoidei,Scorpaenidae,,NONE,100,,
Neochirus brachyptera,4912,Teleostei,Perciformes/Scorpaenoidei,Scorpaenidae,,NONE,100,,
Neomerinthe amplisquamiceps,11662,Teleostei,Perciformes/Scorpaenoidei,Scorpaenidae,"Neomerinthe amplisquamiceps (Fowler, 1938)",EXACT,99,2334838,
Parascorpaena picta,8296,Teleostei,Perciformes/Scorpaenoidei,Scorpaenidae,"Parascorpaena picta (Cuvier, 1829)",EXACT,99,2334483,
Pontinus macrocephalus,8280,Teleostei,Perciformes/Scorpaenoidei,Scorpaenidae,"Pontinus macrocephalus (Sauvage, 1882)",EXACT,99,2334691,
Pterois russelii,6404,Teleostei,Perciformes/Scorpaenoidei,Scorpaenidae,"Pterois russelii Bennett, 1831",EXACT,99,2334447,
Pterois volitans,5195,Teleostei,Perciformes/Scorpaenoidei,Scorpaenidae,"Pterois volitans (Linnaeus, 1758)",EXACT,99,2334438,
Scorpaenodes albaiensis,7313,Teleostei,Perciformes/Scorpaenoidei,Scorpaenidae,"Scorpaenodes albaiensis (Evermann & Seale, 1907)",EXACT,99,2334393,
Scorpaenodes guamensis,5819,Teleostei,Perciformes/Scorpaenoidei,Scorpaenidae,"Scorpaenodes guamensis (Quoy & Gaimard, 1824)",EXACT,99,2334382,
Scorpaenopsis diabolus,4921,Teleostei,Perciformes/Scorpaenoidei,Scorpaenidae,"Scorpaenopsis diabolus (Cuvier, 1829)",EXACT,99,2334743,
Scorpaenopsis gibbosa,7918,Teleostei,Perciformes/Scorpaenoidei,Scorpaenidae,"Scorpaenopsis gibbosa (Bloch & Schneider, 1801)",EXACT,99,2334724,
Scorpaenopsis oxycephala,5822,Teleostei,Perciformes/Scorpaenoidei,Scorpaenidae,"Scorpaenopsis oxycephala (Bleeker, 1849)",EXACT,99,2334739,
Scorpaenopsis ramaraoi,59506,Teleostei,Perciformes/Scorpaenoidei,Scorpaenidae,"Scorpaenopsis ramaraoi Randall & Eschmeyer, 2001",EXACT,99,2334757,
Taenianotus triacanthus,5824,Teleostei,Perciformes/Scorpaenoidei,Scorpaenidae,"Taenianotus triacanthus Lacepède, 1802",EXACT,99,2334499,
Cephaloscyllium sarawakense,63780,Elasmobranchii,Carcharhiniformes,Scyliorhinidae,"Cephaloscyllium sarawakense Yano, Ahmad & Gambang, 2005",EXACT,99,11173441,
Chelidoperca hirundinacea,8237,Teleostei,Perciformes/Serranoidei,Serranidae,"Chelidoperca hirundinacea (Valenciennes, 1831)",EXACT,99,2388100,
Setarches guentheri,5029,Teleostei,Perciformes/Scorpaenoidei,Setarchidae,"Setarches guentheri Johnson, 1862",EXACT,99,2336894,
Siganus canaliculatus,4456,Teleostei,Acanthuriformes,Siganidae,"Siganus canaliculatus (Park, 1797)",EXACT,99,2390233,
Siganus corallinus,4611,Teleostei,Acanthuriformes,Siganidae,"Siganus corallinus (Valenciennes, 1835)",EXACT,99,2390296,
Siganus fuscescens,4616,Teleostei,Acanthuriformes,Siganidae,"Siganus fuscescens (Houttuyn, 1782)",EXACT,99,2390191,
Siganus guttatus,4588,Teleostei,Acanthuriformes,Siganidae,"Siganus guttatus (Bloch, 1787)",EXACT,99,2390286,
Siganus javus,4618,Teleostei,Acanthuriformes,Siganidae,"Siganus javus (Linnaeus, 1766)",EXACT,99,2390192,
Siganus lineatus,4625,Teleostei,Acanthuriformes,Siganidae,"Siganus lineatus (Valenciennes, 1835)",EXACT,99,2390288,
Siganus puellus,4617,Teleostei,Acanthuriformes,Siganidae,"Siganus puellus (Schlegel, 1852)",EXACT,99,2390277,
Siganus punctatissimus,4620,Teleostei,Acanthuriformes,Siganidae,"Siganus punctatissimus Fowler & Bean, 1929",EXACT,99,2390257,
Siganus punctatus,4621,Teleostei,Acanthuriformes,Siganidae,"Siganus punctatus (Schneider & Forster, 1801)",EXACT,99,2390198,
Siganus stellatus,4622,Teleostei,Acanthuriformes,Siganidae,"Siganus stellatus (Forsskål, 1775)",EXACT,99,2390297,
Siganus sutor,4615,Teleostei,Acanthuriformes,Siganidae,"Siganus sutor (Valenciennes, 1835)",EXACT,99,2390260,
Siganus vermiculatus,4561,Teleostei,Acanthuriformes,Siganidae,"Siganus vermiculatus (Valenciennes, 1835)",EXACT,99,2390251,
Siganus virgatus,4624,Teleostei,Acanthuriformes,Siganidae,"Siganus virgatus (Valenciennes, 1835)",EXACT,99,2390240,
Siganus vulpinus,4629,Teleostei,Acanthuriformes,Siganidae,"Siganus vulpinus (Schlegel & Müller, 1845)",EXACT,99,2390172,
Sillaginopodys chondropus,8006,Teleostei,Eupercaria/misc,Sillaginidae,"Sillaginopodys chondropus (Bleeker, 1849)",EXACT,99,2391928,
Sillaginopsis panijus,402,Teleostei,Eupercaria/misc,Sillaginidae,"Sillaginopsis panijus (Hamilton, 1822)",EXACT,99,2391975,
Sillago aeolus,8491,Teleostei,Eupercaria/misc,Sillaginidae,"Sillago aeolus Jordan & Evermann, 1902",EXACT,99,2391963,
Sillago asiatica,8496,Teleostei,Eupercaria/misc,Sillaginidae,"Sillago asiatica McKay, 1982",EXACT,99,2391971,
Sillago maculata,7925,Teleostei,Eupercaria/misc,Sillaginidae,"Sillago maculata Quoy & Gaimard, 1824",EXACT,99,2391922,
Sillago sihama,4544,Teleostei,Eupercaria/misc,Sillaginidae,"Sillago sihama (Forsskål, 1775)",EXACT,99,2391929,
Sillago vincenti,8319,Teleostei,Eupercaria/misc,Sillaginidae,"Sillago vincenti McKay, 1980",EXACT,99,2391937,
Belodontichthys dinema,23087,Teleostei,Siluriformes,Siluridae,"Belodontichthys dinema (Bleeker, 1851)",EXACT,99,2337806,
Ceratoglanis scleronema,16136,Teleostei,Siluriformes,Siluridae,"Ceratoglanis scleronema (Bleeker, 1862)",EXACT,99,2337581,
Kryptopterus baramensis,59736,Teleostei,Siluriformes,Siluridae,"Kryptopterus baramensis Ng, 2002",EXACT,99,2337920,
Kryptopterus bicirrhis,10920,Teleostei,Siluriformes,Siluridae,"Kryptopterus bicirrhis (Valenciennes, 1840)",EXACT,99,2337886,
Kryptopterus cryptopterus,16139,Teleostei,Siluriformes,Siluridae,"Kryptopterus cryptopterus (Bleeker, 1851)",EXACT,99,2337905,
Kryptopterus lais,23092,Teleostei,Siluriformes,Siluridae,"Kryptopterus lais (Bleeker, 1851)",EXACT,99,2337898,
Kryptopterus limpok,23093,Teleostei,Siluriformes,Siluridae,"Kryptopterus limpok (Bleeker, 1852)",EXACT,99,2337903,
Kryptopterus macrocephalus,11991,Teleostei,Siluriformes,Siluridae,"Kryptopterus macrocephalus (Bleeker, 1858)",EXACT,99,2337908,
Kryptopterus sabanus,23109,Teleostei,Siluriformes,Siluridae,"Kryptopterus sabanus (Inger & Chin, 1959)",EXACT,99,2337914,
Micronema hexapterus,23098,Teleostei,Siluriformes,Siluridae,"Micronema hexapterus (Bleeker, 1851)",EXACT,99,5201676,
Micronema platypogon,61547,Teleostei,Siluriformes,Siluridae,"Micronema platypogon (Ng, 2004)",EXACT,99,5201678,
Ompok eugeneiatus,23106,Teleostei,Siluriformes,Siluridae,"Ompok eugeneiatus (Vaillant, 1893)",EXACT,99,2337638,
Ompok fumidus,58684,Teleostei,Siluriformes,Siluridae,"Ompok fumidus Tan & Ng, 1996",EXACT,99,2337635,
Ompok hypophthalmus,23107,Teleostei,Siluriformes,Siluridae,"Ompok hypophthalmus (Bleeker, 1846)",EXACT,99,2337657,
Ompok jaynei,58683,Teleostei,Siluriformes,Siluridae,"Ompok jaynei Fowler, 1905",EXACT,99,2337664,
Ompok leiacanthus,23108,Teleostei,Siluriformes,Siluridae,"Ompok leiacanthus (Bleeker, 1853)",EXACT,99,2337669,
Ompok rhadinurus,62013,Teleostei,Siluriformes,Siluridae,"Ompok rhadinurus Ng, 2003",EXACT,99,2337727,
Ompok siluroides,66246,Teleostei,Siluriformes,Siluridae,"Ompok siluroides Lacepède, 1803",EXACT,99,2337685,
Phalacronotus apogon,16143,Teleostei,Siluriformes,Siluridae,"Phalacronotus apogon (Bleeker, 1851)",EXACT,99,2337856,
Phalacronotus micronemus,23096,Teleostei,Siluriformes,Siluridae,"Phalacronotus micronemus (Bleeker, 1846)",EXACT,99,2337866,
Phalacronotus parvanalis,23103,Teleostei,Siluriformes,Siluridae,"Phalacronotus parvanalis (Inger & Chin, 1959)",EXACT,99,2337854,
Pterocryptis cochinchinensis,14488,Teleostei,Siluriformes,Siluridae,"Pterocryptis cochinchinensis (Valenciennes, 1840)",EXACT,99,2337794,
Pterocryptis furnessi,23111,Teleostei,Siluriformes,Siluridae,"Pterocryptis furnessi (Fowler, 1905)",EXACT,99,2337769,
Silurichthys hasseltii,23113,Teleostei,Siluriformes,Siluridae,"Silurichthys hasseltii Bleeker, 1858",EXACT,99,2337745,
Silurichthys indragiriensis,55211,Teleostei,Siluriformes,Siluridae,"Silurichthys indragiriensis Volz, 1904",EXACT,99,2337747,
Silurichthys marmoratus,55212,Teleostei,Siluriformes,Siluridae,"Silurichthys marmoratus Ng & Ng, 1998",EXACT,99,2337744,
Silurichthys phaiosoma,23115,Teleostei,Siluriformes,Siluridae,"Silurichthys phaiosoma (Bleeker, 1851)",EXACT,99,2337736,
Silurichthys schneideri,23116,Teleostei,Siluriformes,Siluridae,"Silurichthys schneideri Volz, 1904",EXACT,99,2337742,
Wallago attu,10243,Teleostei,Siluriformes,Siluridae,"Wallago attu (Bloch & Schneider, 1801)",EXACT,99,2337824,
Wallago leerii,10314,Teleostei,Siluriformes,Siluridae,"Wallago leerii Bleeker, 1851",EXACT,99,2337840,
Wallago maculatus,27260,Teleostei,Siluriformes,Siluridae,"Wallago maculatus Inger & Chin, 1959",EXACT,99,2337839,
Bagarius bagarius,12006,Teleostei,Siluriformes,Sisoridae,"Bagarius bagarius (Hamilton, 1822)",EXACT,99,2341206,
Bagarius lica,23314,Teleostei,Siluriformes,Sisoridae,"Bagarius lica Volz, 1903",EXACT,98,5961241,2341213
Glyptothorax laosensis,26760,Teleostei,Siluriformes,Sisoridae,"Glyptothorax laosensis Fowler, 1934",EXACT,99,2341327,
Glyptothorax major,23319,Teleostei,Siluriformes,Sisoridae,"Glyptothorax major (Boulenger, 1894)",EXACT,99,2341296,
Glyptothorax platypogon,23320,Teleostei,Siluriformes,Sisoridae,"Glyptothorax platypogon (Valenciennes, 1840)",EXACT,99,2341383,
Glyptothorax platypogonides,23322,Teleostei,Siluriformes,Sisoridae,"Glyptothorax platypogonides (Bleeker, 1855)",EXACT,99,2341316,
Glyptothorax siamensis,62706,Teleostei,Siluriformes,Sisoridae,"Glyptothorax siamensis Hora, 1923",EXACT,99,2341420,
Achiroides leucorhynchos,25162,Teleostei,Pleuronectiformes,Soleidae,"Achiroides leucorhynchos Bleeker, 1851",EXACT,99,2409989,
Achiroides melanorhynchus,25164,Teleostei,Pleuronectiformes,Soleidae,"Achiroides melanorhynchus (Bleeker, 1850)",EXACT,99,2409990,
Aseraggodes senoui,63918,Teleostei,Pleuronectiformes,Soleidae,"Aseraggodes senoui Randall & Desoutter-Meniger, 2007",EXACT,99,2410221,
Brachirus macrolepis,60535,Teleostei,Pleuronectiformes,Soleidae,"Brachirus macrolepis (Bleeker, 1858)",EXACT,99,5962300,
Brachirus orientalis,8312,Teleostei,Pleuronectiformes,Soleidae,"Brachirus orientalis (Bloch & Schneider, 1801)",EXACT,99,5962313,
Brachirus panoides,25167,Teleostei,Pleuronectiformes,Soleidae,"Brachirus panoides (Bleeker, 1851)",EXACT,99,5962305,
Liachirus melanospilos,8323,Teleostei,Pleuronectiformes,Soleidae,"Liachirus melanospilos (Bleeker, 1854)",EXACT,99,2410087,
Pardachirus pavoninus,8271,Teleostei,Pleuronectiformes,Soleidae,"Pardachirus pavoninus (Lacepède, 1802)",EXACT,99,2410261,
Typhlachirus lipophthalmus,69697,Teleostei,Pleuronectiformes,Soleidae,"Typhlachirus lipophthalmus (Károli, 1882)",EXACT,99,11165183,
Zebrias altipinnis,58958,Teleostei,Pleuronectiformes,Soleidae,"Zebrias altipinnis (Alcock, 1890)",EXACT,99,2409876,
Zebrias quagga,8194,Teleostei,Pleuronectiformes,Soleidae,"Zebrias quagga (Kaup, 1858)",EXACT,99,2409880,
Solenostomus paegnius,66889,Teleostei,Syngnathiformes,Solenostomidae,"Solenostomus paegnius Jordan & Thompson, 1914",EXACT,99,5200914,
Solenostomus paradoxus,7312,Teleostei,Syngnathiformes,Solenostomidae,"Solenostomus paradoxus (Pallas, 1770)",EXACT,99,5200920,
Acanthopagrus berda,5526,Teleostei,Eupercaria/misc,Sparidae,"Acanthopagrus berda (Forsskål, 1775)",EXACT,99,2392290,
Acanthopagrus pacificus,65896,Teleostei,Eupercaria/misc,Sparidae,"Acanthopagrus pacificus Iwatsuki, Kume & Yoshino, 2010",EXACT,99,5961967,
Argyrops bleekeri,8103,Teleostei,Eupercaria/misc,Sparidae,"Argyrops bleekeri Oshima, 1927",EXACT,99,5211033,
Argyrops spinifer,442,Teleostei,Eupercaria/misc,Sparidae,"Argyrops spinifer (Forsskål, 1775)",EXACT,99,5211027,
Dentex angolensis,440,Teleostei,Eupercaria/misc,Sparidae,"Dentex angolensis Poll & Maul, 1953",EXACT,99,2392658,
Rhabdosargus sarba,5368,Teleostei,Eupercaria/misc,Sparidae,"Rhabdosargus sarba (Forsskål, 1775)",EXACT,99,2392320,
Sphyraena barracuda,1235,Teleostei,Carangaria/misc,Sphyraenidae,"Sphyraena barracuda (Edwards, 1771)",EXACT,99,9784990,
Sphyraena flavicauda,7937,Teleostei,Carangaria/misc,Sphyraenidae,"Sphyraena flavicauda Rüppell, 1838",EXACT,99,2394248,
Sphyraena forsteri,5734,Teleostei,Carangaria/misc,Sphyraenidae,"Sphyraena forsteri Cuvier, 1829",EXACT,99,2394213,
Sphyraena jello,4827,Teleostei,Carangaria/misc,Sphyraenidae,"Sphyraena jello Cuvier, 1829",EXACT,99,2394208,
Sphyraena obtusata,4493,Teleostei,Carangaria/misc,Sphyraenidae,"Sphyraena obtusata Cuvier, 1829",EXACT,99,2394249,
Sphyraena putnamae,7938,Teleostei,Carangaria/misc,Sphyraenidae,"Sphyraena putnamae Jordan & Seale, 1905",EXACT,99,2394217,
Sphyraena qenie,7939,Teleostei,Carangaria/misc,Sphyraenidae,"Sphyraena qenie Klunzinger, 1870",EXACT,99,2394210,
Eusphyra blochii,908,Elasmobranchii,Carcharhiniformes,Sphyrnidae,"Eusphyra blochii (Cuvier, 1816)",EXACT,99,2418825,
Sphyrna lewini,912,Elasmobranchii,Carcharhiniformes,Sphyrnidae,"Sphyrna lewini (Griffith & Smith, 1834)",EXACT,99,2418789,
Sphyrna mokarran,914,Elasmobranchii,Carcharhiniformes,Sphyrnidae,"Sphyrna mokarran (Rüppell, 1837)",EXACT,99,2418792,
Sphyrna zygaena,917,Elasmobranchii,Carcharhiniformes,Sphyrnidae,"Sphyrna zygaena (Linnaeus, 1758)",EXACT,99,2418794,
Spratelloides delicatulus,1457,Teleostei,Clupeiformes,Spratelloididae,"Spratelloides delicatulus (Bennett, 1832)",EXACT,99,2412987,
Spratelloides gracilis,1458,Teleostei,Clupeiformes,Spratelloididae,"Spratelloides gracilis (Temminck & Schlegel, 1846)",EXACT,99,2412980,
Squalus japonicus,710,Elasmobranchii,Squaliformes,Squalidae,"Squalus japonicus Ishikawa, 1908",EXACT,99,5216337,
Stegostoma tigrinum,5374,Elasmobranchii,Orectolobiformes,Stegostomatidae,"Stegostoma tigrinus (Forster, 1781)",FUZZY,96,8493577,2417450
Pampus argenteus,491,Teleostei,Scombriformes,Stromateidae,"Pampus argenteus (Euphrasen, 1788)",EXACT,99,2397682,
Pampus chinensis,8187,Teleostei,Scombriformes,Stromateidae,"Pampus chinensis (Euphrasen, 1788)",EXACT,99,2397671,
Pampus cinereus,69458,Teleostei,Scombriformes,Stromateidae,"Pampus cinereus (Bloch, 1795)",EXACT,98,2397674,2397682
Sundadanio axelrodi,10349,Teleostei,Cypriniformes,Sundadanionidae,"Sundadanio axelrodi (Brittan, 1976)",EXACT,99,2360276,
Sundadanio margarition,66355,Teleostei,Cypriniformes,Sundadanionidae,"Sundadanio margarition Conway, Kottelat & Tan, 2011",EXACT,99,6166841,
Parascombrops philippinensis,10338,Teleostei,Acropomatiformes,Synagropidae,"Parascombrops philippinensis (Günther, 1880)",EXACT,99,9562857,
Choridactylus multibarbus,6387,Teleostei,Perciformes/Scorpaenoidei,Synanceiidae,"Choridactylus multibarbus Richardson, 1848",EXACT,99,2333701,
Inimicus cuvieri,10637,Teleostei,Perciformes/Scorpaenoidei,Synanceiidae,"Inimicus cuvieri (Gray, 1835)",EXACT,99,2333632,
Inimicus didactylus,5826,Teleostei,Perciformes/Scorpaenoidei,Synanceiidae,"Inimicus didactylus (Pallas, 1769)",EXACT,99,2333640,
Leptosynanceia asteroblepa,24790,Teleostei,Perciformes/Scorpaenoidei,Synanceiidae,"Leptosynanceia asteroblepa (Richardson, 1844)",EXACT,99,2333657,
Minous monodactylus,6388,Teleostei,Perciformes/Scorpaenoidei,Synanceiidae,"Minous monodactylus (Bloch & Schneider, 1801)",EXACT,99,2333668,
Minous quincarinatus,8264,Teleostei,Perciformes/Scorpaenoidei,Synanceiidae,"Minous quincarinatus (Fowler, 1943)",EXACT,99,2333685,
Minous trachycephalus,11661,Teleostei,Perciformes/Scorpaenoidei,Synanceiidae,"Minous trachycephalus (Bleeker, 1855)",EXACT,99,2333679,
Synanceia quinque,69496,Teleostei,Perciformes/Scorpaenoidei,Synanceiidae,"Synanceia quinque Matsunuma, Manjaji-Matsumoto & Motomura, 2021",EXACT,99,11181029,
Trachicephalus uranoscopus,59086,Teleostei,Perciformes/Scorpaenoidei,Synanceiidae,"Trachicephalus uranoscopus (Bloch & Schneider, 1801)",EXACT,99,5201170,
Macrotrema caligans,53016,Teleostei,Synbranchiformes,Synbranchidae,"Macrotrema caligans (Cantor, 1849)",EXACT,99,5204077,
Monopterus albus,4663,Teleostei,Synbranchiformes,Synbranchidae,"Monopterus albus (Zuiew, 1793)",EXACT,99,5204081,
Ophisternon bengalense,22496,Teleostei,Synbranchiformes,Synbranchidae,"Ophisternon bengalense McClelland, 1844",EXACT,99,2352009,
Choeroichthys brachysoma,5958,Teleostei,Syngnathiformes,Syngnathidae,"Choeroichthys brachysoma (Bleeker, 1855)",EXACT,99,2332745,
Doryichthys boaja,11773,Teleostei,Syngnathiformes,Syngnathidae,"Doryichthys boaja (Bleeker, 1850)",EXACT,99,2332724,
Doryichthys martensii,11807,Teleostei,Syngnathiformes,Syngnathidae,"Doryichthys martensii (Peters, 1868)",EXACT,99,2332730,
Doryrhamphus negrosensis,5971,Teleostei,Syngnathiformes,Syngnathidae,"Doryrhamphus negrosensis Herre, 1934",EXACT,99,4286275,
Halicampus nitidus,5976,Teleostei,Syngnathiformes,Syngnathidae,"Halicampus nitidus (Günther, 1873)",EXACT,99,2332837,
Hippichthys cyanospilos,7728,Teleostei,Syngnathiformes,Syngnathidae,"Hippichthys cyanospilos (Bleeker, 1854)",EXACT,99,2333084,
Hippocampus barbouri,53789,Teleostei,Syngnathiformes,Syngnathidae,"Hippocampus barbouri Jordan & Richardson, 1908",EXACT,99,5201036,
Hippocampus bargibanti,53790,Teleostei,Syngnathiformes,Syngnathidae,"Hippocampus bargibanti Whitley, 1970",EXACT,99,5201130,
Hippocampus comes,53792,Teleostei,Syngnathiformes,Syngnathidae,"Hippocampus comes Cantor, 1849",EXACT,99,5201144,
Hippocampus denise,60329,Teleostei,Syngnathiformes,Syngnathidae,"Hippocampus denise Lourie & Randall, 2003",EXACT,99,5201142,
Hippocampus histrix,5954,Teleostei,Syngnathiformes,Syngnathidae,"Hippocampus histrix Kaup, 1856",EXACT,99,5201038,
Hippocampus kelloggi,53815,Teleostei,Syngnathiformes,Syngnathidae,"Hippocampus kelloggi Jordan & Snyder, 1901",EXACT,99,5201145,
Hippocampus kuda,5955,Teleostei,Syngnathiformes,Syngnathidae,"Hippocampus kuda Bleeker, 1852",EXACT,99,5201037,
Hippocampus mohnikei,53911,Teleostei,Syngnathiformes,Syngnathidae,"Hippocampus mohnikei Bleeker, 1853",EXACT,99,5201096,
Hippocampus pontohi,64800,Teleostei,Syngnathiformes,Syngnathidae,"Hippocampus pontohi Lourie & Kuiter, 2008",EXACT,99,5201122,
Hippocampus satomiae,64802,Teleostei,Syngnathiformes,Syngnathidae,"Hippocampus satomiae Lourie & Kuiter, 2008",EXACT,99,5201056,
Hippocampus spinosissimus,25974,Teleostei,Syngnathiformes,Syngnathidae,"Hippocampus spinosissimus Weber, 1913",EXACT,99,5201147,
Hippocampus trimaculatus,22816,Teleostei,Syngnathiformes,Syngnathidae,"Hippocampus trimaculatus Leach, 1814",EXACT,99,5201089,
Ichthyocampus carce,11808,Teleostei,Syngnathiformes,Syngnathidae,"Ichthyocampus carce (Hamilton, 1822)",EXACT,99,2333355,
Micrognathus micronotopterus,7730,Teleostei,Syngnathiformes,Syngnathidae,"Micrognathus micronotopterus (Fowler, 1938)",EXACT,99,2333175,
Microphis deokhatoides,11775,Teleostei,Syngnathiformes,Syngnathidae,"Microphis Kaup, 1853",HIGHERRANK,94,2333216,
Phoxocampus belcheri,7742,Teleostei,Syngnathiformes,Syngnathidae,"Phoxocampus belcheri (Kaup, 1856)",EXACT,99,2333360,
Phoxocampus diacanthus,5979,Teleostei,Syngnathiformes,Syngnathidae,"Phoxocampus diacanthus (Schultz, 1943)",EXACT,99,2333363,
Solegnathus lettiensis,8329,Teleostei,Syngnathiformes,Syngnathidae,"Solegnathus lettiensis Bleeker, 1860",EXACT,99,2332689,
Harpadon nehereus,260,Teleostei,Aulopiformes,Synodontidae,"Harpadon nehereus (Hamilton, 1822)",EXACT,99,2401128,
Saurida argentea,59118,Teleostei,Aulopiformes,Synodontidae,"Saurida argentea Macleay, 1881",EXACT,99,2401150,
Saurida elongata,4764,Teleostei,Aulopiformes,Synodontidae,"Saurida elongata (Temminck & Schlegel, 1846)",EXACT,99,2401133,
Saurida longimanus,4828,Teleostei,Aulopiformes,Synodontidae,"Saurida longimanus Norman, 1939",EXACT,99,2401148,
Saurida micropectoralis,4467,Teleostei,Aulopiformes,Synodontidae,"Saurida micropectoralis Shindo & Yamada, 1972",EXACT,99,2401151,
Saurida tumbil,6479,Teleostei,Aulopiformes,Synodontidae,"Saurida tumbil (Bloch, 1795)",EXACT,99,2401145,
Saurida undosquamis,1055,Teleostei,Aulopiformes,Synodontidae,"Saurida undosquamis (Richardson, 1848)",EXACT,99,2401167,
Synodus macrops,8299,Teleostei,Aulopiformes,Synodontidae,"Synodus macrops Tanaka, 1917",EXACT,99,5212686,
Synodus rubromarmoratus,10706,Teleostei,Aulopiformes,Synodontidae,"Synodus rubromarmoratus Russell & Cressey, 1979",EXACT,99,5212679,
Synodus variegatus,5398,Teleostei,Aulopiformes,Synodontidae,"Synodus variegatus (Lacepède, 1803)",EXACT,99,5212639,
Trachinocephalus trachinus,69559,Teleostei,Aulopiformes,Synodontidae,"Trachinocephalus trachinus (Temminck & Schlegel, 1846)",EXACT,98,2401180,5212618
Pelates quadrilineatus,7945,Teleostei,Centrarchiformes,Terapontidae,"Pelates quadrilineatus (Bloch, 1790)",EXACT,99,5208652,
Terapon jarbua,4458,Teleostei,Centrarchiformes,Terapontidae,"Terapon jarbua (Forsskål, 1775)",EXACT,99,2374521,
Terapon puta,7946,Teleostei,Centrarchiformes,Terapontidae,"Terapon puta Cuvier, 1829",EXACT,99,2374540,
Terapon theraps,4829,Teleostei,Centrarchiformes,Terapontidae,"Terapon theraps Cuvier, 1829",EXACT,99,2374535,
Arothron carduus,55071,Teleostei,Tetraodontiformes,Tetraodontidae,"Arothron carduus (Cantor, 1849)",EXACT,99,2407359,
Arothron immaculatus,7188,Teleostei,Tetraodontiformes,Tetraodontidae,"Arothron immaculatus (Bloch & Schneider, 1801)",EXACT,99,2407364,
Arothron reticularis,6594,Teleostei,Tetraodontiformes,Tetraodontidae,"Arothron reticularis (Bloch & Schneider, 1801)",EXACT,99,2407356,
Arothron stellatus,6526,Teleostei,Tetraodontiformes,Tetraodontidae,"Arothron stellatus (Anonymous, 1798)",EXACT,97,2407362,
Auriglobus modestus,25171,Teleostei,Tetraodontiformes,Tetraodontidae,"Auriglobus modestus (Bleeker, 1850)",EXACT,99,2407788,
Auriglobus nefastus,25172,Teleostei,Tetraodontiformes,Tetraodontidae,"Auriglobus nefastus (Roberts, 1982)",EXACT,99,2407793,
Auriglobus remotus,25173,Teleostei,Tetraodontiformes,Tetraodontidae,"Auriglobus remotus (Roberts, 1982)",EXACT,99,2407786,
Canthigaster compressa,6542,Teleostei,Tetraodontiformes,Tetraodontidae,"Canthigaster compressa (Marion de Procé, 1822)",EXACT,99,2407692,
Canthigaster epilampra,7846,Teleostei,Tetraodontiformes,Tetraodontidae,"Canthigaster epilampra (Jenkins, 1903)",EXACT,99,2407696,
Canthigaster ocellicincta,12684,Teleostei,Tetraodontiformes,Tetraodontidae,"Canthigaster ocellicincta Allen & Randall, 1977",EXACT,99,2407710,
Carinotetraodon borneensis,58204,Teleostei,Tetraodontiformes,Tetraodontidae,"Carinotetraodon borneensis (Regan, 1903)",EXACT,99,2407804,
Carinotetraodon lorteti,25169,Teleostei,Tetraodontiformes,Tetraodontidae,"Carinotetraodon lorteti (Tirant, 1885)",EXACT,99,2407809,
Carinotetraodon salivator,27253,Teleostei,Tetraodontiformes,Tetraodontidae,"Carinotetraodon salivator Lim & Kottelat, 1995",EXACT,99,2407800,
Chelonodon patoca,6610,Teleostei,Tetraodontiformes,Tetraodontidae,"Chelonodon patoca (Hamilton, 1822)",EXACT,99,2407317,
Dichotomyctere fluviatilis,11270,Teleostei,Tetraodontiformes,Tetraodontidae,"Dichotomyctere fluviatilis (Hamilton, 1822)",EXACT,99,9491873,
Dichotomyctere kretamensis,25178,Teleostei,Tetraodontiformes,Tetraodontidae,"Dichotomyctere kretamensis (Inger, 1953)",EXACT,99,9241846,
Dichotomyctere nigroviridis,7763,Teleostei,Tetraodontiformes,Tetraodontidae,"Dichotomyctere nigroviridis (Marion de Procé, 1822)",EXACT,99,9285041,
Dichotomyctere ocellatus,25175,Teleostei,Tetraodontiformes,Tetraodontidae,"Dichotomyctere ocellatus (Steindachner, 1870)",EXACT,99,9634430,
Lagocephalus lunaris,8263,Teleostei,Tetraodontiformes,Tetraodontidae,"Lagocephalus lunaris (Bloch & Schneider, 1801)",EXACT,99,2407773,
Lagocephalus sceleratus,4761,Teleostei,Tetraodontiformes,Tetraodontidae,"Lagocephalus sceleratus (Gmelin, 1789)",EXACT,99,2407758,
Lagocephalus spadiceus,8180,Teleostei,Tetraodontiformes,Tetraodontidae,"Lagocephalus spadiceus (Richardson, 1845)",EXACT,99,2407741,
Pao leiurus,16134,Teleostei,Tetraodontiformes,Tetraodontidae,"Pao leiurus (Bleeker, 1850)",EXACT,99,8365527,
Pao palembangensis,25179,Teleostei,Tetraodontiformes,Tetraodontidae,"Pao palembangensis (Bleeker, 1851)",EXACT,99,8413659,
Takifugu oblongus,8301,Teleostei,Tetraodontiformes,Tetraodontidae,"Takifugu oblongus (Bloch, 1786)",EXACT,99,2407581,
Torquigener hypselogeneion,8307,Teleostei,Tetraodontiformes,Tetraodontidae,"Torquigener hypselogeneion (Bleeker, 1852)",EXACT,99,2407287,
Tylerius spinosissimus,8072,Teleostei,Tetraodontiformes,Tetraodontidae,"Tylerius spinosissimus (Regan, 1908)",EXACT,99,2407916,
Neocentropogon aeglefinus,8186,Teleostei,Perciformes/Scorpaenoidei,Tetrarogidae,"Neocentropogon aeglefinus (Weber, 1913)",EXACT,99,2335262,
Toxotes chatareus,8079,Teleostei,Carangaria/misc,Toxotidae,"Toxotes chatareus (Hamilton, 1822)",EXACT,99,2382430,
Toxotes jaculatrix,8229,Teleostei,Carangaria/misc,Toxotidae,"Toxotes jaculatrix (Pallas, 1767)",EXACT,99,2382436,
Toxotes microlepis,24840,Teleostei,Carangaria/misc,Toxotidae,"Toxotes microlepis Günther, 1860",EXACT,98,2382435,
Pseudotriacanthus strigilifer,8191,Teleostei,Tetraodontiformes,Triacanthidae,"Pseudotriacanthus strigilifer (Cantor, 1849)",EXACT,99,2406588,
Triacanthus biaculeatus,4562,Teleostei,Tetraodontiformes,Triacanthidae,"Triacanthus biaculeatus (Bloch, 1786)",EXACT,99,5213397,
Triacanthus nieuhofii,10570,Teleostei,Tetraodontiformes,Triacanthidae,"Triacanthus nieuhofii Bleeker, 1852",EXACT,99,5213403,
Tripodichthys blochii,8413,Teleostei,Tetraodontiformes,Triacanthidae,"Tripodichthys blochii (Bleeker, 1852)",EXACT,99,2406579,
Tripodichthys oxycephalus,15229,Teleostei,Tetraodontiformes,Triacanthidae,"Tripodichthys oxycephalus (Bleeker, 1851)",EXACT,99,2406577,
Triacanthodes anomalus,7622,Teleostei,Tetraodontiformes,Triacanthodidae,"Triacanthodes anomalus (Temminck & Schlegel, 1850)",EXACT,99,2408077,
Mustelus mosis,5942,Elasmobranchii,Carcharhiniformes,Triakidae,"Mustelus mosis Hemprich & Ehrenberg, 1899",EXACT,98,2418367,
Benthodesmus suluensis,8555,Teleostei,Scombriformes,Trichiuridae,"Benthodesmus suluensis Parin, 1976",EXACT,99,2389343,
Benthodesmus tenuis,8563,Teleostei,Scombriformes,Trichiuridae,"Benthodesmus tenuis (Günther, 1877)",EXACT,99,2389338,
Benthodesmus vityazi,8566,Teleostei,Scombriformes,Trichiuridae,"Benthodesmus vityazi Parin & Becker, 1970",EXACT,99,2389342,
Eupleurogrammus glossodon,8567,Teleostei,Scombriformes,Trichiuridae,"Eupleurogrammus glossodon (Bleeker, 1860)",EXACT,99,2389321,
Eupleurogrammus muticus,8244,Teleostei,Scombriformes,Trichiuridae,"Eupleurogrammus muticus (Gray, 1831)",EXACT,99,2389325,
Lepturacanthus savala,8314,Teleostei,Scombriformes,Trichiuridae,"Lepturacanthus savala (Cuvier, 1829)",EXACT,99,2389430,
Tentoriceps cristatus,7947,Teleostei,Scombriformes,Trichiuridae,"Tentoriceps cristatus (Klunzinger, 1884)",EXACT,99,2389383,
Trichiurus lepturus,1288,Teleostei,Scombriformes,Trichiuridae,"Trichiurus lepturus Linnaeus, 1758",EXACT,99,2389407,
Lepidotrigla abyssalis,24016,Teleostei,Perciformes/Scorpaenoidei,Triglidae,"Lepidotrigla abyssalis Jordan & Starks, 1904",EXACT,99,2336671,
Lepidotrigla japonica,10439,Teleostei,Perciformes/Scorpaenoidei,Triglidae,"Lepidotrigla japonica (Bleeker, 1854)",EXACT,99,2336678,
Lepidotrigla spiloptera,10366,Teleostei,Perciformes/Scorpaenoidei,Triglidae,"Lepidotrigla spiloptera Günther, 1880",EXACT,99,2336667,
Pterygotrigla hemisticta,8285,Teleostei,Perciformes/Scorpaenoidei,Triglidae,"Pterygotrigla hemisticta (Temminck & Schlegel, 1843)",EXACT,99,2336624,
Ceratobregma helenae,46902,Teleostei,Blenniiformes,Tripterygiidae,"Ceratobregma helenae Holleman, 1987",EXACT,99,2392774,
Enneapterygius cerasinus,51559,Teleostei,Blenniiformes,Tripterygiidae,"Enneapterygius cerasinus Jordan & Seale, 1906",EXACT,98,2393002,2392869
Enneapterygius minutus,14198,Teleostei,Blenniiformes,Tripterygiidae,"Enneapterygius minutus (Günther, 1877)",EXACT,99,2392869,
Enneapterygius pallidoserialis,51550,Teleostei,Blenniiformes,Tripterygiidae,"Enneapterygius pallidoserialis Fricke, 1997",EXACT,99,2393015,
Enneapterygius similis,51558,Teleostei,Blenniiformes,Tripterygiidae,"Enneapterygius similis Fricke, 1997",EXACT,99,2392978,
Helcogramma capidata,8502,Teleostei,Blenniiformes,Tripterygiidae,"Helcogramma capidata Rosenblatt, 1960",EXACT,99,2392893,
Helcogramma fuscipectoris,51563,Teleostei,Blenniiformes,Tripterygiidae,"Helcogramma fuscipectoris (Fowler, 1946)",EXACT,99,2392881,
Helcogramma springeri,8511,Teleostei,Blenniiformes,Tripterygiidae,"Helcogramma springeri Hansen, 1986",EXACT,99,2392891,
Helcogramma trigloides,23562,Teleostei,Blenniiformes,Tripterygiidae,"Helcogramma trigloides (Bleeker, 1858)",EXACT,99,2392889,
Ucla xenogrammus,47204,Teleostei,Blenniiformes,Tripterygiidae,"Ucla xenogrammus Holleman, 1993",EXACT,99,2393062,
Ichthyscopus malacopterus,62129,Teleostei,Perciformes/Uranoscopoidei,Uranoscopidae,Ichthyscopus malacopterus,EXACT,99,2394437,
Uranoscopus bicinctus,7621,Teleostei,Perciformes/Uranoscopoidei,Uranoscopidae,"Uranoscopus bicinctus Temminck & Schlegel, 1843",EXACT,99,2394363,
Uranoscopus cognatus,10549,Teleostei,Perciformes/Uranoscopoidei,Uranoscopidae,"Uranoscopus cognatus Cantor, 1849",EXACT,99,2394365,
Uranoscopus oligolepis,8303,Teleostei,Perciformes/Uranoscopoidei,Uranoscopidae,"Uranoscopus oligolepis Bleeker, 1878",EXACT,99,2394375,
Vaillantella euepiptera,22999,Teleostei,Cypriniformes,Vaillantellidae,"Vaillantella euepiptera (Vaillant, 1902)",EXACT,99,2358665,
Vaillantella maassi,23000,Teleostei,Cypriniformes,Vaillantellidae,"Vaillantella maassi Weber & de Beaufort, 1912",EXACT,99,2358663,
Ctenopharyngodon idella,79,Teleostei,Cypriniformes,Xenocyprididae,"Ctenopharyngodon idella (Valenciennes, 1844)",EXACT,99,2362030,
Hypophthalmichthys molitrix,274,Teleostei,Cypriniformes,Xenocyprididae,"Hypophthalmichthys molitrix (Valenciennes, 1844)",EXACT,99,2362473,
Hypophthalmichthys nobilis,275,Teleostei,Cypriniformes,Xenocyprididae,"Hypophthalmichthys nobilis (Richardson, 1845)",EXACT,99,2362486,
Macrochirichthys macrochirus,4949,Teleostei,Cypriniformes,Xenocyprididae,"Macrochirichthys macrochirus (Valenciennes, 1844)",EXACT,99,2365904,
Mylopharyngodon piceus,4602,Teleostei,Cypriniformes,Xenocyprididae,"Mylopharyngodon piceus (Richardson, 1846)",EXACT,99,2362110,
Oxygaster anomalura,17449,Teleostei,Cypriniformes,Xenocyprididae,"Oxygaster anomalura Van Hasselt, 1823",EXACT,99,2362101,
Parachela hypophthalmus,17450,Teleostei,Cypriniformes,Xenocyprididae,"Parachela hypophthalmus (Bleeker, 1860)",EXACT,99,5206710,
Parachela maculicauda,27042,Teleostei,Cypriniformes,Xenocyprididae,"Parachela maculicauda (Smith, 1934)",EXACT,99,5206707,
Parachela oxygastroides,4947,Teleostei,Cypriniformes,Xenocyprididae,"Parachela oxygastroides (Bleeker, 1852)",EXACT,99,5206708,
Paralaubuca typus,27025,Teleostei,Cypriniformes,Xenocyprididae,"Paralaubuca typus Bleeker, 1864",EXACT,99,2362382,
Rasborichthys helfrichii,22646,Teleostei,Cypriniformes,Xenocyprididae,"Rasborichthys helfrichii (Bleeker, 1856)",EXACT,99,2367529,
Xiphias gladius,226,Teleostei,Carangiformes,Xiphiidae,"Xiphias gladius Linnaeus, 1758",EXACT,99,2397850,
Zeus faber,1370,Teleostei,Zeiformes,Zeidae,"Zeus faber Linnaeus, 1758",EXACT,99,7744449,
Dermogenys bispina,61565,Teleostei,Beloniformes,Zenarchopteridae,"Dermogenys bispina Meisner & Collette, 1998",EXACT,99,2368995,
Dermogenys collettei,61568,Teleostei,Beloniformes,Zenarchopteridae,"Dermogenys collettei Meisner, 2001",EXACT,99,2368991,
Dermogenys pusilla,11298,Teleostei,Beloniformes,Zenarchopteridae,"Dermogenys pusilla Kuhl & van Hasselt, 1823",EXACT,99,2368988,
Hemirhamphodon byssus,67144,Teleostei,Beloniformes,Zenarchopteridae,"Hemirhamphodon byssus Tan & Lim, 2013",EXACT,99,7604200,
Hemirhamphodon kuekenthali,24747,Teleostei,Beloniformes,Zenarchopteridae,"Hemirhamphodon kuekenthali Steindachner, 1901",EXACT,99,2368764,
Hemirhamphodon pogonognathus,15900,Teleostei,Beloniformes,Zenarchopteridae,"Hemirhamphodon pogonognathus (Bleeker, 1853)",EXACT,99,2368761,
Zenarchopterus buffonis,17041,Teleostei,Beloniformes,Zenarchopteridae,"Zenarchopterus buffonis (Valenciennes, 1847)",EXACT,99,2368784,
Zenarchopterus dispar,9648,Teleostei,Beloniformes,Zenarchopteridae,"Zenarchopterus dispar (Valenciennes, 1847)",EXACT,99,2368774,
Zenarchopterus ectuntio,24760,Teleostei,Beloniformes,Zenarchopteridae,"Zenarchopterus ectuntio (Hamilton, 1822)",EXACT,99,2368796,
Zenarchopterus gilli,17112,Teleostei,Beloniformes,Zenarchopteridae,"Zenarchopterus gilli Smith, 1945",EXACT,99,2368778,
Zenarchopterus striga,25052,Teleostei,Beloniformes,Zenarchopteridae,"Zenarchopterus striga (Blyth, 1858)",EXACT,99,2368815,
